id_rs,decisao_final,decidido_por,criterio_falhou,divergente,revisado_humano
RS0388,incerto,consenso,,0,0
RS0510,excluir,consenso,C2,0,0
RS0656,excluir,humano,C2,0,1
RS0845,incerto,consenso,,0,0
RS1015,excluir,consenso,C1,0,0
RS1085,excluir,consenso,C3,0,0
RS1218,excluir,consenso,C2,0,0
RS1219,excluir,consenso,C3,0,0
RS1220,incerto,regra_liberal,,1,0
RS1221,excluir,consenso,C1,0,0
RS1222,incerto,consenso,,0,0
RS1223,excluir,consenso,C2,0,0
RS1224,excluir,consenso,C2,0,0
RS1225,excluir,consenso,C5,0,0
RS1226,incerto,humano,,0,1
RS1227,excluir,consenso,C2,0,0
RS1228,excluir,consenso,C2,0,0
RS1229,excluir,consenso,C2,0,0
RS1230,excluir,consenso,C2,0,0
RS1231,excluir,consenso,C2,0,0
RS1232,incerto,humano,,0,1
RS1233,excluir,consenso,C2,0,0
RS1234,excluir,consenso,C2,0,0
RS1235,excluir,consenso,C2,0,0
RS1236,excluir,consenso,C2,0,0
RS1237,excluir,consenso,C2,0,0
RS1238,excluir,consenso,C2,0,0
RS1239,excluir,consenso,C2,0,0
RS1240,excluir,consenso,C2,0,0
RS1241,excluir,consenso,C2,0,0
RS1242,excluir,consenso,C2,0,0
RS1243,excluir,consenso,C1|C2,0,0
RS1244,excluir,consenso,C5,0,0
RS1245,excluir,consenso,C4,0,0
RS1246,excluir,consenso,C1,0,0
RS1247,excluir,consenso,C2,0,0
RS1248,excluir,consenso,C2,0,0
RS1249,excluir,consenso,C2,0,0
RS1250,excluir,consenso,C1|C2,0,0
RS1251,excluir,consenso,C2,0,0
RS1252,excluir,consenso,C2,0,0
RS1254,incerto,consenso,,0,0
RS1255,excluir,consenso,C2,0,0
RS1256,excluir,consenso,C2,0,0
RS1257,excluir,consenso,C1,0,0
RS1258,excluir,consenso,C2,0,0
RS1259,excluir,consenso,C2,0,0
RS1260,excluir,consenso,C2,0,0
RS1261,excluir,consenso,C2,0,0
RS1262,excluir,consenso,C2,0,0
RS1263,excluir,consenso,C1,0,0
RS1264,excluir,consenso,C1,0,0
RS1265,excluir,consenso,C1,0,0
RS1266,excluir,consenso,C1,0,0
RS1267,excluir,consenso,C1,0,0
RS1268,excluir,consenso,C4,0,0
RS1269,excluir,consenso,C2,0,0
RS1270,excluir,consenso,C2,0,0
RS1271,excluir,consenso,C1|C2,0,0
RS1272,excluir,consenso,C1,0,0
RS1273,excluir,consenso,C1,0,0
RS1274,excluir,consenso,C2,0,0
RS1275,excluir,consenso,C1|C2,0,0
RS1276,excluir,consenso,C1,0,0
RS1277,excluir,consenso,C1,0,0
RS1278,excluir,consenso,C4|C2,0,0
RS1279,excluir,consenso,C1,0,0
RS1280,excluir,consenso,C1|C2,0,0
RS1281,excluir,consenso,C2,0,0
RS1282,excluir,consenso,C2,0,0
RS1283,excluir,consenso,C2|C1,0,0
RS1284,excluir,consenso,C2,0,0
RS1285,excluir,consenso,C2,0,0
RS1286,excluir,consenso,C1,0,0
RS1287,excluir,consenso,C1|C2,0,0
RS1288,excluir,consenso,C2,0,0
RS1289,excluir,consenso,C2,0,0
RS1290,excluir,consenso,C2,0,0
RS1291,excluir,consenso,C2,0,0
RS1292,excluir,consenso,C2,0,0
RS1293,excluir,consenso,C2,0,0
RS1294,excluir,consenso,C2,0,0
RS1295,excluir,consenso,C2,0,0
RS1296,excluir,consenso,C1|C2,0,0
RS1297,excluir,consenso,C2,0,0
RS1298,excluir,consenso,C2,0,0
RS1299,excluir,consenso,C1,0,0
RS1300,excluir,consenso,C3,0,0
RS1301,excluir,consenso,C1,0,0
RS1303,excluir,consenso,C2,0,0
RS1304,excluir,consenso,C1,0,0
RS1305,excluir,consenso,C1,0,0
RS1306,excluir,consenso,C1,0,0
RS1307,excluir,consenso,C2,0,0
RS1308,excluir,consenso,C1|C2,0,0
RS1309,excluir,consenso,C2,0,0
RS1310,excluir,consenso,C1,0,0
RS1311,excluir,consenso,C1,0,0
RS1312,excluir,consenso,C2|C1,0,0
RS1313,excluir,consenso,C1,0,0
RS1314,excluir,consenso,C1,0,0
RS1315,excluir,consenso,C2,0,0
RS1316,excluir,consenso,C1,0,0
RS1317,excluir,consenso,C1,0,0
RS1318,excluir,consenso,C1,0,0
RS1319,excluir,consenso,C1,0,0
RS1320,excluir,consenso,C1,0,0
RS1321,excluir,consenso,C1,0,0
RS1322,excluir,consenso,C1,0,0
RS1323,excluir,consenso,C1,0,0
RS1324,excluir,consenso,C1,0,0
RS1325,excluir,consenso,C1,0,0
RS1326,excluir,consenso,C1|C2,0,0
RS1327,excluir,consenso,C1,0,0
RS1328,excluir,consenso,C1,0,0
RS1329,excluir,consenso,C1,0,0
RS1330,excluir,consenso,C1,0,0
RS1332,excluir,consenso,C5,0,0
RS1333,excluir,consenso,C4,0,0
RS1334,excluir,consenso,C2,0,0
RS1335,incerto,regra_liberal,,1,0
RS1336,incerto,consenso,,0,0
RS1337,excluir,consenso,C5|C2,0,0
RS1338,excluir,consenso,C2,0,0
RS1339,excluir,consenso,C2,0,0
RS1340,incerto,consenso,,0,0
RS1341,excluir,consenso,C4,0,0
RS1342,excluir,consenso,C1|C2,0,0
RS1343,excluir,consenso,C2,0,0
RS1344,excluir,consenso,C2,0,0
RS1345,excluir,consenso,C2,0,0
RS1346,incerto,consenso,,0,0
RS1347,excluir,consenso,C2,0,0
RS1348,excluir,consenso,C4,0,0
RS1349,excluir,consenso,C4,0,0
RS1350,excluir,consenso,C5,0,0
RS1352,excluir,consenso,C2,0,0
RS1353,incerto,humano,,0,1
RS1354,excluir,consenso,C2,0,0
RS1356,excluir,consenso,C2,0,0
RS1357,excluir,consenso,C2,0,0
RS1358,excluir,consenso,C2,0,0
RS1359,excluir,consenso,C2,0,0
RS1360,excluir,consenso,C2,0,0
RS1362,excluir,consenso,C2,0,0
RS1363,excluir,consenso,C5|C4,0,0
RS1364,excluir,consenso,C2,0,0
RS1365,excluir,consenso,C2,0,0
RS1366,excluir,consenso,C2,0,0
RS1367,excluir,consenso,C2,0,0
RS1368,excluir,consenso,C2,0,0
RS1369,excluir,consenso,C2,0,0
RS1370,excluir,consenso,C2,0,0
RS1371,excluir,consenso,C2,0,0
RS1372,excluir,consenso,C2,0,0
RS1373,excluir,consenso,C2,0,0
RS1374,excluir,consenso,C5,0,0
RS1375,excluir,consenso,C2,0,0
RS1377,excluir,consenso,C2,0,0
RS1378,excluir,consenso,C2,0,0
RS1379,excluir,consenso,C2,0,0
RS1380,excluir,consenso,C2,0,0
RS1381,incerto,regra_liberal,,1,0
RS1382,excluir,consenso,C2,0,0
RS1383,excluir,consenso,C5|C2,0,0
RS1384,incerto,regra_liberal,,1,0
RS1385,excluir,consenso,C2,0,0
RS1386,excluir,consenso,C2,0,0
RS1387,excluir,consenso,C2,0,0
RS1388,excluir,consenso,C4,0,0
RS1389,incerto,regra_liberal,,1,0
RS1390,excluir,consenso,C5,0,0
RS1391,excluir,consenso,C2,0,0
RS1392,excluir,consenso,C2,0,0
RS1393,excluir,consenso,C2,0,0
RS1394,excluir,consenso,C2,0,0
RS1395,excluir,consenso,C2,0,0
RS1396,excluir,consenso,C5|C2,0,0
RS1397,excluir,consenso,C2,0,0
RS1398,excluir,consenso,C2,0,0
RS1399,excluir,consenso,C2,0,0
RS1400,excluir,consenso,C2,0,0
RS1401,excluir,consenso,C1,0,0
RS1402,excluir,consenso,C2,0,0
RS1403,excluir,consenso,C2,0,0
RS1404,excluir,consenso,C2,0,0
RS1405,excluir,consenso,C5|C2,0,0
RS1406,incerto,regra_liberal,,1,0
RS1407,excluir,consenso,C5|C2,0,0
RS1408,excluir,consenso,C2,0,0
RS1409,excluir,consenso,C2,0,0
RS1410,incerto,regra_liberal,,1,0
RS1411,excluir,consenso,C2,0,0
RS1412,excluir,consenso,C2,0,0
RS1413,excluir,consenso,C5|C2,0,0
RS1414,excluir,consenso,C2,0,0
RS1415,incerto,regra_liberal,,1,0
RS1416,incerto,regra_liberal,,1,0
RS1417,excluir,consenso,C2,0,0
RS1418,excluir,consenso,C2,0,0
RS1419,excluir,consenso,C5|C2,0,0
RS1420,incerto,regra_liberal,,1,0
RS1421,incerto,regra_liberal,,1,0
RS1422,excluir,consenso,C2,0,0
RS1423,excluir,consenso,C2,0,0
RS1424,excluir,consenso,C2,0,0
RS1425,excluir,consenso,C2,0,0
RS1426,excluir,consenso,C2,0,0
RS1427,excluir,consenso,C2,0,0
RS1428,incerto,regra_liberal,,1,0
RS1429,incerto,regra_liberal,,1,0
RS1430,excluir,consenso,C2,0,0
RS1431,incerto,consenso,,0,0
RS1432,excluir,consenso,C5|C2,0,0
RS1433,excluir,consenso,C2,0,0
RS1434,excluir,consenso,C2,0,0
RS1435,excluir,consenso,C2,0,0
RS1436,excluir,consenso,C2,0,0
RS1437,excluir,consenso,C5|C2,0,0
RS1438,incerto,regra_liberal,,1,0
RS1439,excluir,consenso,C5|C2,0,0
RS1440,excluir,consenso,C2,0,0
RS1441,excluir,consenso,C2,0,0
RS1442,incerto,regra_liberal,,1,0
RS1443,incerto,regra_liberal,,1,0
RS1444,excluir,consenso,C2,0,0
RS1445,excluir,consenso,C2,0,0
RS1446,excluir,consenso,C5|C2,0,0
RS1447,excluir,consenso,C2,0,0
RS1448,excluir,consenso,C2,0,0
RS1449,excluir,consenso,C2,0,0
RS1450,excluir,consenso,C5|C2,0,0
RS1451,excluir,consenso,C2|C1,0,0
RS1452,excluir,consenso,C2,0,0
RS1453,excluir,consenso,C2,0,0
RS1454,excluir,consenso,C2,0,0
RS1455,excluir,consenso,C1,0,0
RS1456,excluir,consenso,C1,0,0
RS1457,excluir,consenso,C2,0,0
RS1461,excluir,consenso,C2,0,0
RS1462,excluir,consenso,C2,0,0
RS1463,excluir,consenso,C2,0,0
RS1464,excluir,consenso,C2,0,0
RS1466,excluir,consenso,C1|C2,0,0
RS1467,incerto,consenso,,0,0
RS1469,incerto,consenso,,0,0
RS1471,incerto,regra_liberal,,1,0
RS1473,incerto,regra_liberal,,1,0
RS1474,excluir,consenso,C2,0,0
RS1475,excluir,consenso,C2,0,0
RS1476,excluir,consenso,C5|C4,0,0
RS1480,excluir,consenso,C2,0,0
RS1481,excluir,consenso,C2,0,0
RS1482,excluir,consenso,C3|C2,0,0
RS1483,excluir,consenso,C1,0,0
RS1484,excluir,consenso,C2|C1,0,0
RS1485,excluir,consenso,C2,0,0
RS1486,incerto,consenso,,0,0
RS1487,excluir,consenso,C2|C1,0,0
RS1488,excluir,consenso,C2,0,0
RS1489,excluir,consenso,C1|C2,0,0
RS1490,excluir,consenso,C1,0,0
RS1491,excluir,consenso,C2,0,0
RS1493,excluir,consenso,C2,0,0
RS1494,excluir,consenso,C1|C2,0,0
RS1495,excluir,consenso,C2,0,0
RS1496,incerto,regra_liberal,,1,0
RS1497,excluir,consenso,C2,0,0
RS1498,excluir,consenso,C2,0,0
RS1499,excluir,consenso,C2,0,0
RS1500,excluir,consenso,C2,0,0
RS1501,excluir,consenso,C2,0,0
RS1502,excluir,consenso,C1,0,0
RS1503,excluir,consenso,C1,0,0
RS1504,excluir,consenso,C1,0,0
RS1505,excluir,consenso,C2,0,0
RS1506,excluir,consenso,C2,0,0
RS1507,excluir,consenso,C1|C2,0,0
RS1508,incerto,regra_liberal,,1,0
RS1509,excluir,consenso,C2,0,0
RS1510,excluir,consenso,C1|C2,0,0
RS1511,excluir,consenso,C1,0,0
RS1512,excluir,consenso,C1|C2,0,0
RS1513,excluir,consenso,C2,0,0
RS1514,excluir,consenso,C1,0,0
RS1515,excluir,consenso,C2,0,0
RS1516,excluir,consenso,C2,0,0
RS1517,excluir,consenso,C1,0,0
RS1518,excluir,consenso,C1|C2,0,0
RS1519,excluir,consenso,C1,0,0
RS1520,excluir,consenso,C2,0,0
RS1521,excluir,consenso,C2,0,0
RS1522,incluir,consenso,,0,0
RS1523,incluir,consenso,,0,0
RS1524,incluir,consenso,,0,0
RS1525,incluir,consenso,,0,0
RS1526,incerto,consenso,,0,0
RS1527,incluir,consenso,,0,0
RS1528,incluir,consenso,,0,0
RS1529,incluir,consenso,,0,0
RS1531,excluir,consenso,C1,0,0
RS1532,incerto,consenso,,0,0
RS1533,excluir,consenso,C1,0,0
RS1534,incluir,consenso,,0,0
RS1535,incluir,consenso,,0,0
RS1536,incluir,consenso,,0,0
RS1537,incluir,consenso,,0,0
RS1538,incluir,consenso,,0,0
RS1539,excluir,consenso,C2,0,0
RS1541,incerto,regra_liberal,,1,0
RS1542,excluir,consenso,C2,0,0
RS1544,incluir,consenso,,0,0
RS1545,incerto,regra_liberal,,1,0
RS1546,incluir,consenso,,0,0
RS1547,incerto,consenso,,0,0
RS1548,incluir,consenso,,0,0
RS1549,excluir,consenso,C5|C4,0,0
RS1551,incerto,consenso,,0,0
RS1553,incluir,consenso,,0,0
RS1554,excluir,consenso,C2,0,0
RS1556,incluir,consenso,,0,0
RS1557,excluir,humano,C2,0,1
RS1558,excluir,consenso,C2,0,0
RS1559,incerto,consenso,,0,0
RS1560,excluir,consenso,C4,0,0
RS1561,excluir,consenso,C2,0,0
RS1562,excluir,consenso,C2,0,0
RS1563,incluir,consenso,,0,0
RS1564,excluir,consenso,C5,0,0
RS1565,incerto,humano,,0,1
RS1566,excluir,consenso,C2,0,0
RS1567,excluir,consenso,C3|C2,0,0
RS1568,excluir,consenso,C2,0,0
RS1569,excluir,humano,C2,0,1
RS1570,excluir,humano,C4,0,1
RS1571,excluir,consenso,C2,0,0
RS1572,excluir,humano,C2,0,1
RS1573,incerto,regra_liberal,,1,0
RS1574,incluir,consenso,,0,0
RS1575,incluir,consenso,,0,0
RS1576,excluir,humano,C2,0,1
RS1577,incerto,consenso,,0,0
RS1578,excluir,consenso,C2,0,0
RS1579,incerto,consenso,,0,0
RS1580,incerto,consenso,,0,0
RS1581,excluir,consenso,C2,0,0
RS1582,excluir,consenso,C2,0,0
RS1583,excluir,consenso,C2,0,0
RS1584,excluir,consenso,C2,0,0
RS1585,incerto,regra_liberal,,1,0
RS1586,excluir,consenso,C2,0,0
RS1587,incluir,consenso,,0,0
RS1589,incluir,consenso,,0,0
RS1590,excluir,consenso,C2,0,0
RS1591,incluir,consenso,,0,0
RS1592,excluir,consenso,C2,0,0
RS1593,excluir,consenso,C2,0,0
RS1594,excluir,consenso,C4,0,0
RS1595,excluir,humano,C2,0,1
RS1596,incluir,consenso,,0,0
RS1597,excluir,humano,C1,0,1
RS1598,excluir,consenso,C4,0,0
RS1599,excluir,consenso,C2,0,0
RS1600,incerto,humano,,0,1
RS1601,incluir,consenso,,0,0
RS1602,excluir,consenso,C5|C4,0,0
RS1604,excluir,consenso,C2,0,0
RS1605,excluir,consenso,C2,0,0
RS1606,excluir,consenso,C2,0,0
RS1607,excluir,consenso,C4,0,0
RS1608,excluir,consenso,C5|C4,0,0
RS1609,excluir,consenso,C2,0,0
RS1610,incerto,consenso,,0,0
RS1611,incluir,consenso,,0,0
RS1612,excluir,consenso,C1,0,0
RS1613,incluir,consenso,,0,0
RS1614,excluir,consenso,C2,0,0
RS1615,excluir,consenso,C2,0,0
RS1616,excluir,consenso,C2,0,0
RS1617,incerto,regra_liberal,,1,0
RS1618,excluir,consenso,C2,0,0
RS1619,incluir,consenso,,0,0
RS1620,incerto,humano,,0,1
RS1621,incluir,consenso,,0,0
RS1622,incluir,consenso,,0,0
RS1623,excluir,consenso,C2,0,0
RS1625,incerto,consenso,,0,0
RS1627,incluir,consenso,,0,0
RS1628,excluir,consenso,C2,0,0
RS1629,excluir,consenso,C2,0,0
RS1630,excluir,consenso,C2,0,0
RS1631,incluir,consenso,,0,0
RS1632,excluir,consenso,C1|C2,0,0
RS1633,excluir,consenso,C2,0,0
RS1634,excluir,consenso,C2,0,0
RS1636,excluir,consenso,C1,0,0
RS1637,incluir,consenso,,0,0
RS1638,excluir,humano,C2,0,1
RS1639,incerto,regra_liberal,,1,0
RS1640,excluir,consenso,C2,0,0
RS1641,excluir,humano,C2,0,1
RS1642,incerto,consenso,,0,0
RS1643,excluir,consenso,C2,0,0
RS1644,excluir,consenso,C2,0,0
RS1645,excluir,consenso,C2,0,0
RS1646,incluir,consenso,,0,0
RS1647,excluir,consenso,C4,0,0
RS1648,excluir,humano,C2,0,1
RS1649,excluir,consenso,C3|C2,0,0
RS1650,excluir,consenso,C3,0,0
RS1651,excluir,consenso,C4,0,0
RS1652,incluir,consenso,,0,0
RS1653,excluir,consenso,C2,0,0
RS1654,incerto,humano,,0,1
RS1656,excluir,consenso,C3,0,0
RS1657,excluir,consenso,C2,0,0
RS1658,excluir,consenso,C2,0,0
RS1659,excluir,consenso,C5,0,0
RS1660,excluir,consenso,C2,0,0
RS1661,incluir,consenso,,0,0
RS1662,excluir,consenso,C2,0,0
RS1663,excluir,consenso,C2,0,0
RS1664,excluir,humano,C2,0,1
RS1665,incerto,humano,,0,1
RS1666,incerto,consenso,,0,0
RS1667,incerto,consenso,,0,0
RS1668,excluir,consenso,C3,0,0
RS1669,excluir,consenso,C2,0,0
RS1670,incerto,consenso,,0,0
RS1671,excluir,consenso,C2,0,0
RS1672,excluir,consenso,C2,0,0
RS1673,excluir,consenso,C2,0,0
RS1674,excluir,consenso,C2,0,0
RS1675,excluir,consenso,C2,0,0
RS1676,excluir,consenso,C2,0,0
RS1677,excluir,consenso,C2,0,0
RS1678,excluir,consenso,C2,0,0
RS1679,excluir,consenso,C2|C4,0,0
RS1680,excluir,consenso,C2,0,0
RS1681,excluir,consenso,C2,0,0
RS1682,excluir,consenso,C2,0,0
RS1683,excluir,humano,C2,0,1
RS1684,incerto,humano,,0,1
RS1685,excluir,consenso,C2,0,0
RS1687,excluir,consenso,C2,0,0
RS1688,incerto,consenso,,0,0
RS1689,incerto,consenso,,0,0
RS1690,excluir,consenso,C2,0,0
RS1691,excluir,consenso,C1,0,0
RS1692,excluir,consenso,C1|C2,0,0
RS1693,excluir,consenso,C2,0,0
RS1694,incluir,consenso,,0,0
RS1695,excluir,humano,C2,0,1
RS1696,excluir,consenso,C1,0,0
RS1697,excluir,humano,C2,0,1
RS1698,excluir,consenso,C5,0,0
RS1699,excluir,humano,C2,0,1
RS1700,excluir,humano,C2,0,1
RS1701,incerto,consenso,,0,0
RS1702,excluir,consenso,C2,0,0
RS1703,excluir,humano,C4,0,1
RS1704,excluir,consenso,C2,0,0
RS1705,incluir,consenso,,0,0
RS1706,excluir,consenso,C5|C2,0,0
RS1707,incerto,regra_liberal,,1,0
RS1708,excluir,consenso,C2,0,0
RS1709,excluir,consenso,C2,0,0
RS1710,excluir,consenso,C1|C2,0,0
RS1711,excluir,consenso,C2,0,0
RS1712,excluir,consenso,C2,0,0
RS1713,incerto,humano,,0,1
RS1714,excluir,consenso,C2,0,0
RS1715,excluir,consenso,C2,0,0
RS1716,excluir,consenso,C1,0,0
RS1717,excluir,consenso,C2,0,0
RS1718,incerto,humano,,0,1
RS1719,incerto,consenso,,0,0
RS1722,excluir,consenso,C2,0,0
RS1723,excluir,consenso,C2,0,0
RS1725,excluir,humano,C2,0,1
RS1726,excluir,humano,C2,0,1
RS1727,excluir,humano,C2,0,1
RS1728,excluir,consenso,C2,0,0
RS1729,excluir,consenso,C2,0,0
RS1730,excluir,consenso,C1,0,0
RS1731,excluir,consenso,C2,0,0
RS1734,excluir,consenso,C3|C2,0,0
RS1735,excluir,consenso,C2,0,0
RS1736,excluir,consenso,C5,0,0
RS1737,excluir,consenso,C5|C4,0,0
RS1738,excluir,consenso,C2|C3,0,0
RS1739,excluir,consenso,C3,0,0
RS1740,excluir,consenso,C1|C2,0,0
RS1742,excluir,consenso,C2,0,0
RS1743,excluir,consenso,C2,0,0
RS1744,incluir,consenso,,0,0
RS1745,excluir,consenso,C2,0,0
RS1746,excluir,consenso,C2,0,0
RS1748,excluir,consenso,C2,0,0
RS1749,excluir,consenso,C2,0,0
RS1750,excluir,consenso,C2,0,0
RS1751,excluir,humano,C2,0,1
RS1752,incluir,consenso,,0,0
RS1753,incerto,humano,,0,1
RS1754,excluir,consenso,C2,0,0
RS1755,incerto,humano,,0,1
RS1756,excluir,consenso,C5,0,0
RS1757,incerto,consenso,,0,0
RS1758,incerto,humano,,0,1
RS1759,excluir,consenso,C2,0,0
RS1760,excluir,consenso,C1,0,0
RS1763,excluir,consenso,C1,0,0
RS1764,excluir,consenso,C2,0,0
RS1765,excluir,consenso,C2,0,0
RS1766,excluir,consenso,C2,0,0
RS1767,excluir,consenso,C1,0,0
RS1770,incerto,humano,,0,1
RS1771,excluir,consenso,C2,0,0
RS1772,excluir,consenso,C2,0,0
RS1773,excluir,humano,C2,0,1
RS1775,excluir,consenso,C2,0,0
RS1776,excluir,consenso,C2,0,0
RS1777,excluir,consenso,C1,0,0
RS1778,excluir,humano,C1,0,1
RS1779,incerto,humano,,0,1
RS1780,incerto,consenso,,0,0
RS1781,excluir,consenso,C2,0,0
RS1782,excluir,consenso,C2,0,0
RS1783,excluir,consenso,C2,0,0
RS1784,excluir,consenso,C2,0,0
RS1785,excluir,consenso,C2,0,0
RS1786,excluir,humano,C2,0,1
RS1787,excluir,consenso,C2,0,0
RS1788,excluir,consenso,C2,0,0
RS1789,incluir,consenso,,0,0
RS1790,incluir,consenso,,0,0
RS1791,excluir,consenso,C2,0,0
RS1792,incerto,humano,,0,1
RS1793,excluir,consenso,C2,0,0
RS1794,excluir,consenso,C3,0,0
RS1795,excluir,consenso,C2,0,0
RS1796,excluir,consenso,C2,0,0
RS1797,incluir,consenso,,0,0
RS1798,excluir,consenso,C2,0,0
RS1799,incerto,consenso,,0,0
RS1800,incluir,consenso,,0,0
RS1801,incerto,humano,,0,1
RS1802,incluir,consenso,,0,0
RS1803,incluir,consenso,,0,0
RS1805,incluir,consenso,,0,0
RS1806,excluir,consenso,C2,0,0
RS1807,incerto,humano,,0,1
RS1808,excluir,consenso,C2,0,0
RS1809,incerto,humano,,0,1
RS1812,excluir,consenso,C2,0,0
RS1813,excluir,consenso,C2,0,0
RS1814,excluir,consenso,C2,0,0
RS1815,excluir,consenso,C2,0,0
RS1816,incerto,humano,,0,1
RS1817,excluir,consenso,C2,0,0
RS1819,incerto,humano,,0,1
RS1820,excluir,consenso,C2,0,0
RS1821,excluir,consenso,C2,0,0
RS1822,excluir,consenso,C2,0,0
RS1823,excluir,consenso,C2,0,0
RS1824,excluir,consenso,C2,0,0
RS1825,incerto,humano,,0,1
RS1826,excluir,consenso,C1,0,0
RS1827,excluir,consenso,C3,0,0
RS1828,excluir,consenso,C4,0,0
RS1830,excluir,consenso,C2,0,0
RS1831,excluir,consenso,C5,0,0
RS1832,incerto,consenso,,0,0
RS1833,excluir,consenso,C2,0,0
RS1834,excluir,consenso,C3,0,0
RS1835,excluir,consenso,C2,0,0
RS1836,excluir,consenso,C2,0,0
RS1837,excluir,consenso,C2,0,0
RS1838,excluir,consenso,C2,0,0
RS1839,excluir,consenso,C2,0,0
RS1840,excluir,consenso,C2,0,0
RS1841,excluir,consenso,C2,0,0
RS1842,excluir,consenso,C1,0,0
RS1843,incluir,consenso,,0,0
RS1845,excluir,consenso,C1,0,0
RS1846,excluir,consenso,C2,0,0
RS1847,incerto,humano,,0,1
RS1849,excluir,consenso,C2,0,0
RS1850,excluir,consenso,C2,0,0
RS1851,excluir,consenso,C2,0,0
RS1852,excluir,consenso,C2,0,0
RS1853,excluir,consenso,C2,0,0
RS1854,excluir,consenso,C2,0,0
RS1856,excluir,consenso,C2,0,0
RS1857,excluir,humano,C2,0,1
RS1858,excluir,consenso,C2,0,0
RS1859,excluir,consenso,C2,0,0
RS1860,incerto,consenso,,0,0
RS1861,excluir,consenso,C2,0,0
RS1863,incerto,humano,,0,1
RS1864,excluir,consenso,C2,0,0
RS1865,excluir,consenso,C2,0,0
RS1866,excluir,consenso,C2,0,0
RS1867,excluir,consenso,C2,0,0
RS1868,incerto,humano,,0,1
RS1869,incerto,regra_liberal,,1,0
RS1870,excluir,consenso,C1,0,0
RS1871,excluir,consenso,C2,0,0
RS1872,excluir,consenso,C3|C4,0,0
RS1873,incerto,humano,,0,1
RS1874,excluir,consenso,C2,0,0
RS1875,incerto,consenso,,0,0
RS1876,incluir,consenso,,0,0
RS1877,excluir,consenso,C4,0,0
RS1879,excluir,consenso,C2,0,0
RS1880,excluir,consenso,C2,0,0
RS1881,excluir,consenso,C2,0,0
RS1882,incerto,humano,,0,1
RS1883,excluir,consenso,C2,0,0
RS1884,incerto,consenso,,0,0
RS1885,incerto,regra_liberal,,1,0
RS1886,incerto,humano,,0,1
RS1887,incerto,consenso,,0,0
RS1888,excluir,consenso,C2,0,0
RS1889,excluir,consenso,C2|C1,0,0
RS1890,excluir,consenso,C2,0,0
RS1891,excluir,humano,C1,0,1
RS1892,excluir,humano,C1,0,1
RS1893,incerto,consenso,,0,0
RS1894,incerto,consenso,,0,0
RS1895,excluir,consenso,C2,0,0
RS1896,excluir,consenso,C2,0,0
RS1897,excluir,consenso,C1,0,0
RS1898,excluir,consenso,C2,0,0
RS1899,excluir,consenso,C2,0,0
RS1900,incerto,humano,,0,1
RS1901,incerto,consenso,,0,0
RS1902,excluir,consenso,C2,0,0
RS1903,excluir,consenso,C1,0,0
RS1904,excluir,consenso,C2,0,0
RS1905,excluir,humano,C2,0,1
RS1906,excluir,consenso,C2|C4,0,0
RS1907,excluir,consenso,C2,0,0
RS1908,excluir,consenso,C2,0,0
RS1909,excluir,consenso,C2,0,0
RS1910,excluir,consenso,C2,0,0
RS1911,excluir,consenso,C5|C2,0,0
RS1912,excluir,consenso,C2,0,0
RS1914,incerto,consenso,,0,0
RS1915,excluir,consenso,C2,0,0
RS1916,excluir,consenso,C2,0,0
RS1917,excluir,consenso,C5|C4,0,0
RS1918,incerto,consenso,,0,0
RS1919,incerto,humano,,0,1
RS1920,excluir,consenso,C2,0,0
RS1921,excluir,consenso,C1|C2,0,0
RS1922,excluir,consenso,C2,0,0
RS1923,incerto,consenso,,0,0
RS1924,excluir,consenso,C2,0,0
RS1925,excluir,consenso,C3|C1,0,0
RS1926,incerto,consenso,,0,0
RS1927,excluir,consenso,C2,0,0
RS1928,excluir,consenso,C2,0,0
RS1929,excluir,consenso,C2,0,0
RS1931,incluir,consenso,,0,0
RS1932,incerto,humano,,0,1
RS1933,incerto,humano,,0,1
RS1934,incerto,consenso,,0,0
RS1935,excluir,consenso,C2,0,0
RS1936,incerto,consenso,,0,0
RS1937,excluir,consenso,C2,0,0
RS1938,excluir,consenso,C2,0,0
RS1939,incerto,regra_liberal,,1,0
RS1940,excluir,consenso,C2,0,0
RS1941,excluir,humano,C2,0,1
RS1942,excluir,consenso,C5|C2,0,0
RS1943,excluir,consenso,C2,0,0
RS1945,incluir,consenso,,0,0
RS1946,excluir,humano,C2,0,1
RS1948,incluir,consenso,,0,0
RS1949,excluir,consenso,C2,0,0
RS1950,excluir,consenso,C2,0,0
RS1951,excluir,consenso,C2,0,0
RS1952,excluir,consenso,C2,0,0
RS1953,excluir,consenso,C3,0,0
RS1956,excluir,consenso,C2,0,0
RS1957,excluir,consenso,C2,0,0
RS1958,excluir,humano,C2,0,1
RS1959,incerto,consenso,,0,0
RS1960,excluir,consenso,C2,0,0
RS1961,incerto,humano,,0,1
RS1962,excluir,consenso,C2,0,0
RS1963,excluir,consenso,C5|C2,0,0
RS1964,excluir,consenso,C2,0,0
RS1965,excluir,consenso,C2,0,0
RS1966,excluir,consenso,C2,0,0
RS1967,excluir,consenso,C2,0,0
RS1968,excluir,humano,C2,0,1
RS1970,incerto,humano,,0,1
RS1971,excluir,consenso,C1,0,0
RS1972,excluir,consenso,C2,0,0
RS1974,excluir,consenso,C4|C2,0,0
RS1975,excluir,consenso,C2,0,0
RS1977,excluir,consenso,C2,0,0
RS1978,excluir,consenso,C2,0,0
RS1979,excluir,consenso,C2,0,0
RS1980,excluir,consenso,C2,0,0
RS1981,incerto,consenso,,0,0
RS1982,incerto,consenso,,0,0
RS1983,excluir,consenso,C2,0,0
RS1984,excluir,consenso,C2,0,0
RS1985,excluir,consenso,C2,0,0
RS1986,excluir,humano,C4,0,1
RS1987,excluir,consenso,C2,0,0
RS1988,excluir,consenso,C5|C2,0,0
RS1989,incluir,consenso,,0,0
RS1990,excluir,consenso,C2,0,0
RS1991,excluir,consenso,C2,0,0
RS1992,excluir,consenso,C2,0,0
RS1993,excluir,consenso,C2,0,0
RS1995,incerto,consenso,,0,0
RS1997,excluir,consenso,C2,0,0
RS1998,incerto,humano,,0,1
RS1999,excluir,consenso,C2,0,0
RS2000,excluir,consenso,C2,0,0
RS2001,excluir,consenso,C4,0,0
RS2002,excluir,consenso,C2,0,0
RS2003,excluir,consenso,C5|C4,0,0
RS2004,excluir,consenso,C1,0,0
RS2006,excluir,consenso,C2,0,0
RS2007,incerto,regra_liberal,,1,0
RS2008,excluir,consenso,C2,0,0
RS2010,excluir,consenso,C5|C4,0,0
RS2011,excluir,consenso,C2,0,0
RS2012,excluir,consenso,C2,0,0
RS2013,excluir,consenso,C2,0,0
RS2014,excluir,consenso,C5|C2,0,0
RS2015,excluir,consenso,C1|C2,0,0
RS2016,incerto,humano,,0,1
RS2017,excluir,consenso,C2,0,0
RS2018,excluir,consenso,C5|C2,0,0
RS2019,excluir,consenso,C2,0,0
RS2020,excluir,consenso,C1|C2,0,0
RS2021,excluir,consenso,C2,0,0
RS2022,excluir,consenso,C2,0,0
RS2023,excluir,consenso,C2,0,0
RS2024,excluir,consenso,C1,0,0
RS2025,incerto,humano,,0,1
RS2026,excluir,consenso,C2,0,0
RS2027,excluir,consenso,C2,0,0
RS2028,excluir,consenso,C2,0,0
RS2029,excluir,consenso,C2,0,0
RS2030,excluir,consenso,C1,0,0
RS2031,excluir,consenso,C2,0,0
RS2032,excluir,consenso,C2,0,0
RS2033,excluir,consenso,C1,0,0
RS2034,excluir,humano,C2,0,1
RS2035,excluir,consenso,C2,0,0
RS2036,excluir,consenso,C2,0,0
RS2037,excluir,consenso,C2,0,0
RS2038,incerto,humano,,0,1
RS2040,excluir,consenso,C2,0,0
RS2041,excluir,consenso,C2,0,0
RS2042,excluir,consenso,C2,0,0
RS2043,excluir,humano,C1,0,1
RS2044,excluir,consenso,C2,0,0
RS2045,excluir,consenso,C2,0,0
RS2046,incerto,consenso,,0,0
RS2047,excluir,consenso,C2,0,0
RS2048,excluir,consenso,C1,0,0
RS2049,excluir,consenso,C2,0,0
RS2050,excluir,consenso,C2,0,0
RS2051,excluir,consenso,C1,0,0
RS2053,incerto,regra_liberal,,1,0
RS2054,excluir,consenso,C1,0,0
RS2055,incerto,consenso,,0,0
RS2056,excluir,consenso,C2,0,0
RS2057,excluir,consenso,C2,0,0
RS2058,excluir,consenso,C2,0,0
RS2059,incerto,humano,,0,1
RS2060,excluir,consenso,C2,0,0
RS2061,excluir,consenso,C2,0,0
RS2062,excluir,consenso,C2,0,0
RS2063,excluir,consenso,C2,0,0
RS2064,excluir,consenso,C2,0,0
RS2065,excluir,consenso,C1,0,0
RS2066,excluir,consenso,C2,0,0
RS2067,excluir,consenso,C2,0,0
RS2068,excluir,consenso,C3,0,0
RS2069,excluir,consenso,C2,0,0
RS2070,excluir,consenso,C1,0,0
RS2071,excluir,consenso,C2,0,0
RS2072,excluir,consenso,C2,0,0
RS2073,incluir,consenso,,0,0
RS2074,excluir,consenso,C2,0,0
RS2075,excluir,consenso,C2,0,0
RS2076,excluir,consenso,C5|C2,0,0
RS2077,excluir,consenso,C2,0,0
RS2078,incerto,consenso,,0,0
RS2079,excluir,consenso,C2,0,0
RS2080,excluir,consenso,C2,0,0
RS2081,excluir,consenso,C2,0,0
RS2082,incerto,humano,,0,1
RS2083,excluir,consenso,C2,0,0
RS2084,excluir,consenso,C2,0,0
RS2085,incerto,consenso,,0,0
RS2086,excluir,consenso,C5|C2,0,0
RS2087,excluir,consenso,C2,0,0
RS2088,excluir,consenso,C2,0,0
RS2089,incerto,humano,,0,1
RS2090,excluir,consenso,C2,0,0
RS2091,excluir,consenso,C2,0,0
RS2092,excluir,consenso,C2,0,0
RS2093,excluir,consenso,C1|C2,0,0
RS2094,excluir,consenso,C1,0,0
RS2095,excluir,consenso,C2,0,0
RS2096,excluir,consenso,C2,0,0
RS2097,excluir,consenso,C2,0,0
RS2098,excluir,consenso,C2,0,0
RS2100,incerto,consenso,,0,0
RS2101,excluir,consenso,C2,0,0
RS2102,excluir,consenso,C1|C2,0,0
RS2105,excluir,consenso,C2,0,0
RS2106,excluir,consenso,C2,0,0
RS2107,incerto,consenso,,0,0
RS2108,excluir,consenso,C2,0,0
RS2109,excluir,consenso,C2,0,0
RS2110,excluir,consenso,C2,0,0
RS2111,excluir,consenso,C1,0,0
RS2112,excluir,consenso,C2,0,0
RS2114,excluir,consenso,C2,0,0
RS2115,excluir,consenso,C2,0,0
RS2116,excluir,consenso,C2,0,0
RS2117,excluir,consenso,C2,0,0
RS2118,excluir,consenso,C2,0,0
RS2119,excluir,consenso,C2,0,0
RS2120,excluir,consenso,C2,0,0
RS2121,excluir,consenso,C2,0,0
RS2122,excluir,consenso,C4|C2,0,0
RS2123,excluir,consenso,C1|C2,0,0
RS2124,excluir,consenso,C2,0,0
RS2125,excluir,consenso,C2,0,0
RS2126,incerto,consenso,,0,0
RS2127,excluir,consenso,C1|C2,0,0
RS2128,incerto,humano,,0,1
RS2129,excluir,consenso,C2,0,0
RS2130,excluir,consenso,C1,0,0
RS2131,incerto,consenso,,0,0
RS2132,excluir,consenso,C2,0,0
RS2135,excluir,consenso,C3,0,0
RS2136,excluir,consenso,C2,0,0
RS2137,excluir,consenso,C2,0,0
RS2138,excluir,consenso,C2,0,0
RS2139,excluir,consenso,C2,0,0
RS2140,excluir,consenso,C2,0,0
RS2141,excluir,consenso,C2,0,0
RS2144,incerto,consenso,,0,0
RS2145,excluir,consenso,C2,0,0
RS2146,excluir,consenso,C2|C4,0,0
RS2147,excluir,consenso,C2,0,0
RS2148,excluir,consenso,C2|C4,0,0
RS2149,incluir,consenso,,0,0
RS2150,excluir,consenso,C2,0,0
RS2151,excluir,consenso,C2,0,0
RS2152,excluir,consenso,C2,0,0
RS2153,excluir,consenso,C2,0,0
RS2155,excluir,consenso,C2,0,0
RS2156,incerto,consenso,,0,0
RS2158,incerto,regra_liberal,,1,0
RS2160,excluir,consenso,C2,0,0
RS2161,excluir,consenso,C2,0,0
RS2162,excluir,consenso,C2,0,0
RS2163,excluir,consenso,C2,0,0
RS2164,excluir,consenso,C2,0,0
RS2165,excluir,consenso,C2,0,0
RS2166,excluir,consenso,C2,0,0
RS2167,excluir,consenso,C2,0,0
RS2168,excluir,consenso,C2,0,0
RS2169,incerto,humano,,0,1
RS2170,incerto,regra_liberal,,1,0
RS2171,excluir,consenso,C1,0,0
RS2174,excluir,consenso,C2,0,0
RS2175,excluir,consenso,C1|C2,0,0
RS2176,excluir,consenso,C2|C1,0,0
RS2177,excluir,consenso,C2,0,0
RS2178,excluir,consenso,C2,0,0
RS2179,excluir,consenso,C2,0,0
RS2180,excluir,consenso,C1|C2,0,0
RS2181,excluir,consenso,C2,0,0
RS2182,excluir,consenso,C1,0,0
RS2183,incerto,humano,,0,1
RS2184,excluir,consenso,C2,0,0
RS2185,excluir,consenso,C2,0,0
RS2187,excluir,consenso,C1,0,0
RS2188,excluir,consenso,C2,0,0
RS2189,excluir,consenso,C2,0,0
RS2190,excluir,consenso,C1,0,0
RS2192,excluir,consenso,C1,0,0
RS2193,excluir,consenso,C1,0,0
RS2194,excluir,humano,C2,0,1
RS2195,excluir,consenso,C2,0,0
RS2196,excluir,consenso,C2,0,0
RS2197,excluir,consenso,C1,0,0
RS2198,excluir,consenso,C2,0,0
RS2199,excluir,consenso,C2,0,0
RS2200,incerto,humano,,0,1
RS2201,excluir,consenso,C2,0,0
RS2202,incerto,humano,,0,1
RS2203,excluir,consenso,C2,0,0
RS2204,incerto,consenso,,0,0
RS2205,excluir,consenso,C4|C2,0,0
RS2206,excluir,consenso,C2,0,0
RS2207,excluir,consenso,C2,0,0
RS2208,excluir,consenso,C1,0,0
RS2209,incerto,consenso,,0,0
RS2210,excluir,consenso,C1,0,0
RS2211,incerto,consenso,,0,0
RS2212,incluir,consenso,,0,0
RS2213,excluir,consenso,C2,0,0
RS2214,excluir,consenso,C1,0,0
RS2215,excluir,consenso,C2,0,0
RS2216,excluir,consenso,C2,0,0
RS2217,excluir,consenso,C2,0,0
RS2218,excluir,consenso,C1,0,0
RS2219,excluir,consenso,C1,0,0
RS2221,excluir,consenso,C3,0,0
RS2222,excluir,consenso,C2,0,0
RS2224,incluir,consenso,,0,0
RS2225,excluir,consenso,C2,0,0
RS2226,excluir,consenso,C2,0,0
RS2227,excluir,consenso,C2,0,0
RS2228,excluir,consenso,C1,0,0
RS2229,excluir,consenso,C1,0,0
RS2230,excluir,consenso,C2,0,0
RS2231,incerto,humano,,0,1
RS2232,excluir,consenso,C2,0,0
RS2233,excluir,consenso,C2,0,0
RS2235,excluir,consenso,C2,0,0
RS2236,excluir,consenso,C2,0,0
RS2237,excluir,consenso,C3,0,0
RS2238,excluir,consenso,C2,0,0
RS2239,excluir,consenso,C2,0,0
RS2240,incluir,consenso,,0,0
RS2241,excluir,consenso,C4,0,0
RS2242,incluir,consenso,,0,0
RS2243,excluir,consenso,C1,0,0
RS2244,excluir,consenso,C2,0,0
RS2245,incerto,humano,,0,1
RS2246,excluir,consenso,C2,0,0
RS2247,incluir,consenso,,0,0
RS2248,excluir,humano,C2,0,1
RS2249,incerto,consenso,,0,0
RS2250,excluir,consenso,C1,0,0
RS2251,excluir,consenso,C2,0,0
RS2252,incerto,humano,,0,1
RS2253,excluir,consenso,C1,0,0
RS2254,excluir,consenso,C2,0,0
RS2255,excluir,consenso,C2,0,0
RS2256,excluir,consenso,C2,0,0
RS2257,excluir,consenso,C1,0,0
RS2258,excluir,consenso,C1|C2,0,0
RS2259,excluir,consenso,C1|C2,0,0
RS2260,excluir,consenso,C2,0,0
RS2261,excluir,consenso,C2,0,0
RS2262,excluir,consenso,C2,0,0
RS2263,excluir,consenso,C1,0,0
RS2264,excluir,consenso,C1,0,0
RS2265,excluir,humano,C2,0,1
RS2266,excluir,consenso,C2,0,0
RS2267,excluir,consenso,C1,0,0
RS2268,excluir,consenso,C2,0,0
RS2269,excluir,consenso,C2,0,0
RS2271,excluir,consenso,C2,0,0
RS2272,excluir,consenso,C1,0,0
RS2273,excluir,consenso,C2,0,0
RS2274,excluir,consenso,C1,0,0
RS2275,excluir,consenso,C1,0,0
RS2276,excluir,consenso,C2,0,0
RS2278,excluir,consenso,C1,0,0
RS2279,excluir,consenso,C2,0,0
RS2281,excluir,consenso,C1,0,0
RS2282,excluir,consenso,C2,0,0
RS2283,excluir,consenso,C2,0,0
RS2284,excluir,consenso,C2,0,0
RS2285,excluir,consenso,C1,0,0
RS2286,excluir,consenso,C2,0,0
RS2287,excluir,consenso,C2,0,0
RS2288,excluir,consenso,C2,0,0
RS2289,excluir,consenso,C2,0,0
RS2290,excluir,consenso,C1,0,0
RS2291,excluir,consenso,C1|C2,0,0
RS2292,excluir,consenso,C2,0,0
RS2293,excluir,consenso,C1,0,0
RS2295,excluir,consenso,C2,0,0
RS2296,incerto,humano,,0,1
RS2297,excluir,consenso,C2,0,0
RS2300,excluir,consenso,C2,0,0
RS2301,excluir,consenso,C2,0,0
RS2303,excluir,consenso,C2,0,0
RS2305,excluir,consenso,C4|C2,0,0
RS2306,excluir,consenso,C5|C2,0,0
RS2307,excluir,consenso,C2,0,0
RS2308,incerto,regra_liberal,,1,0
RS2309,excluir,consenso,C1,0,0
RS2310,excluir,consenso,C1,0,0
RS2312,excluir,consenso,C2,0,0
RS2313,excluir,consenso,C1,0,0
RS2314,excluir,consenso,C2,0,0
RS2315,excluir,consenso,C2,0,0
RS2316,excluir,consenso,C1,0,0
RS2317,excluir,consenso,C2,0,0
RS2318,excluir,consenso,C2,0,0
RS2320,excluir,consenso,C2,0,0
RS2321,excluir,consenso,C2,0,0
RS2322,excluir,consenso,C2,0,0
RS2323,incerto,humano,,0,1
RS2324,excluir,consenso,C2,0,0
RS2325,excluir,consenso,C2,0,0
RS2326,incerto,consenso,,0,0
RS2327,excluir,consenso,C2,0,0
RS2328,incluir,consenso,,0,0
RS2329,excluir,consenso,C2,0,0
RS2330,excluir,consenso,C1,0,0
RS2331,excluir,consenso,C1,0,0
RS2332,excluir,consenso,C4|C2,0,0
RS2333,incerto,consenso,,0,0
RS2334,excluir,consenso,C2,0,0
RS2335,excluir,consenso,C1,0,0
RS2336,excluir,consenso,C2,0,0
RS2337,excluir,consenso,C5|C1,0,0
RS2338,excluir,consenso,C2,0,0
RS2339,excluir,humano,C2,0,1
RS2340,excluir,consenso,C1,0,0
RS2341,excluir,consenso,C1,0,0
RS2342,excluir,consenso,C2,0,0
RS2343,excluir,consenso,C1,0,0
RS2344,excluir,consenso,C2,0,0
RS2345,excluir,consenso,C2,0,0
RS2348,excluir,consenso,C2,0,0
RS2349,excluir,consenso,C2,0,0
RS2350,excluir,humano,C1,0,1
RS2351,excluir,consenso,C1|C2,0,0
RS2352,incerto,humano,,0,1
RS2353,excluir,consenso,C1,0,0
RS2354,excluir,consenso,C1,0,0
RS2355,excluir,consenso,C2,0,0
RS2358,excluir,consenso,C2,0,0
RS2359,excluir,consenso,C5|C2,0,0
RS2361,excluir,consenso,C5|C2,0,0
RS2362,excluir,consenso,C2,0,0
RS2363,excluir,consenso,C2,0,0
RS2364,excluir,consenso,C2,0,0
RS2365,excluir,consenso,C2,0,0
RS2366,excluir,consenso,C4|C2,0,0
RS2367,excluir,consenso,C2,0,0
RS2368,excluir,consenso,C2,0,0
RS2369,excluir,consenso,C2,0,0
RS2370,excluir,consenso,C2,0,0
RS2371,excluir,consenso,C2,0,0
RS2372,excluir,consenso,C5|C2,0,0
RS2373,excluir,consenso,C2,0,0
RS2374,excluir,consenso,C2,0,0
RS2375,excluir,consenso,C2,0,0
RS2376,incerto,regra_liberal,,1,0
RS2377,excluir,consenso,C1,0,0
RS2378,excluir,consenso,C2|C1,0,0
RS2379,excluir,consenso,C2,0,0
RS2380,excluir,consenso,C1,0,0
RS2382,excluir,consenso,C2,0,0
RS2383,excluir,consenso,C2,0,0
RS2384,excluir,consenso,C2,0,0
RS2385,excluir,consenso,C5|C2,0,0
RS2386,excluir,consenso,C2,0,0
RS2387,excluir,consenso,C1,0,0
RS2388,excluir,consenso,C1,0,0
RS2389,excluir,consenso,C2,0,0
RS2390,excluir,consenso,C2,0,0
RS2391,excluir,consenso,C2,0,0
RS2392,excluir,consenso,C2,0,0
RS2393,excluir,consenso,C1,0,0
RS2394,excluir,consenso,C1,0,0
RS2395,excluir,consenso,C1|C2,0,0
RS2396,excluir,consenso,C2,0,0
RS2397,excluir,consenso,C1,0,0
RS2398,excluir,consenso,C2,0,0
RS2399,excluir,consenso,C2,0,0
RS2400,excluir,consenso,C1,0,0
RS2401,incerto,humano,,0,1
RS2402,excluir,consenso,C2,0,0
RS2403,excluir,consenso,C2,0,0
RS2404,excluir,consenso,C2,0,0
RS2406,excluir,consenso,C1,0,0
RS2407,excluir,consenso,C2,0,0
RS2408,excluir,consenso,C2,0,0
RS2409,excluir,consenso,C1,0,0
RS2410,incluir,consenso,,0,0
RS2411,excluir,consenso,C2,0,0
RS2412,excluir,consenso,C2,0,0
RS2413,excluir,consenso,C1,0,0
RS2415,excluir,consenso,C2,0,0
RS2416,excluir,consenso,C2,0,0
RS2417,excluir,consenso,C2,0,0
RS2418,excluir,humano,C2,0,1
RS2419,excluir,consenso,C2,0,0
RS2420,excluir,consenso,C2,0,0
RS2421,excluir,consenso,C1,0,0
RS2422,excluir,consenso,C2,0,0
RS2423,excluir,consenso,C1,0,0
RS2424,excluir,consenso,C1,0,0
RS2425,excluir,consenso,C2,0,0
RS2426,excluir,consenso,C2,0,0
RS2427,excluir,consenso,C3,0,0
RS2428,excluir,consenso,C2,0,0
RS2429,excluir,consenso,C3,0,0
RS2430,excluir,consenso,C2,0,0
RS2431,excluir,consenso,C2,0,0
RS2432,excluir,consenso,C2,0,0
RS2433,excluir,consenso,C2,0,0
RS2434,excluir,consenso,C2|C1,0,0
RS2435,excluir,consenso,C2,0,0
RS2436,excluir,consenso,C2,0,0
RS2437,excluir,consenso,C2,0,0
RS2438,excluir,consenso,C2,0,0
RS2439,excluir,consenso,C1,0,0
RS2440,excluir,consenso,C4|C2,0,0
RS2441,excluir,consenso,C1|C2,0,0
RS2442,excluir,consenso,C2,0,0
RS2443,excluir,consenso,C2,0,0
RS2444,incerto,regra_liberal,,1,0
RS2445,excluir,consenso,C2,0,0
RS2446,excluir,consenso,C1,0,0
RS2447,excluir,consenso,C2,0,0
RS2448,excluir,consenso,C2,0,0
RS2449,excluir,consenso,C1,0,0
RS2450,excluir,humano,C2,0,1
RS2451,excluir,consenso,C2,0,0
RS2453,incluir,consenso,,0,0
RS2454,excluir,consenso,C2,0,0
RS2455,excluir,consenso,C2,0,0
RS2456,excluir,consenso,C5|C2,0,0
RS2457,excluir,consenso,C2,0,0
RS2458,excluir,consenso,C2,0,0
RS2460,excluir,consenso,C2,0,0
RS2461,excluir,consenso,C1,0,0
RS2462,excluir,consenso,C2,0,0
RS2464,excluir,consenso,C2,0,0
RS2465,excluir,consenso,C2,0,0
RS2466,incerto,consenso,,0,0
RS2467,excluir,consenso,C1,0,0
RS2468,excluir,consenso,C1,0,0
RS2469,excluir,consenso,C2,0,0
RS2470,excluir,consenso,C2,0,0
RS2471,excluir,consenso,C2,0,0
RS2472,excluir,consenso,C2,0,0
RS2473,excluir,consenso,C1,0,0
RS2474,excluir,consenso,C5|C2,0,0
RS2476,excluir,consenso,C1,0,0
RS2477,excluir,consenso,C2,0,0
RS2478,excluir,consenso,C1,0,0
RS2479,excluir,consenso,C2,0,0
RS2480,excluir,humano,C2,0,1
RS2481,excluir,consenso,C2,0,0
RS2483,excluir,consenso,C2,0,0
RS2484,excluir,consenso,C5|C2,0,0
RS2485,excluir,humano,C2,0,1
RS2486,excluir,consenso,C2,0,0
RS2487,excluir,consenso,C2,0,0
RS2488,incerto,humano,,0,1
RS2489,incerto,regra_liberal,,1,0
RS2490,excluir,consenso,C2,0,0
RS2491,excluir,consenso,C2,0,0
RS2492,excluir,consenso,C2,0,0
RS2493,excluir,consenso,C2,0,0
RS2494,excluir,consenso,C5,0,0
RS2496,incerto,consenso,,0,0
RS2497,excluir,consenso,C1,0,0
RS2499,excluir,consenso,C1,0,0
RS2500,excluir,consenso,C2,0,0
RS2501,excluir,consenso,C2,0,0
RS2502,excluir,consenso,C2,0,0
RS2503,incerto,consenso,,0,0
RS2504,excluir,consenso,C2,0,0
RS2505,excluir,humano,C2,0,1
RS2506,excluir,humano,C2,0,1
RS2507,incerto,consenso,,0,0
RS2508,excluir,consenso,C2,0,0
RS2509,excluir,consenso,C5|C2,0,0
RS2510,excluir,consenso,C1,0,0
RS2511,incerto,regra_liberal,,1,0
RS2512,excluir,consenso,C2,0,0
RS2513,excluir,consenso,C2,0,0
RS2514,excluir,consenso,C3,0,0
RS2515,excluir,consenso,C2,0,0
RS2516,incerto,consenso,,0,0
RS2517,excluir,consenso,C1,0,0
RS2518,excluir,consenso,C2,0,0
RS2519,excluir,consenso,C2|C1,0,0
RS2520,excluir,consenso,C2,0,0
RS2521,incerto,regra_liberal,,1,0
RS2522,excluir,consenso,C2,0,0
RS2523,excluir,humano,C2,0,1
RS2524,excluir,consenso,C2,0,0
RS2525,excluir,consenso,C2,0,0
RS2526,excluir,consenso,C2,0,0
RS2527,excluir,consenso,C2,0,0
RS2528,excluir,consenso,C1,0,0
RS2529,incerto,humano,,0,1
RS2530,excluir,consenso,C1,0,0
RS2532,excluir,consenso,C2,0,0
RS2533,excluir,consenso,C1,0,0
RS2534,excluir,consenso,C2,0,0
RS2535,excluir,consenso,C1|C2,0,0
RS2536,incerto,consenso,,0,0
RS2537,excluir,consenso,C1,0,0
RS2538,excluir,consenso,C5,0,0
RS2539,incerto,regra_liberal,,1,0
RS2540,excluir,consenso,C2,0,0
RS2541,excluir,consenso,C2,0,0
RS2542,excluir,consenso,C1,0,0
RS2543,excluir,consenso,C1,0,0
RS2544,excluir,consenso,C2,0,0
RS2545,excluir,consenso,C1,0,0
RS2546,excluir,consenso,C4,0,0
RS2547,excluir,consenso,C2,0,0
RS2548,excluir,consenso,C2,0,0
RS2549,excluir,consenso,C1,0,0
RS2550,excluir,consenso,C2,0,0
RS2551,excluir,consenso,C2,0,0
RS2552,excluir,consenso,C2,0,0
RS2553,excluir,consenso,C1,0,0
RS2554,excluir,consenso,C1,0,0
RS2555,excluir,consenso,C1,0,0
RS2556,excluir,consenso,C2,0,0
RS2557,excluir,consenso,C1,0,0
RS2558,excluir,consenso,C2,0,0
RS2559,excluir,consenso,C2,0,0
RS2561,excluir,consenso,C1,0,0
RS2562,excluir,consenso,C1|C2,0,0
RS2563,excluir,consenso,C4|C2,0,0
RS2564,excluir,consenso,C2,0,0
RS2565,excluir,consenso,C2,0,0
RS2566,excluir,consenso,C2,0,0
RS2567,incerto,regra_liberal,,1,0
RS2568,excluir,consenso,C2,0,0
RS2569,excluir,consenso,C2,0,0
RS2570,excluir,consenso,C1,0,0
RS2572,excluir,humano,C2,0,1
RS2573,excluir,consenso,C2,0,0
RS2574,excluir,consenso,C2,0,0
RS2575,excluir,consenso,C2,0,0
RS2576,excluir,consenso,C5|C4,0,0
RS2577,excluir,consenso,C1,0,0
RS2578,excluir,consenso,C2,0,0
RS2579,excluir,consenso,C1|C2,0,0
RS2583,excluir,humano,C2,0,1
RS2584,excluir,consenso,C2,0,0
RS2585,excluir,humano,C2,0,1
RS2586,excluir,consenso,C2,0,0
RS2587,excluir,consenso,C2,0,0
RS2588,excluir,consenso,C2,0,0
RS2589,excluir,consenso,C1,0,0
RS2590,excluir,consenso,C1,0,0
RS2591,excluir,consenso,C2,0,0
RS2592,excluir,humano,C2,0,1
RS2593,excluir,consenso,C2,0,0
RS2594,excluir,consenso,C2,0,0
RS2596,excluir,consenso,C5|C2,0,0
RS2597,excluir,consenso,C2,0,0
RS2598,excluir,consenso,C2,0,0
RS2599,excluir,consenso,C1|C2,0,0
RS2600,excluir,humano,C2,0,1
RS2601,excluir,consenso,C2,0,0
RS2602,excluir,consenso,C1,0,0
RS2603,excluir,consenso,C3|C4,0,0
RS2604,excluir,consenso,C1,0,0
RS2605,incerto,consenso,,0,0
RS2606,excluir,consenso,C2,0,0
RS2607,excluir,consenso,C2,0,0
RS2608,incerto,consenso,,0,0
RS2609,excluir,consenso,C2,0,0
RS2610,excluir,consenso,C2,0,0
RS2611,incerto,consenso,,0,0
RS2612,excluir,consenso,C2,0,0
RS2613,excluir,consenso,C2,0,0
RS2614,incerto,consenso,,0,0
RS2615,excluir,consenso,C2,0,0
RS2616,excluir,consenso,C2,0,0
RS2617,excluir,consenso,C2,0,0
RS2618,excluir,consenso,C2,0,0
RS2619,excluir,consenso,C5|C2,0,0
RS2620,incerto,humano,,0,1
RS2621,excluir,humano,C1,0,1
RS2622,excluir,consenso,C1,0,0
RS2623,excluir,consenso,C2,0,0
RS2624,excluir,consenso,C2,0,0
RS2625,incerto,humano,,0,1
RS2626,excluir,consenso,C2,0,0
RS2627,excluir,consenso,C1|C2,0,0
RS2628,excluir,consenso,C2,0,0
RS2629,excluir,consenso,C2,0,0
RS2630,excluir,consenso,C2,0,0
RS2631,excluir,consenso,C1,0,0
RS2632,incerto,humano,,0,1
RS2633,excluir,consenso,C2,0,0
RS2635,excluir,consenso,C2,0,0
RS2636,excluir,consenso,C2,0,0
RS2637,excluir,consenso,C2,0,0
RS2638,excluir,consenso,C2,0,0
RS2639,excluir,consenso,C2,0,0
RS2640,excluir,consenso,C2,0,0
RS2641,excluir,consenso,C2,0,0
RS2642,excluir,consenso,C2,0,0
RS2643,excluir,consenso,C2,0,0
RS2644,incerto,humano,,0,1
RS2645,excluir,consenso,C2,0,0
RS2646,excluir,consenso,C1,0,0
RS2648,excluir,consenso,C2,0,0
RS2649,excluir,consenso,C1|C2,0,0
RS2650,excluir,consenso,C2,0,0
RS2651,excluir,consenso,C1,0,0
RS2652,excluir,consenso,C2,0,0
RS2653,incerto,regra_liberal,,1,0
RS2654,excluir,consenso,C1,0,0
RS2655,excluir,consenso,C1,0,0
RS2656,excluir,consenso,C2,0,0
RS2657,excluir,consenso,C2,0,0
RS2658,excluir,consenso,C2,0,0
RS2659,excluir,consenso,C1,0,0
RS2660,excluir,consenso,C2,0,0
RS2661,excluir,consenso,C2,0,0
RS2662,excluir,consenso,C2,0,0
RS2663,excluir,consenso,C2,0,0
RS2664,excluir,consenso,C2,0,0
RS2665,excluir,consenso,C2,0,0
RS2666,excluir,consenso,C2,0,0
RS2667,excluir,consenso,C2,0,0
RS2669,excluir,consenso,C2,0,0
RS2670,excluir,consenso,C2,0,0
RS2671,excluir,consenso,C1,0,0
RS2672,incerto,consenso,,0,0
RS2673,excluir,consenso,C1|C2,0,0
RS2674,excluir,consenso,C5|C2,0,0
RS2675,excluir,consenso,C2,0,0
RS2677,excluir,consenso,C2,0,0
RS2678,excluir,consenso,C1,0,0
RS2679,excluir,consenso,C2,0,0
RS2680,excluir,consenso,C2,0,0
RS2681,excluir,consenso,C2,0,0
RS2682,excluir,consenso,C1,0,0
RS2683,excluir,consenso,C5|C3,0,0
RS2684,excluir,consenso,C2,0,0
RS2685,excluir,consenso,C2,0,0
RS2686,excluir,consenso,C2,0,0
RS2687,excluir,consenso,C1,0,0
RS2688,excluir,consenso,C2,0,0
RS2689,excluir,consenso,C2,0,0
RS2690,excluir,consenso,C2,0,0
RS2691,excluir,consenso,C2,0,0
RS2692,incerto,humano,,0,1
RS2693,excluir,consenso,C5|C2,0,0
RS2694,excluir,consenso,C1,0,0
RS2695,excluir,consenso,C2,0,0
RS2696,incerto,consenso,,0,0
RS2697,excluir,consenso,C2,0,0
RS2698,excluir,consenso,C2,0,0
RS2699,excluir,consenso,C2,0,0
RS2700,excluir,consenso,C1,0,0
RS2701,excluir,consenso,C2,0,0
RS2702,incerto,regra_liberal,,1,0
RS2703,excluir,consenso,C2,0,0
RS2704,excluir,consenso,C1,0,0
RS2705,excluir,consenso,C1,0,0
RS2706,incerto,consenso,,0,0
RS2707,excluir,consenso,C2,0,0
RS2708,excluir,consenso,C2,0,0
RS2709,excluir,consenso,C2,0,0
RS2710,excluir,consenso,C4|C2,0,0
RS2711,excluir,consenso,C2,0,0
RS2712,excluir,consenso,C5|C2,0,0
RS2713,excluir,consenso,C2,0,0
RS2714,excluir,consenso,C2,0,0
RS2715,incerto,regra_liberal,,1,0
RS2716,excluir,consenso,C1|C2,0,0
RS2717,incerto,humano,,0,1
RS2718,excluir,consenso,C1,0,0
RS2719,excluir,consenso,C1,0,0
RS2720,excluir,consenso,C2,0,0
RS2721,excluir,consenso,C2,0,0
RS2722,excluir,consenso,C1,0,0
RS2723,excluir,consenso,C1|C2,0,0
RS2724,excluir,consenso,C2,0,0
RS2725,excluir,consenso,C2,0,0
RS2726,incerto,humano,,0,1
RS2727,excluir,consenso,C2,0,0
RS2728,excluir,consenso,C2,0,0
RS2729,excluir,consenso,C1,0,0
RS2730,excluir,consenso,C2,0,0
RS2731,excluir,consenso,C2,0,0
RS2733,excluir,consenso,C2,0,0
RS2734,excluir,consenso,C2,0,0
RS2735,excluir,consenso,C2,0,0
RS2736,excluir,consenso,C1,0,0
RS2737,excluir,consenso,C1,0,0
RS2738,excluir,consenso,C2,0,0
RS2739,excluir,consenso,C1,0,0
RS2740,incerto,humano,,0,1
RS2741,excluir,consenso,C2,0,0
RS2742,excluir,consenso,C1,0,0
RS2743,excluir,consenso,C2,0,0
RS2745,excluir,consenso,C2,0,0
RS2746,excluir,consenso,C2,0,0
RS2747,incerto,consenso,,0,0
RS2748,excluir,consenso,C2,0,0
RS2749,excluir,consenso,C1|C2,0,0
RS2750,excluir,consenso,C2,0,0
RS2751,excluir,consenso,C1|C2,0,0
RS2752,excluir,consenso,C2,0,0
RS2753,excluir,consenso,C2,0,0
RS2754,excluir,consenso,C2,0,0
RS2755,excluir,consenso,C1,0,0
RS2757,excluir,consenso,C1,0,0
RS2758,excluir,consenso,C5|C2,0,0
RS2759,excluir,consenso,C2,0,0
RS2760,excluir,consenso,C2,0,0
RS2761,excluir,consenso,C2,0,0
RS2762,excluir,consenso,C2,0,0
RS2763,excluir,consenso,C1,0,0
RS2764,incerto,regra_liberal,,1,0
RS2765,excluir,consenso,C2,0,0
RS2766,excluir,consenso,C2,0,0
RS2767,excluir,consenso,C2,0,0
RS2768,excluir,consenso,C2,0,0
RS2769,excluir,consenso,C2,0,0
RS2770,excluir,consenso,C1,0,0
RS2771,excluir,consenso,C2,0,0
RS2772,excluir,consenso,C1,0,0
RS2773,excluir,consenso,C5|C2,0,0
RS2774,excluir,consenso,C2,0,0
RS2775,excluir,consenso,C2,0,0
RS2777,excluir,humano,C2,0,1
RS2778,excluir,consenso,C2,0,0
RS2779,excluir,consenso,C2,0,0
RS2780,excluir,consenso,C2,0,0
RS2781,excluir,consenso,C5|C2,0,0
RS2783,excluir,consenso,C1,0,0
RS2785,excluir,consenso,C1|C2,0,0
RS2786,excluir,consenso,C1,0,0
RS2787,excluir,consenso,C2,0,0
RS2788,excluir,consenso,C2,0,0
RS2789,excluir,consenso,C2,0,0
RS2790,excluir,consenso,C1,0,0
RS2791,excluir,consenso,C1,0,0
RS2792,excluir,consenso,C1,0,0
RS2793,excluir,consenso,C1,0,0
RS2794,incerto,regra_liberal,,1,0
RS2795,excluir,consenso,C2,0,0
RS2796,excluir,consenso,C1,0,0
RS2798,excluir,consenso,C1,0,0
RS2799,excluir,consenso,C1,0,0
RS2800,excluir,consenso,C2,0,0
RS2801,excluir,consenso,C2,0,0
RS2802,excluir,consenso,C2,0,0
RS2803,excluir,consenso,C1,0,0
RS2804,excluir,consenso,C2,0,0
RS2806,excluir,consenso,C1,0,0
RS2807,excluir,consenso,C1,0,0
RS2808,excluir,consenso,C2,0,0
RS2810,excluir,consenso,C2,0,0
RS2811,excluir,consenso,C1,0,0
RS2812,excluir,consenso,C2,0,0
RS2813,excluir,consenso,C2,0,0
RS2814,excluir,consenso,C2,0,0
RS2815,excluir,consenso,C1,0,0
RS2816,excluir,consenso,C1,0,0
RS2817,excluir,consenso,C2,0,0
RS2818,incerto,humano,,0,1
RS2819,excluir,consenso,C2,0,0
RS2820,excluir,consenso,C2,0,0
RS2821,excluir,consenso,C2,0,0
RS2822,excluir,consenso,C2,0,0
RS2823,excluir,consenso,C1,0,0
RS2824,excluir,consenso,C2,0,0
RS2825,excluir,consenso,C1,0,0
RS2826,excluir,consenso,C5|C2,0,0
RS2827,excluir,consenso,C5|C2,0,0
RS2829,excluir,consenso,C1,0,0
RS2830,excluir,consenso,C1|C2,0,0
RS2832,excluir,consenso,C5|C4,0,0
RS2833,excluir,consenso,C2,0,0
RS2834,excluir,consenso,C1,0,0
RS2835,excluir,consenso,C2,0,0
RS2836,excluir,consenso,C1,0,0
RS2837,excluir,consenso,C1,0,0
RS2838,excluir,consenso,C5,0,0
RS2839,excluir,consenso,C1,0,0
RS2840,excluir,consenso,C3|C2,0,0
RS2841,excluir,consenso,C1,0,0
RS2842,excluir,consenso,C5|C2,0,0
RS2843,excluir,consenso,C1,0,0
RS2844,excluir,consenso,C1|C2,0,0
RS2845,excluir,consenso,C2,0,0
RS2846,excluir,consenso,C2,0,0
RS2847,excluir,consenso,C2,0,0
RS2848,excluir,consenso,C2,0,0
RS2849,excluir,consenso,C2,0,0
RS2850,excluir,consenso,C3,0,0
RS2851,excluir,consenso,C1,0,0
RS2852,excluir,consenso,C2,0,0
RS2853,excluir,consenso,C2,0,0
RS2854,excluir,consenso,C2,0,0
RS2856,excluir,consenso,C5|C2,0,0
RS2857,excluir,consenso,C2,0,0
RS2858,excluir,consenso,C1,0,0
RS2859,excluir,consenso,C2,0,0
RS2860,excluir,consenso,C2,0,0
RS2861,excluir,consenso,C2,0,0
RS2862,excluir,consenso,C3|C2,0,0
RS2863,excluir,humano,C1,0,1
RS2864,excluir,consenso,C1,0,0
RS2866,excluir,consenso,C1,0,0
RS2867,excluir,consenso,C1,0,0
RS2868,excluir,consenso,C1,0,0
RS2871,excluir,consenso,C1,0,0
RS2872,excluir,consenso,C1,0,0
RS2875,excluir,consenso,C5|C2,0,0
RS2876,excluir,consenso,C1,0,0
RS2877,excluir,consenso,C2,0,0
RS2879,excluir,consenso,C5|C2,0,0
RS2880,excluir,consenso,C1,0,0
RS2881,excluir,consenso,C1,0,0
RS2882,excluir,consenso,C1,0,0
RS2883,excluir,consenso,C5|C2,0,0
RS2884,excluir,humano,C1,0,1
RS2885,excluir,consenso,C1,0,0
RS2886,excluir,consenso,C1,0,0
RS2887,excluir,consenso,C2,0,0
RS2888,excluir,consenso,C1,0,0
RS2889,excluir,consenso,C1,0,0
RS2890,excluir,consenso,C1,0,0
RS2891,excluir,humano,C1,0,1
RS2892,excluir,consenso,C1,0,0
RS2898,excluir,consenso,C1,0,0
RS2899,excluir,consenso,C1,0,0
RS2900,excluir,consenso,C1,0,0
RS2901,excluir,consenso,C2,0,0
RS2902,incerto,humano,,0,1
RS2904,excluir,consenso,C2,0,0
RS2905,incerto,humano,,0,1
RS2906,excluir,consenso,C5|C2,0,0
RS2907,excluir,consenso,C2,0,0
RS2908,excluir,consenso,C1,0,0
RS2909,excluir,consenso,C1|C2,0,0
RS2910,excluir,consenso,C5|C2,0,0
RS2911,excluir,consenso,C1,0,0
RS2912,excluir,consenso,C1,0,0
RS2913,incerto,humano,,0,1
RS2915,excluir,consenso,C2,0,0
RS2917,excluir,consenso,C1|C2,0,0
RS2918,excluir,consenso,C1,0,0
RS2919,incerto,humano,,0,1
RS2920,excluir,consenso,C1,0,0
RS2921,excluir,consenso,C1,0,0
RS2922,excluir,consenso,C2,0,0
RS2923,excluir,consenso,C1|C2,0,0
RS2924,excluir,consenso,C1,0,0
RS2925,excluir,consenso,C1|C2,0,0
RS2926,excluir,consenso,C1,0,0
RS2927,excluir,consenso,C5|C2,0,0
RS2928,excluir,consenso,C1,0,0
RS2929,excluir,consenso,C1,0,0
RS2930,excluir,consenso,C1,0,0
RS2931,excluir,consenso,C1,0,0
RS2932,excluir,consenso,C5|C2,0,0
RS2933,incerto,humano,,0,1
RS2936,excluir,consenso,C1,0,0
RS2937,excluir,consenso,C1,0,0
RS2940,excluir,consenso,C5|C2,0,0
RS2942,incerto,humano,,0,1
RS2943,excluir,humano,C1,0,1
RS2946,excluir,consenso,C1,0,0
RS2950,incluir,consenso,,0,0
RS2951,incerto,consenso,,0,0
RS2953,excluir,consenso,C2,0,0
RS2956,incerto,consenso,,0,0
RS2957,excluir,consenso,C1,0,0
RS2958,excluir,consenso,C1,0,0
RS2965,excluir,consenso,C1,0,0
RS2969,excluir,consenso,C2,0,0
RS2971,excluir,consenso,C5|C2,0,0
RS2972,excluir,consenso,C2,0,0
RS2974,excluir,consenso,C2,0,0
RS2975,excluir,consenso,C2,0,0
RS2976,incerto,consenso,,0,0
RS2979,incerto,humano,,0,1
RS2981,excluir,humano,C2,0,1
RS2982,incerto,regra_liberal,,1,0
RS2984,incerto,humano,,0,1
RS2985,excluir,consenso,C1,0,0
RS2987,excluir,consenso,C1,0,0
RS2988,excluir,consenso,C2,0,0
RS2992,excluir,consenso,C2,0,0
RS2996,incerto,consenso,,0,0
RS2999,excluir,consenso,C2,0,0
RS3002,excluir,consenso,C1,0,0
RS3007,incerto,consenso,,0,0
RS3010,excluir,humano,C1,0,1
RS3011,excluir,consenso,C1|C5,0,0
RS3015,excluir,consenso,C1,0,0
RS3019,excluir,consenso,C1|C2,0,0
RS3020,excluir,consenso,C1,0,0
RS3021,excluir,consenso,C2,0,0
RS3022,incerto,regra_liberal,,1,0
RS3023,excluir,consenso,C2,0,0
RS3025,excluir,consenso,C1,0,0
RS3027,excluir,consenso,C2,0,0
RS3028,incerto,consenso,,0,0
RS3029,excluir,consenso,C2,0,0
RS3030,excluir,consenso,C1|C2,0,0
RS3031,excluir,consenso,C1,0,0
RS3032,excluir,consenso,C2,0,0
RS3033,excluir,consenso,C1,0,0
RS3034,excluir,consenso,C2,0,0
RS3043,excluir,consenso,C2,0,0
RS3049,excluir,consenso,C2,0,0
RS3053,excluir,consenso,C1|C2,0,0
RS3058,excluir,consenso,C1,0,0
RS3059,excluir,consenso,C1,0,0
RS3061,excluir,consenso,C1,0,0
RS3064,incerto,consenso,,0,0
RS3067,excluir,consenso,C2,0,0
RS3075,incerto,humano,,0,1
RS3085,excluir,consenso,C2,0,0
RS3095,excluir,humano,C2,0,1
RS3098,excluir,humano,C1,0,1
RS3107,incerto,consenso,,0,0
RS3111,excluir,consenso,C1,0,0
RS3121,incerto,regra_liberal,,1,0
RS3122,excluir,consenso,C2,0,0
RS3126,excluir,consenso,C2,0,0
RS3131,excluir,consenso,C1,0,0
RS3133,excluir,consenso,C1,0,0
RS3142,excluir,consenso,C5|C2,0,0
RS3144,excluir,consenso,C1|C2,0,0
RS3152,incerto,consenso,,0,0
RS3156,excluir,humano,C1,0,1
RS3157,excluir,consenso,C2|C5,0,0
RS3167,excluir,consenso,C2,0,0
RS3171,excluir,humano,C2,0,1
RS3190,incerto,consenso,,0,0
RS3193,excluir,consenso,C2,0,0
RS3195,excluir,consenso,C2,0,0
RS3199,excluir,consenso,C2,0,0
RS3200,incerto,consenso,,0,0
RS3207,incerto,consenso,,0,0
RS3208,incerto,consenso,,0,0
RS3213,excluir,consenso,C1,0,0
RS3214,excluir,consenso,C1,0,0
RS3224,excluir,consenso,C1,0,0
RS3233,incerto,consenso,,0,0
RS3235,excluir,consenso,C2,0,0
RS3236,incerto,consenso,,0,0
RS3238,excluir,consenso,C1,0,0
RS3248,incerto,regra_liberal,,1,0
RS3253,incerto,consenso,,0,0
RS3258,excluir,consenso,C2,0,0
RS3263,excluir,consenso,C1,0,0
RS3264,incerto,consenso,,0,0
RS3266,incerto,humano,,0,1
RS3268,excluir,consenso,C2,0,0
RS3271,excluir,humano,C2,0,1
RS3274,excluir,consenso,C2,0,0
RS3276,excluir,consenso,C1,0,0
RS3281,incerto,humano,,0,1
RS3282,excluir,consenso,C2,0,0
RS3284,excluir,consenso,C1,0,0
RS3286,excluir,consenso,C2,0,0
RS3288,excluir,humano,C2,0,1
RS3298,excluir,consenso,C2,0,0
RS3299,incerto,humano,,0,1
RS3301,excluir,consenso,C1,0,0
RS3304,excluir,consenso,C2,0,0
RS3307,excluir,consenso,C2,0,0
RS3310,excluir,consenso,C2,0,0
RS3318,excluir,consenso,C2,0,0
RS3319,excluir,consenso,C2,0,0
RS3320,excluir,consenso,C2,0,0
RS3322,excluir,consenso,C2,0,0
RS3326,excluir,consenso,C1,0,0
RS3327,excluir,consenso,C2,0,0
RS3332,excluir,consenso,C2,0,0
RS3333,excluir,consenso,C2,0,0
RS3334,excluir,consenso,C2,0,0
RS3335,excluir,consenso,C1|C2,0,0
RS3337,excluir,consenso,C3,0,0
RS3340,excluir,consenso,C1,0,0
RS3343,incerto,consenso,,0,0
RS3346,excluir,consenso,C2,0,0
RS3347,excluir,consenso,C2,0,0
RS3348,excluir,consenso,C1,0,0
RS3349,excluir,consenso,C1,0,0
RS3351,excluir,consenso,C2,0,0
RS3353,excluir,consenso,C2,0,0
RS3363,excluir,consenso,C2,0,0
RS3364,incerto,humano,,0,1
RS3366,excluir,consenso,C1|C2,0,0
RS3367,excluir,consenso,C1,0,0
RS3370,excluir,consenso,C1,0,0
RS3371,incerto,consenso,,0,0
RS3372,excluir,consenso,C2,0,0
RS3373,excluir,consenso,C2,0,0
RS3374,excluir,consenso,C2,0,0
RS3375,excluir,consenso,C1,0,0
RS3377,excluir,consenso,C2,0,0
RS3388,excluir,consenso,C2,0,0
RS3390,excluir,consenso,C2,0,0
RS3392,excluir,consenso,C2,0,0
RS3399,excluir,humano,C2,0,1
RS3400,excluir,consenso,C2,0,0
RS3403,excluir,consenso,C1,0,0
RS3404,excluir,humano,C1,0,1
RS3406,excluir,consenso,C1,0,0
RS3408,excluir,consenso,C2,0,0
RS3409,excluir,consenso,C1,0,0
RS3410,incerto,consenso,,0,0
RS3416,incerto,humano,,0,1
RS3425,excluir,consenso,C1,0,0
RS3426,excluir,consenso,C1|C2,0,0
RS3428,excluir,consenso,C2,0,0
RS3431,excluir,consenso,C2,0,0
RS3440,excluir,consenso,C2|C3,0,0
RS3441,incerto,consenso,,0,0
RS3442,excluir,consenso,C2,0,0
RS3445,excluir,consenso,C2,0,0
RS3446,incerto,consenso,,0,0
RS3448,incerto,humano,,0,1
RS3450,excluir,consenso,C1,0,0
RS3452,excluir,consenso,C2,0,0
RS3455,excluir,consenso,C1,0,0
RS3458,excluir,consenso,C2,0,0
RS3467,incerto,humano,,0,1
RS3472,excluir,consenso,C1,0,0
RS3478,excluir,consenso,C2,0,0
RS3479,incerto,regra_liberal,,1,0
RS3480,excluir,consenso,C1,0,0
RS3481,excluir,consenso,C2,0,0
RS3482,excluir,consenso,C1,0,0
RS3484,excluir,humano,C1,0,1
RS3485,excluir,consenso,C2,0,0
RS3486,excluir,consenso,C2,0,0
RS3488,excluir,consenso,C1,0,0
RS3490,excluir,humano,C2,0,1
RS3491,incerto,humano,,0,1
RS3492,excluir,consenso,C3,0,0
RS3493,excluir,consenso,C2,0,0
RS3494,excluir,consenso,C2,0,0
RS3495,excluir,humano,C2,0,1
RS3496,excluir,consenso,C1,0,0
RS3498,incerto,humano,,0,1
RS3499,excluir,consenso,C2,0,0
RS3500,excluir,consenso,C5|C2,0,0
RS3501,incerto,humano,,0,1
RS3503,incerto,humano,,0,1
RS3504,excluir,consenso,C2,0,0
RS3505,incerto,consenso,,0,0
RS3506,excluir,consenso,C1|C2,0,0
RS3507,excluir,consenso,C1,0,0
RS3514,excluir,consenso,C1,0,0
RS3516,excluir,consenso,C1|C2,0,0
RS3518,excluir,consenso,C1|C2,0,0
RS3522,excluir,consenso,C2,0,0
RS3525,incerto,consenso,,0,0
RS3526,excluir,consenso,C1,0,0
RS3527,incerto,consenso,,0,0
RS3528,excluir,consenso,C2,0,0
RS3529,incerto,humano,,0,1
RS3530,excluir,consenso,C2,0,0
RS3532,excluir,consenso,C2,0,0
RS3533,excluir,humano,C2,0,1
RS3534,excluir,consenso,C4,0,0
RS3535,excluir,consenso,C1,0,0
RS3536,excluir,consenso,C1,0,0
RS3537,incerto,humano,,0,1
RS3538,incerto,consenso,,0,0
RS3540,excluir,consenso,C2,0,0
RS3541,incerto,consenso,,0,0
RS3543,incerto,humano,,0,1
RS3544,excluir,consenso,C2,0,0
RS3545,excluir,consenso,C1,0,0
RS3546,excluir,consenso,C1,0,0
RS3548,incerto,consenso,,0,0
RS3549,incerto,consenso,,0,0
RS3550,excluir,humano,C2,0,1
RS3551,excluir,humano,C2,0,1
RS3552,incerto,consenso,,0,0
RS3553,incerto,consenso,,0,0
RS3554,excluir,consenso,C2,0,0
RS3555,excluir,humano,C1,0,1
RS3556,excluir,humano,C2,0,1
RS3557,excluir,consenso,C1|C2,0,0
RS3558,excluir,consenso,C2,0,0
RS3559,excluir,consenso,C1,0,0
RS3561,incerto,humano,,0,1
RS3562,excluir,humano,C2,0,1
RS3563,excluir,consenso,C1|C2,0,0
RS3564,incerto,regra_liberal,,1,0
RS3565,excluir,humano,C2,0,1
RS3566,excluir,consenso,C2,0,0
RS3567,incerto,consenso,,0,0
RS3568,excluir,consenso,C1,0,0
RS3569,excluir,consenso,C2,0,0
RS3570,incerto,humano,,0,1
RS3571,incerto,consenso,,0,0
RS3572,excluir,consenso,C1,0,0
RS3573,excluir,consenso,C1,0,0
RS3574,excluir,humano,C2,0,1
RS3575,incerto,humano,,0,1
RS3576,excluir,consenso,C2,0,0
RS3577,excluir,consenso,C1,0,0
RS3578,excluir,consenso,C2,0,0
RS3579,excluir,consenso,C2,0,0
RS3580,incerto,humano,,0,1
RS3581,excluir,humano,C2,0,1
RS3582,excluir,consenso,C1,0,0
RS3583,excluir,consenso,C1,0,0
RS3584,excluir,consenso,C1,0,0
RS3585,excluir,consenso,C2,0,0
RS3586,excluir,consenso,C2,0,0
RS3587,incerto,humano,,0,1
RS3588,excluir,consenso,C2,0,0
RS3589,incerto,regra_liberal,,1,0
RS3590,excluir,consenso,C1,0,0
RS3591,incluir,consenso,,0,0
RS3592,incerto,regra_liberal,,1,0
RS3593,excluir,humano,C2,0,1
RS3594,excluir,consenso,C2,0,0
RS3595,excluir,consenso,C1,0,0
RS3596,incerto,consenso,,0,0
RS3597,excluir,consenso,C1,0,0
RS3598,excluir,consenso,C2,0,0
RS3599,excluir,humano,C2,0,1
RS3600,excluir,consenso,C1,0,0
RS3601,excluir,consenso,C2,0,0
RS3602,incerto,consenso,,0,0
RS3603,excluir,humano,C2,0,1
RS3604,excluir,consenso,C1,0,0
RS3605,incerto,consenso,,0,0
RS3606,excluir,consenso,C1|C5,0,0
RS3607,excluir,consenso,C2,0,0
RS3608,excluir,consenso,C1,0,0
RS3609,excluir,consenso,C1,0,0
RS3610,excluir,consenso,C2,0,0
RS3611,excluir,consenso,C2,0,0
RS3612,excluir,consenso,C2,0,0
RS3613,excluir,humano,C2,0,1
RS3614,excluir,consenso,C1,0,0
RS3615,excluir,humano,C2,0,1
RS3618,excluir,consenso,C2,0,0
RS3619,incerto,consenso,,0,0
RS3620,excluir,consenso,C1,0,0
RS3621,excluir,humano,C1,0,1
RS3622,excluir,consenso,C1,0,0
RS3623,excluir,consenso,C1|C2,0,0
RS3624,excluir,consenso,C1,0,0
RS3625,excluir,consenso,C1|C2,0,0
RS3626,incerto,consenso,,0,0
RS3627,excluir,consenso,C2,0,0
RS3628,excluir,consenso,C5|C2,0,0
RS3629,incerto,consenso,,0,0
RS3630,excluir,consenso,C2,0,0
RS3631,incerto,consenso,,0,0
RS3632,excluir,consenso,C2,0,0
RS3633,excluir,consenso,C1,0,0
RS3635,incerto,regra_liberal,,1,0
RS3636,excluir,consenso,C1,0,0
RS3637,excluir,consenso,C2,0,0
RS3638,excluir,consenso,C2,0,0
RS3639,incerto,regra_liberal,,1,0
RS3640,excluir,consenso,C1,0,0
RS3641,excluir,consenso,C2,0,0
RS3642,incerto,regra_liberal,,1,0
RS3643,excluir,consenso,C1|C2,0,0
RS3644,excluir,consenso,C2,0,0
RS3645,excluir,humano,C2,0,1
RS3646,excluir,consenso,C1,0,0
RS3647,excluir,consenso,C1,0,0
RS3648,incerto,consenso,,0,0
RS3649,excluir,humano,C1,0,1
RS3650,excluir,humano,C4,0,1
RS3651,excluir,consenso,C2,0,0
RS3652,excluir,consenso,C1,0,0
RS3653,excluir,consenso,C2,0,0
RS3654,excluir,consenso,C2,0,0
RS3655,excluir,consenso,C2,0,0
RS3656,incerto,regra_liberal,,1,0
RS3657,excluir,consenso,C2,0,0
RS3658,incerto,regra_liberal,,1,0
RS3659,excluir,consenso,C1,0,0
RS3661,excluir,humano,C1,0,1
RS3662,excluir,consenso,C1,0,0
RS3663,excluir,humano,C2,0,1
RS3664,incerto,consenso,,0,0
RS3665,excluir,consenso,C2,0,0
RS3666,excluir,humano,C2,0,1
RS3667,incerto,consenso,,0,0
RS3668,incerto,humano,,0,1
RS3669,excluir,consenso,C5,0,0
RS3670,excluir,humano,C1,0,1
RS3671,excluir,humano,C4,0,1
RS3672,excluir,consenso,C2,0,0
RS3673,excluir,consenso,C2,0,0
RS3674,excluir,consenso,C2,0,0
RS3675,excluir,consenso,C1|C5,0,0
RS3677,incerto,regra_liberal,,1,0
RS3678,excluir,consenso,C2,0,0
RS3679,excluir,consenso,C2,0,0
RS3680,excluir,consenso,C2,0,0
RS3681,excluir,consenso,C2,0,0
RS3682,excluir,consenso,C2,0,0
RS3683,excluir,consenso,C2,0,0
RS3684,excluir,consenso,C2,0,0
RS3685,excluir,consenso,C2,0,0
RS3686,excluir,consenso,C2,0,0
RS3687,incerto,consenso,,0,0
RS3688,excluir,consenso,C1,0,0
RS3689,excluir,consenso,C1,0,0
RS3690,excluir,consenso,C2,0,0
RS3691,excluir,consenso,C1,0,0
RS3692,excluir,consenso,C1,0,0
RS3693,excluir,consenso,C1,0,0
RS3694,excluir,consenso,C2,0,0
RS3695,excluir,consenso,C1,0,0
RS3696,excluir,humano,C4,0,1
RS3697,excluir,consenso,C2,0,0
RS3698,excluir,consenso,C2,0,0
RS3699,excluir,consenso,C1,0,0
RS3700,excluir,consenso,C5|C4,0,0
RS3701,excluir,humano,C2,0,1
RS3702,excluir,consenso,C1|C2,0,0
RS3703,excluir,humano,C1,0,1
RS3704,excluir,consenso,C1,0,0
RS3706,excluir,consenso,C1|C2,0,0
RS3708,excluir,consenso,C1,0,0
RS3709,excluir,humano,C1,0,1
RS3710,excluir,consenso,C2,0,0
RS3711,excluir,consenso,C3,0,0
RS3712,excluir,consenso,C1,0,0
RS3713,incerto,consenso,,0,0
RS3714,excluir,consenso,C1,0,0
RS3715,incerto,consenso,,0,0
RS3716,excluir,consenso,C1,0,0
RS3717,excluir,consenso,C1,0,0
RS3718,excluir,consenso,C5|C2,0,0
RS3719,excluir,consenso,C1|C2,0,0
RS3720,excluir,consenso,C2|C4,0,0
RS3721,excluir,humano,C4,0,1
RS3722,excluir,consenso,C1|C2,0,0
RS3723,excluir,consenso,C2,0,0
RS3724,incerto,humano,,0,1
RS3725,excluir,consenso,C1,0,0
RS3726,excluir,consenso,C2,0,0
RS3727,excluir,consenso,C3,0,0
RS3728,incerto,consenso,,0,0
RS3729,excluir,humano,C1,0,1
RS3731,incerto,consenso,,0,0
RS3732,excluir,consenso,C1,0,0
RS3733,excluir,consenso,C2|C3,0,0
RS3734,excluir,humano,C4,0,1
RS3735,excluir,consenso,C1,0,0
RS3736,excluir,consenso,C1|C2,0,0
RS3737,excluir,consenso,C2,0,0
RS3738,excluir,consenso,C1|C2,0,0
RS3739,excluir,consenso,C2,0,0
RS3740,excluir,consenso,C1,0,0
RS3741,excluir,consenso,C1,0,0
RS3742,excluir,consenso,C2,0,0
RS3743,incerto,humano,,0,1
RS3744,excluir,consenso,C1,0,0
RS3745,incerto,regra_liberal,,1,0
RS3746,excluir,humano,C2,0,1
RS3747,excluir,humano,C2,0,1
RS3748,excluir,consenso,C2,0,0
RS3749,excluir,humano,C5,0,1
RS3750,excluir,consenso,C1,0,0
RS3751,excluir,humano,C1,0,1
RS3752,excluir,consenso,C2,0,0
RS3755,excluir,consenso,C1,0,0
RS3757,excluir,consenso,C1,0,0
RS3759,excluir,consenso,C2,0,0
RS3761,incerto,consenso,,0,0
RS3762,excluir,humano,C1,0,1
RS3763,excluir,consenso,C2,0,0
RS3764,incerto,humano,,0,1
RS3766,excluir,humano,C1,0,1
RS3768,excluir,consenso,C1,0,0
RS3769,excluir,humano,C2,0,1
RS3771,excluir,humano,C1,0,1
RS3772,excluir,consenso,C2,0,0
RS3774,excluir,consenso,C2,0,0
RS3775,excluir,consenso,C2,0,0
RS3776,excluir,consenso,C1|C2,0,0
RS3777,excluir,consenso,C2,0,0
RS3778,excluir,consenso,C1,0,0
RS3779,excluir,humano,C1,0,1
RS3781,excluir,consenso,C2,0,0
RS3783,excluir,consenso,C1,0,0
RS3784,incerto,regra_liberal,,1,0
RS3785,excluir,consenso,C1,0,0
RS3786,excluir,consenso,C1,0,0
RS3787,excluir,consenso,C2|C3,0,0
RS3788,excluir,consenso,C1,0,0
RS3789,incerto,consenso,,0,0
RS3790,excluir,consenso,C2,0,0
RS3792,excluir,consenso,C2,0,0
RS3793,excluir,consenso,C1,0,0
RS3794,incerto,humano,,0,1
RS3795,excluir,consenso,C2,0,0
RS3796,incerto,consenso,,0,0
RS3797,excluir,consenso,C1|C2,0,0
RS3798,excluir,consenso,C1,0,0
RS3799,excluir,consenso,C2,0,0
RS3800,excluir,consenso,C2,0,0
RS3801,excluir,consenso,C2,0,0
RS3802,incerto,consenso,,0,0
RS3803,excluir,consenso,C1,0,0
RS3804,excluir,consenso,C2,0,0
RS3805,excluir,consenso,C2,0,0
RS3806,incerto,humano,,0,1
RS3807,excluir,consenso,C1,0,0
RS3808,excluir,humano,C1,0,1
RS3809,incerto,consenso,,0,0
RS3810,excluir,consenso,C1|C2,0,0
RS3811,excluir,consenso,C5,0,0
RS3812,excluir,consenso,C1,0,0
RS3813,excluir,consenso,C1,0,0
RS3814,incerto,consenso,,0,0
RS3815,incerto,consenso,,0,0
RS3816,incerto,consenso,,0,0
RS3817,excluir,consenso,C2,0,0
RS3818,incerto,humano,,0,1
RS3819,excluir,humano,C5,0,1
RS3820,excluir,consenso,C5|C1,0,0
RS3821,excluir,humano,C2,0,1
RS3822,excluir,consenso,C1,0,0
RS3823,excluir,consenso,C2,0,0
RS3824,excluir,humano,C2,0,1
RS3825,excluir,consenso,C2,0,0
RS3826,excluir,consenso,C1|C2,0,0
RS3827,excluir,consenso,C2,0,0
RS3828,incerto,humano,,0,1
RS3829,excluir,consenso,C2|C5,0,0
RS3830,excluir,consenso,C2,0,0
RS3831,incerto,regra_liberal,,1,0
RS3832,incerto,consenso,,0,0
RS3833,excluir,consenso,C1|C2,0,0
RS3834,excluir,consenso,C2,0,0
RS3835,incerto,consenso,,0,0
RS3836,incerto,consenso,,0,0
RS3837,excluir,consenso,C2,0,0
RS3838,excluir,consenso,C1|C2,0,0
RS3839,incerto,humano,,0,1
RS3840,excluir,consenso,C1,0,0
RS3841,excluir,consenso,C2,0,0
RS3842,excluir,consenso,C2,0,0
RS3843,excluir,consenso,C1|C2,0,0
RS3844,incerto,humano,,0,1
RS3845,excluir,consenso,C1,0,0
RS3846,excluir,humano,C1,0,1
RS3847,incerto,regra_liberal,,1,0
RS3848,incerto,regra_liberal,,1,0
RS3849,incerto,regra_liberal,,1,0
RS3850,excluir,consenso,C2,0,0
RS3851,incerto,humano,,0,1
RS3852,incerto,consenso,,0,0
RS3853,incerto,humano,,0,1
RS3854,incerto,consenso,,0,0
RS3855,incerto,humano,,0,1
RS3857,excluir,humano,C1,0,1
RS3858,excluir,consenso,C1,0,0
RS3861,excluir,consenso,C2,0,0
RS3862,excluir,consenso,C2,0,0
RS3863,incerto,humano,,0,1
RS3864,excluir,humano,C4,0,1
RS3867,incerto,consenso,,0,0
RS3868,excluir,consenso,C1,0,0
RS3869,excluir,consenso,C2,0,0
RS3870,excluir,consenso,C2,0,0
RS3871,excluir,consenso,C2,0,0
RS3872,excluir,consenso,C1,0,0
RS3873,excluir,consenso,C2,0,0
RS3874,excluir,consenso,C2,0,0
RS3875,incerto,humano,,0,1
RS3876,incerto,consenso,,0,0
RS3878,excluir,consenso,C1|C2,0,0
RS3879,excluir,humano,C2,0,1
RS3880,excluir,consenso,C2,0,0
RS3887,incerto,humano,,0,1
RS3891,excluir,consenso,C1,0,0
RS3892,excluir,consenso,C2,0,0
RS3893,excluir,consenso,C2,0,0
RS3895,incerto,humano,,0,1
RS3897,incerto,humano,,0,1
RS3899,incerto,humano,,0,1
RS3900,incerto,consenso,,0,0
RS3902,incluir,consenso,,0,0
RS3903,incerto,consenso,,0,0
RS3905,incerto,humano,,0,1
RS3906,incerto,humano,,0,1
RS3908,incerto,consenso,,0,0
RS3909,incerto,consenso,,0,0
RS3910,incerto,humano,,0,1
RS3912,excluir,consenso,C1,0,0
RS3913,excluir,humano,C2,0,1
RS3914,excluir,consenso,C1|C2,0,0
RS3915,excluir,consenso,C2,0,0
RS3916,excluir,consenso,C2,0,0
RS3917,excluir,consenso,C2,0,0
RS3918,excluir,consenso,C4,0,0
RS3919,incerto,humano,,0,1
RS3920,excluir,humano,C2,0,1
RS3921,incerto,regra_liberal,,1,0
RS3922,excluir,consenso,C1|C2,0,0
RS3923,excluir,consenso,C2,0,0
RS3924,excluir,consenso,C1|C2,0,0
RS3925,excluir,humano,C3,0,1
RS3926,excluir,humano,C1,0,1
RS3928,excluir,consenso,C2,0,0
RS3929,incerto,humano,,0,1
RS3930,excluir,consenso,C1,0,0
RS3931,incerto,consenso,,0,0
RS3932,excluir,consenso,C2,0,0
RS3933,excluir,consenso,C2,0,0
RS3938,excluir,consenso,C2,0,0
RS3940,excluir,consenso,C2|C5,0,0
RS3941,incerto,consenso,,0,0
RS3942,incerto,consenso,,0,0
RS3945,excluir,consenso,C2,0,0
RS3947,excluir,consenso,C1,0,0
RS3948,excluir,consenso,C1,0,0
RS3949,excluir,consenso,C1,0,0
RS3950,excluir,consenso,C1|C2,0,0
RS3951,excluir,consenso,C1,0,0
RS3952,excluir,consenso,C2,0,0
RS3953,excluir,consenso,C2,0,0
RS3954,incerto,regra_liberal,,1,0
RS3955,excluir,humano,C1,0,1
RS3956,excluir,consenso,C4,0,0
RS3957,incerto,humano,,0,1
RS3958,excluir,humano,C1,0,1
RS3959,excluir,consenso,C3,0,0
RS3960,excluir,consenso,C1,0,0
RS3961,excluir,consenso,C1|C2,0,0
RS3962,excluir,humano,C2,0,1
RS3963,excluir,consenso,C1,0,0
RS3964,excluir,consenso,C2,0,0
RS3965,incerto,consenso,,0,0
RS3966,excluir,consenso,C3,0,0
RS3967,excluir,consenso,C2,0,0
RS3968,excluir,consenso,C2|C1,0,0
RS3969,excluir,consenso,C1|C3,0,0
RS3970,incerto,humano,,0,1
RS3971,excluir,consenso,C2,0,0
RS3973,excluir,consenso,C3,0,0
RS3974,excluir,consenso,C1,0,0
RS3975,excluir,humano,C2,0,1
RS3976,excluir,consenso,C2,0,0
RS3977,excluir,consenso,C3,0,0
RS3978,incluir,consenso,,0,0
RS3979,excluir,consenso,C1|C2,0,0
RS3980,incerto,regra_liberal,,1,0
RS3981,excluir,consenso,C1,0,0
RS3982,excluir,humano,C2,0,1
RS3983,excluir,consenso,C1|C2,0,0
RS3984,incerto,consenso,,0,0
RS3985,excluir,humano,C1,0,1
RS3986,excluir,consenso,C1,0,0
RS3987,excluir,consenso,C1|C3,0,0
RS3988,excluir,consenso,C1,0,0
RS3989,excluir,consenso,C2,0,0
RS3990,excluir,consenso,C1|C2,0,0
RS3991,excluir,consenso,C2,0,0
RS3992,excluir,consenso,C1|C2,0,0
RS3993,excluir,consenso,C2,0,0
RS3994,incerto,consenso,,0,0
RS3995,excluir,consenso,C1,0,0
RS3996,excluir,consenso,C2,0,0
RS3999,excluir,humano,C1,0,1
RS4000,incluir,consenso,,0,0
RS4001,excluir,consenso,C2,0,0
RS4002,excluir,consenso,C2,0,0
RS4003,excluir,consenso,C1,0,0
RS4004,excluir,consenso,C1,0,0
RS4005,incerto,consenso,,0,0
RS4006,excluir,consenso,C2,0,0
RS4007,excluir,consenso,C1,0,0
RS4008,incerto,regra_liberal,,1,0
RS4009,incerto,consenso,,0,0
RS4010,excluir,consenso,C3|C2,0,0
RS4011,incerto,regra_liberal,,1,0
RS4012,excluir,consenso,C2,0,0
RS4013,excluir,consenso,C1,0,0
RS4014,excluir,consenso,C3,0,0
RS4015,incerto,regra_liberal,,1,0
RS4016,incerto,regra_liberal,,1,0
RS4017,excluir,consenso,C5|C2,0,0
RS4018,incerto,consenso,,0,0
RS4019,excluir,consenso,C1,0,0
RS4020,incerto,consenso,,0,0
RS4021,excluir,consenso,C1,0,0
RS4022,excluir,consenso,C2,0,0
RS4023,excluir,humano,C1,0,1
RS4024,incerto,humano,,0,1
RS4025,incerto,humano,,0,1
RS4026,excluir,consenso,C2,0,0
RS4027,excluir,consenso,C1,0,0
RS4028,incerto,humano,,0,1
RS4029,excluir,consenso,C2,0,0
RS4030,incerto,humano,,0,1
RS4031,excluir,consenso,C2,0,0
RS4032,incerto,consenso,,0,0
RS4033,excluir,consenso,C1|C2,0,0
RS4034,excluir,consenso,C3,0,0
RS4035,excluir,consenso,C1,0,0
RS4036,excluir,consenso,C2,0,0
RS4037,excluir,consenso,C2,0,0
RS4038,incerto,humano,,0,1
RS4039,excluir,consenso,C2,0,0
RS4040,excluir,consenso,C2,0,0
RS4041,excluir,consenso,C3,0,0
RS4042,excluir,consenso,C1,0,0
RS4043,excluir,consenso,C2,0,0
RS4044,excluir,consenso,C2,0,0
RS4045,excluir,consenso,C2,0,0
RS4046,excluir,consenso,C1,0,0
RS4047,excluir,consenso,C1,0,0
RS4048,excluir,consenso,C1,0,0
RS4049,incerto,consenso,,0,0
RS4050,excluir,consenso,C2,0,0
RS4051,excluir,consenso,C1,0,0
RS4052,excluir,consenso,C2,0,0
RS4053,incerto,consenso,,0,0
RS4054,excluir,consenso,C2,0,0
RS4055,excluir,consenso,C1,0,0
RS4056,incerto,humano,,0,1
RS4057,excluir,humano,C1,0,1
RS4058,excluir,consenso,C1,0,0
RS4059,excluir,humano,C5,0,1
RS4060,excluir,consenso,C1,0,0
RS4061,excluir,consenso,C2,0,0
RS4062,incerto,humano,,0,1
RS4063,incerto,humano,,0,1
RS4064,incerto,humano,,0,1
RS4065,incerto,humano,,0,1
RS4066,excluir,consenso,C1,0,0
RS4067,excluir,consenso,C3,0,0
RS4068,excluir,consenso,C2,0,0
RS4069,excluir,consenso,C2,0,0
RS4070,excluir,consenso,C1,0,0
RS4071,incerto,regra_liberal,,1,0
RS4072,excluir,consenso,C3,0,0
RS4073,excluir,consenso,C1,0,0
RS4074,excluir,consenso,C1,0,0
RS4075,excluir,consenso,C1|C2,0,0
RS4076,excluir,consenso,C2,0,0
RS4077,excluir,consenso,C2,0,0
RS4078,excluir,consenso,C1,0,0
RS4079,excluir,consenso,C2,0,0
RS4080,excluir,consenso,C5|C2,0,0
RS4081,excluir,consenso,C2,0,0
RS4082,excluir,consenso,C2,0,0
RS4083,excluir,consenso,C1|C2,0,0
RS4084,excluir,consenso,C2,0,0
RS4085,excluir,consenso,C2,0,0
RS4086,incerto,humano,,0,1
RS4087,excluir,consenso,C2,0,0
RS4088,excluir,consenso,C1,0,0
RS4089,excluir,consenso,C1,0,0
RS4090,excluir,consenso,C1|C2,0,0
RS4091,excluir,humano,C1,0,1
RS4092,excluir,consenso,C2,0,0
RS4093,incerto,humano,,0,1
RS4094,excluir,consenso,C1,0,0
RS4095,excluir,consenso,C1|C2,0,0
RS4096,excluir,consenso,C2,0,0
RS4097,excluir,consenso,C2,0,0
RS4098,excluir,consenso,C2,0,0
RS4099,excluir,consenso,C1|C2,0,0
RS4100,excluir,consenso,C1,0,0
RS4101,excluir,consenso,C2,0,0
RS4102,excluir,consenso,C1,0,0
RS4103,incerto,consenso,,0,0
RS4104,excluir,humano,C2,0,1
RS4105,excluir,consenso,C2,0,0
RS4106,excluir,consenso,C1,0,0
RS4107,excluir,consenso,C1,0,0
RS4108,excluir,consenso,C2,0,0
RS4109,excluir,consenso,C2,0,0
RS4110,incerto,humano,,0,1
RS4111,excluir,consenso,C2,0,0
RS4112,excluir,humano,C2,0,1
RS4113,excluir,consenso,C2,0,0
RS4114,incerto,consenso,,0,0
RS4115,incerto,humano,,0,1
RS4116,incerto,humano,,0,1
RS4117,excluir,consenso,C2|C3,0,0
RS4118,excluir,consenso,C1,0,0
RS4119,incerto,humano,,0,1
RS4122,excluir,consenso,C1,0,0
RS4123,incerto,humano,,0,1
RS4125,excluir,consenso,C1,0,0
RS4126,excluir,consenso,C2,0,0
RS4128,excluir,consenso,C1|C2,0,0
RS4129,incerto,humano,,0,1
RS4130,incerto,humano,,0,1
RS4131,excluir,consenso,C1|C2,0,0
RS4133,incerto,consenso,,0,0
RS4134,excluir,consenso,C2,0,0
RS4136,excluir,consenso,C2,0,0
RS4137,excluir,consenso,C2,0,0
RS4138,excluir,consenso,C2,0,0
RS4139,excluir,consenso,C2,0,0
RS4142,excluir,consenso,C2,0,0
RS4144,excluir,consenso,C1|C2,0,0
RS4151,excluir,consenso,C2,0,0
RS4152,excluir,consenso,C2,0,0
RS4153,excluir,consenso,C1,0,0
RS4157,incluir,consenso,,0,0
RS4161,excluir,consenso,C2,0,0
RS4162,excluir,consenso,C1|C2,0,0
RS4163,excluir,consenso,C2,0,0
RS4167,incerto,consenso,,0,0
RS4177,excluir,consenso,C1,0,0
RS4179,excluir,consenso,C2,0,0
RS4183,incerto,regra_liberal,,1,0
RS4186,excluir,consenso,C1,0,0
RS4190,excluir,consenso,C2,0,0
RS4193,excluir,consenso,C2,0,0
RS4201,excluir,humano,C1,0,1
RS4203,incerto,consenso,,0,0
RS4208,incerto,humano,,0,1
RS4209,incerto,consenso,,0,0
RS4212,incerto,consenso,,0,0
RS4213,incerto,humano,,0,1
RS4214,excluir,consenso,C2,0,0
RS4215,excluir,humano,C1,0,1
RS4220,incerto,consenso,,0,0
RS4221,incerto,humano,,0,1
RS4225,excluir,consenso,C1,0,0
RS4227,excluir,consenso,C1|C2,0,0
RS4228,excluir,consenso,C1|C2,0,0
RS4229,excluir,consenso,C2,0,0
RS4230,excluir,consenso,C1|C2,0,0
RS4238,excluir,consenso,C2,0,0
RS4239,excluir,consenso,C1|C2,0,0
RS4241,excluir,consenso,C1|C2,0,0
RS4242,excluir,consenso,C2,0,0
RS4246,excluir,consenso,C2,0,0
RS4247,excluir,consenso,C1,0,0
RS4248,excluir,consenso,C1,0,0
RS4249,excluir,consenso,C2,0,0
RS4252,incerto,consenso,,0,0
RS4254,excluir,consenso,C2,0,0
RS4256,excluir,consenso,C1,0,0
RS4258,excluir,consenso,C2,0,0
RS4260,excluir,consenso,C1|C2,0,0
RS4261,excluir,consenso,C1,0,0
RS4266,excluir,consenso,C2,0,0
RS4267,excluir,humano,C1,0,1
RS4268,incerto,humano,,0,1
RS4269,excluir,consenso,C2,0,0
RS4272,incerto,humano,,0,1
RS4274,excluir,consenso,C1|C2,0,0
RS4275,excluir,consenso,C1,0,0
RS4279,incerto,regra_liberal,,1,0
RS4280,excluir,consenso,C1,0,0
RS4281,incerto,humano,,0,1
RS4282,excluir,consenso,C2,0,0
RS4286,excluir,consenso,C2,0,0
RS4289,excluir,consenso,C2,0,0
RS4293,incerto,consenso,,0,0
RS4294,incerto,humano,,0,1
RS4295,incerto,consenso,,0,0
RS4296,excluir,humano,C2,0,1
RS4297,incerto,humano,,0,1
RS4298,excluir,consenso,C1,0,0
RS4299,excluir,consenso,C1,0,0
RS4300,excluir,consenso,C1,0,0
RS4301,excluir,consenso,C2,0,0
RS4302,excluir,consenso,C2,0,0
RS4307,excluir,consenso,C2,0,0
RS4308,excluir,consenso,C2,0,0
RS4310,excluir,consenso,C1,0,0
RS4311,excluir,consenso,C1,0,0
RS4312,excluir,consenso,C2,0,0
RS4313,excluir,consenso,C2,0,0
RS4315,incerto,consenso,,0,0
RS4316,excluir,consenso,C1,0,0
RS4320,excluir,consenso,C2,0,0
RS4321,excluir,consenso,C2,0,0
RS4322,incerto,consenso,,0,0
RS4323,excluir,consenso,C1|C2,0,0
RS4324,excluir,consenso,C2,0,0
RS4325,excluir,consenso,C1|C3,0,0
RS4326,excluir,consenso,C1,0,0
RS4327,excluir,consenso,C1|C2,0,0
RS4328,excluir,consenso,C1,0,0
RS4329,excluir,consenso,C1,0,0
RS4330,excluir,consenso,C1,0,0
RS4331,excluir,consenso,C2,0,0
RS4332,excluir,consenso,C1,0,0
RS4333,excluir,consenso,C2,0,0
RS4334,excluir,consenso,C2,0,0
RS4335,incerto,humano,,0,1
RS4337,incerto,consenso,,0,0
RS4338,excluir,consenso,C2,0,0
RS4339,incerto,humano,,0,1
RS4340,excluir,consenso,C2,0,0
RS4341,excluir,consenso,C2,0,0
RS4342,excluir,consenso,C2,0,0
RS4343,excluir,consenso,C2,0,0
RS4344,incerto,humano,,0,1
RS4345,excluir,consenso,C2,0,0
RS4346,incerto,consenso,,0,0
RS4347,excluir,consenso,C1,0,0
RS4348,excluir,consenso,C2,0,0
RS4349,excluir,humano,C1,0,1
RS4350,excluir,consenso,C1,0,0
RS4351,excluir,humano,C2,0,1
RS4352,excluir,consenso,C1,0,0
RS4353,incerto,consenso,,0,0
RS4354,incerto,humano,,0,1
RS4355,excluir,humano,C1,0,1
RS4356,excluir,humano,C1,0,1
RS4357,incerto,humano,,0,1
RS4358,excluir,consenso,C2,0,0
RS4359,excluir,consenso,C2,0,0
RS4360,excluir,consenso,C1,0,0
RS4361,incerto,regra_liberal,,1,0
RS4362,incerto,consenso,,0,0
RS4363,excluir,consenso,C2,0,0
RS4364,excluir,consenso,C2,0,0
RS4365,excluir,consenso,C2,0,0
RS4366,excluir,consenso,C1,0,0
RS4367,incerto,consenso,,0,0
RS4368,excluir,consenso,C2,0,0
RS4369,incerto,humano,,0,1
RS4370,incerto,humano,,0,1
RS4371,excluir,consenso,C2,0,0
RS4372,incerto,humano,,0,1
RS4373,excluir,consenso,C2,0,0
RS4374,incerto,humano,,0,1
RS4375,incerto,regra_liberal,,1,0
RS4376,excluir,consenso,C1,0,0
RS4377,incerto,consenso,,0,0
RS4378,excluir,humano,C2,0,1
RS4379,excluir,consenso,C1,0,0
RS4381,excluir,consenso,C2,0,0
RS4382,incerto,humano,,0,1
RS4383,excluir,humano,C2,0,1
RS4384,incerto,humano,,0,1
RS4385,incerto,humano,,0,1
RS4386,excluir,consenso,C2,0,0
RS4388,excluir,consenso,C1|C2,0,0
RS4389,excluir,consenso,C1,0,0
RS4390,excluir,consenso,C1|C3,0,0
RS4391,excluir,consenso,C1,0,0
RS4392,excluir,consenso,C2|C1,0,0
RS4393,excluir,consenso,C1|C2,0,0
RS4394,excluir,consenso,C1,0,0
RS4395,incerto,humano,,0,1
RS4396,excluir,consenso,C2,0,0
RS4397,excluir,humano,C5,0,1
RS4398,excluir,consenso,C1,0,0
RS4399,excluir,consenso,C2,0,0
RS4400,excluir,consenso,C1,0,0
RS4401,incerto,humano,,0,1
RS4402,incerto,consenso,,0,0
RS4403,excluir,consenso,C2,0,0
RS4404,excluir,consenso,C1,0,0
RS4405,excluir,consenso,C2,0,0
RS4406,excluir,consenso,C2,0,0
RS4407,excluir,consenso,C2,0,0
RS4408,excluir,consenso,C1|C2,0,0
RS4409,excluir,consenso,C1|C2,0,0
RS4410,excluir,consenso,C2,0,0
RS4411,excluir,consenso,C2,0,0
RS4412,excluir,consenso,C2,0,0
RS4413,incerto,humano,,0,1
RS4414,excluir,consenso,C2,0,0
RS4415,excluir,consenso,C1|C2,0,0
RS4416,excluir,consenso,C1,0,0
RS4417,excluir,consenso,C1,0,0
RS4419,excluir,consenso,C2|C5,0,0
RS4421,incerto,humano,,0,1
RS4428,incerto,humano,,0,1
RS4430,excluir,consenso,C2,0,0
RS4433,excluir,consenso,C1,0,0
RS4434,incerto,humano,,0,1
RS4436,excluir,consenso,C2,0,0
RS4438,excluir,consenso,C1,0,0
RS4439,excluir,humano,C1,0,1
RS4440,incerto,consenso,,0,0
RS4441,excluir,consenso,C2,0,0
RS4442,excluir,consenso,C1,0,0
RS4443,excluir,consenso,C1|C2,0,0
RS4444,excluir,consenso,C2|C1,0,0
RS4445,incerto,consenso,,0,0
RS4446,excluir,consenso,C1,0,0
RS4447,excluir,consenso,C2,0,0
RS4448,incerto,consenso,,0,0
RS4449,incerto,humano,,0,1
RS4450,excluir,consenso,C1,0,0
RS4451,excluir,consenso,C1,0,0
RS4452,excluir,consenso,C1,0,0
RS4453,excluir,consenso,C1|C2,0,0
RS4454,excluir,consenso,C1,0,0
RS4458,excluir,consenso,C2|C1,0,0
RS4459,excluir,consenso,C1,0,0
RS4461,incerto,consenso,,0,0
RS4462,excluir,consenso,C2,0,0
RS4463,incerto,regra_liberal,,1,0
RS4464,excluir,consenso,C1,0,0
RS4465,excluir,consenso,C2,0,0
RS4466,incerto,consenso,,0,0
RS4467,excluir,consenso,C1|C2,0,0
RS4468,incerto,consenso,,0,0
RS4469,excluir,consenso,C2,0,0
RS4470,excluir,consenso,C1,0,0
RS4471,incerto,consenso,,0,0
RS4472,excluir,consenso,C1|C2,0,0
RS4473,excluir,consenso,C1,0,0
RS4474,excluir,consenso,C1,0,0
RS4475,excluir,consenso,C2,0,0
RS4476,incerto,consenso,,0,0
RS4477,excluir,consenso,C2,0,0
RS4478,excluir,consenso,C1,0,0
RS4479,excluir,consenso,C2,0,0
RS4480,excluir,consenso,C1,0,0
RS4481,excluir,humano,C2,0,1
RS4482,incerto,humano,,0,1
RS4483,excluir,consenso,C2|C3,0,0
RS4484,excluir,consenso,C1|C2,0,0
RS4485,excluir,consenso,C2,0,0
RS4486,excluir,consenso,C1|C2,0,0
RS4487,incerto,consenso,,0,0
RS4488,excluir,consenso,C1|C2,0,0
RS4489,excluir,consenso,C1,0,0
RS4490,excluir,consenso,C1|C2,0,0
RS4491,excluir,consenso,C2,0,0
RS4492,excluir,consenso,C2,0,0
RS4493,incerto,consenso,,0,0
RS4494,excluir,consenso,C2,0,0
RS4495,excluir,consenso,C2,0,0
RS4496,excluir,consenso,C2,0,0
RS4497,excluir,consenso,C2,0,0
RS4498,excluir,consenso,C2,0,0
RS4499,excluir,humano,C1,0,1
RS4500,incerto,humano,,0,1
RS4501,incerto,humano,,0,1
RS4502,incerto,humano,,0,1
RS4503,excluir,humano,C1,0,1
RS4504,excluir,consenso,C1,0,0
RS4505,excluir,consenso,C2,0,0
RS4506,excluir,consenso,C2,0,0
RS4507,incerto,humano,,0,1
RS4508,incerto,consenso,,0,0
RS4509,excluir,consenso,C2,0,0
RS4510,excluir,consenso,C1|C2,0,0
RS4511,excluir,consenso,C4,0,0
RS4512,incerto,humano,,0,1
RS4513,incerto,humano,,0,1
RS4514,excluir,consenso,C2|C1,0,0
RS4515,excluir,consenso,C2,0,0
RS4516,incerto,humano,,0,1
RS4517,excluir,consenso,C2,0,0
RS4518,incerto,humano,,0,1
RS4519,excluir,consenso,C2,0,0
RS4520,excluir,consenso,C1|C2,0,0
RS4521,excluir,consenso,C2,0,0
RS4522,excluir,consenso,C2,0,0
RS4523,excluir,consenso,C2,0,0
RS4524,excluir,consenso,C2,0,0
RS4525,excluir,consenso,C2,0,0
RS4526,excluir,consenso,C1,0,0
RS4527,excluir,humano,C1,0,1
RS4528,excluir,humano,C2,0,1
RS4531,excluir,consenso,C2|C5,0,0
RS4534,incerto,regra_liberal,,1,0
RS4540,excluir,consenso,C2,0,0
RS4542,excluir,consenso,C2,0,0
RS4543,incerto,consenso,,0,0
RS4545,excluir,consenso,C2,0,0
RS4548,incerto,consenso,,0,0
RS4563,excluir,consenso,C2,0,0
RS4568,incerto,consenso,,0,0
RS4574,incerto,consenso,,0,0
RS4577,excluir,consenso,C2,0,0
RS4578,incerto,humano,,0,1
RS4581,excluir,consenso,C2,0,0
RS4587,incerto,humano,,0,1
RS4591,incerto,humano,,0,1
RS4593,incerto,humano,,0,1
RS4594,excluir,consenso,C2,0,0
RS4595,excluir,consenso,C2,0,0
RS4597,excluir,consenso,C2,0,0
RS4598,excluir,humano,C2,0,1
RS4599,excluir,humano,C2,0,1
RS4606,excluir,consenso,C2,0,0
RS4608,excluir,consenso,C2,0,0
RS4609,incerto,humano,,0,1
RS4610,excluir,consenso,C1,0,0
RS4611,excluir,consenso,C2,0,0
RS4612,excluir,consenso,C2,0,0
RS4613,excluir,consenso,C2,0,0
RS4614,excluir,consenso,C2,0,0
RS4616,excluir,consenso,C2,0,0
RS4617,excluir,consenso,C1,0,0
RS4619,excluir,consenso,C1,0,0
RS4621,excluir,consenso,C2,0,0
RS4622,excluir,consenso,C2|C1,0,0
RS4625,excluir,consenso,C2,0,0
RS4627,excluir,consenso,C2,0,0
RS4629,incerto,humano,,0,1
RS4630,excluir,consenso,C2,0,0
RS4631,excluir,consenso,C1|C2,0,0
RS4632,incerto,consenso,,0,0
RS4633,excluir,consenso,C1,0,0
RS4634,excluir,humano,C1,0,1
