id_efeito,ficha_id,chave,id_estudo,desenho,estimando,outcome,construto_outcome,direcao_desejada,modelo,modelo_principal,subgrupo,tipo_estatistica,m1,sd1,n1,m2,sd2,n2,t,df,f,beta,se,sdy,or_,ci_lo,ci_hi,r,p,n_total,cluster,icc,evidencia,pagina,verificado_humano,yi,vi,sei,formula_id,aproximado,sinal_alinhado,aviso,q1_1,q3_1,q1_2,q3_2,m_preditores,p0,p1,efeito_pp,se_pp,familia_intervencao,comparador_tipo,alvo_efeito,desenho_fino,regiao,tipo_eleicao,realismo_contexto,ano_eleicao_pre2010,sistema_eleitoral,rob_geral,celula_alvo,beta_proxy_sinal,nulo_por_delta,fora_contagem
Araujo2021a-E01,Araujo2021a,Araujo2021a,ES3796,experimento natural,ITT,share of votes for Bolsonaro (frontrunner),apoio_ao_lider,aumentar,"Figura 2, Modelo 1 (frontrunner), OLS, primeiro turno",sim,,dif_prop,,,,,,,,,,,,,,,,,,452656,,,support for the announced frontrunner is 5.69 pp higher in treated units,12,,0.12748538855049,1.09410620895786e-05,0.00330772763231476,dif_prop_lpm,1,mantido,d via log OR (Chinn 2000): pressupõe distribuição logística latente; p1 reconstruído como p0 + efeito_pp/100; grupos assumidos iguais (n_total/2),,,,,,0.4112,,5.69,,outro,unidades_nao_expostas,lider,experimento_natural,brasil,candidato_partido,real,nao,maioria_dois_turnos,grave,principal,,,
Araujo2021a-E06,Araujo2021a,Araujo2021a,ES3796,experimento natural,ITT,share of votes for Bolsonaro (frontrunner),apoio_ao_lider,aumentar,"Figura 3, Modelo 1 (frontrunner), OLS, segundo turno",sim,,dif_prop,,,,,,,,,,,,,,,,,,453016,,,Bolsonaro’s vote share increases by 11.76 pp in voting machines where,14,,0.263115974647232,1.09984126508281e-05,0.00331638547983012,dif_prop_lpm,1,mantido,d via log OR (Chinn 2000): pressupõe distribuição logística latente; p1 reconstruído como p0 + efeito_pp/100; grupos assumidos iguais (n_total/2),,,,,,0.49,,11.76,,outro,unidades_nao_expostas,lider,experimento_natural,brasil,candidato_partido,real,nao,maioria_dois_turnos,grave,principal,,,
Brugarolas2021-E01,Brugarolas2021,Brugarolas2021,ES1705,RDD (experimento natural),ITT,turnout intention (proporção de entrevistados que disseram que votariam nas eleições nacionais),mobilizacao,aumentar,"Seção 3.2 ""Main Result"": diferença de médias entre tratados e controles na janela [-0.8, 0.8] dias em torno da divulgação do Poll1, estimada por métodos de randomização local (pacote rdrandinf), sem controles; janela escolhida pelo algoritmo de seleção por testes de balanceamento aninhados; Figura 2 (p. 5 do PDF); IC estimado pelo mesmo pacote. Não há tabela numerada no corpo (Tabelas A2-A6 estão no SI Appendix, não anexado a este PDF)",sim,,dif_prop,,,,,,,,,,,,,,2.0,9.0,,,,,,"We found that ... release increased the turnout intention by 5.1% (CI: [2.0,9.0]).",6,,0.259370047821368,0.0119667549303224,0.109392663969401,dif_prop_lpm,1,mantido,"d via log OR (Chinn 2000): pressupõe distribuição logística latente; p1 reconstruído como p0 + efeito_pp/100; Var(ln OR) pelo EP do efeito em pp (método delta, p0 fixo); efeito de LPM/DiD/RDD: conversão aproximada (sensibilidade sem aproximados); gl indisponível: sem correção J (valor é d, não g)",,,,,,0.849,,5.1,,pesquisa_pre_eleitoral,unidades_nao_expostas,nao_se_aplica,experimento_natural,outro,candidato_partido,real,nao,999,moderado,mobilizacao,,,
Chatterjee2019a-E02,Chatterjee2019a,Chatterjee2019a,ES1538,"DiD (experimento natural: proibicao de divulgacao de resultados de boca de urna na India, Representation of the People (Amendment) Act 2009, em vigor desde 1/2/2010)",ATT,"Winner - vote share of the eventual winner (Vote Share Winner, pontos percentuais)",apoio_ao_lider,aumentar,"Tabela 3, bloco Winner, coluna 2 (com controles: population, sex ratio, literacy, total electors, urban employment); DiD Y = a + b*alwaysmulti + g*after + d*(alwaysmulti x after) (+ controles), MQO com EP robusto; eleicoes de assembleia estadual (4 estados, 2004-2010)",sim,,beta_sd,,,,,,,,,,-2.921,1.196,9.97,,,,,,1352,,,Winner Runner-Up Others ˆδ 0.652 2.921* -2.278*** 0.738 1.781 -2.934* (1.012) (1.196) (0.778) (0.987) (1.349) (1.461) Controls No Yes No Yes No Yes ... Obs 1352 1352 1352 1352 1352 1352,21,,-0.292816140586977,0.0143743849015459,0.119893222917502,beta_sd,0,mantido,estimando ATT: não comparável diretamente a ATE; analisar em separado ou em sensibilidade,,,,,,0.4404,,-2.921,1.196,boca_de_urna,antes_depois_proibicao,lider,experimento_natural,outro,candidato_partido,real,sim,pluralidade,alto,principal,,,
Chatterjee2019a-E08,Chatterjee2019a,Chatterjee2019a,ES1538,"DiD (experimento natural: proibicao de divulgacao de resultados de boca de urna na India, Representation of the People (Amendment) Act 2009, em vigor desde 1/2/2010)",ATT,"Winner - vote share of the eventual winner (Vote Share Winner, pontos percentuais)",apoio_ao_lider,aumentar,"Tabela 4, bloco Winner, coluna 2 (com controles: population, sex ratio, literacy, total electors, urban employment); DiD Y = a + b*alwaysmulti + g*after + d*(alwaysmulti x after) (+ controles), MQO com EP robusto; eleicoes gerais/nacionais (5 eleicoes, 1998-2014)",sim,,beta_sd,,,,,,,,,,-3.504,1.286,8.42,,,,,,1737,,,Winner Runner-Up Others ˆδ 2.452* 3.504** -0.016 1.264 -2.436 -4.768** (1.197) (1.286) (0.984) (0.941) (1.449) (1.600) Controls No Yes No Yes No Yes ... Obs 1740 1737 1740 1737 1740 1737,23,,-0.415972100273883,0.0233067730978986,0.152665559632481,beta_sd,0,mantido,estimando ATT: não comparável diretamente a ATE; analisar em separado ou em sensibilidade,,,,,,0.4665,,-3.504,1.286,boca_de_urna,antes_depois_proibicao,lider,experimento_natural,outro,candidato_partido,real,sim,pluralidade,alto,principal,,,
Chatterjee2019a-E14,Chatterjee2019a,Chatterjee2019a,ES1538,"DiD (experimento natural: proibicao de divulgacao de resultados de boca de urna na India, Representation of the People (Amendment) Act 2009, em vigor desde 1/2/2010)",ATT,"Voter Turnout (Poll Percentage) - comparecimento na constituencia, pontos percentuais",mobilizacao,aumentar,"Tabela 7, bloco Voter Turnout, coluna 2 (com controles: population, sex ratio, literacy, total electors, urban employment); DiD Y = a + b*alwaysmulti + g*after + d*(alwaysmulti x after) (+ controles), MQO com EP robusto; eleicoes de assembleia estadual (4 estados, 2004-2010)",sim,,beta_sd,,,,,,,,,,-4.706,1.290,13.28,,,,,,1355,,,Voter Turnout Winning Margin ˆδ 9.492*** 4.706*** 2.930** 2.183 (0.944) (1.290) (1.194) (1.593) Controls No Yes No Yes ... Obs 1355 1355 1352 1352,28,,-0.354170999280805,0.00942543859747885,0.0970846980603991,beta_sd,0,mantido,estimando ATT: não comparável diretamente a ATE; analisar em separado ou em sensibilidade,,,,,,0.6050,,-4.706,1.290,boca_de_urna,antes_depois_proibicao,nao_se_aplica,experimento_natural,outro,candidato_partido,real,sim,pluralidade,alto,mobilizacao,,,
Chatterjee2019a-E16,Chatterjee2019a,Chatterjee2019a,ES1538,"DiD (experimento natural: proibicao de divulgacao de resultados de boca de urna na India, Representation of the People (Amendment) Act 2009, em vigor desde 1/2/2010)",ATT,"Voter Turnout (Poll Percentage) - comparecimento na constituencia, pontos percentuais",mobilizacao,aumentar,"Tabela 8, bloco Voter Turnout, coluna 2 (com controles: population, sex ratio, literacy, total electors, urban employment); DiD Y = a + b*alwaysmulti + g*after + d*(alwaysmulti x after) (+ controles), MQO com EP robusto; eleicoes gerais/nacionais (5 eleicoes, 1998-2014)",sim,,beta_sd,,,,,,,,,,0.897,1.292,11.84,,,,,,1737,,,Voter Turnout Winning Margin ˆδ -3.518* -0.897 2.44 2.186 (1.278) (1.292) (1.639) (1.580) Controls No Yes No Yes ... Obs 1740 1737 1740 1737,29,,0.0757273810775756,0.0118972343543932,0.109074444093899,beta_sd,0,mantido,estimando ATT: não comparável diretamente a ATE; analisar em separado ou em sensibilidade,,,,,,0.6208,,0.897,1.292,boca_de_urna,antes_depois_proibicao,nao_se_aplica,experimento_natural,outro,candidato_partido,real,sim,pluralidade,alto,mobilizacao,,,
Cornejo2023a-E05,Cornejo2023a,Cornejo2023a,ES1625,"RCT (survey experiment, aleatorizacao individual)",ATE,Support for the anti-PRI candidate with better standing in the polls,apoio_ao_lider,aumentar,"Tabela A6 (Logistic Regression Model - Vote Choice Effect, among opposition and undecided voters), col. (1) «Aggregate Effect» (figura 4, painel «3rd Parties + DK»); coeficiente de «Strategic Voting Effect»; controle: State dummy",sim,,or,,,,,,,,,,0.35,0.19,,1.419068,,,,<0.1,545,,,Strategic Voting Effect 0.35* 0.60** 0.65* 0.16 0.66** -0.09 (0.19) (0.28) (0.36) (0.26) (0.30) (1.44)...Observations 545 257 198 288 218 73,34,,0.192698639367129,0.0109427787920551,0.104607737725539,or_logit,0,mantido,assume distribuição logística latente (d = ln(OR)·√3/π); se interpretado como EP de ln(OR),,,,,,,,,,pesquisa_pre_eleitoral,sem_pesquisa,segundo_viavel,survey_experiment,america_latina,candidato_partido,real,nao,pluralidade,algumas_preocupacoes,viabilidade,,,
Dahlgaard2016a-E01,Dahlgaard2016a,Dahlgaard2016a,ES1524,RCT (survey experiment),ITT,"intenção de voto no Partido Social-Democrata (support in pct., Figura 3)",apoio_ao_lider,aumentar,"Figura 3, painel esquerdo (Social-Democratas): artigo de ganho vs. grupo de controle",sim,,dif_prop,,,600,,,600,,,,,,,,,,,0.14,1700,,,"In the control group, the support for the Social Democrats is 18.1% ... The group which read the gain article had a 3.4 percentage point higher support than the control group, which corresponds to a support of 21.5%.",10,,0.11820878699185,0.00641112211902608,0.080069483069557,dif_prop_contagens,0,mantido,d via log OR (Chinn 2000): pressupõe distribuição logística latente,,,,,,0.181,0.215,3.4,,pesquisa_pre_eleitoral,sem_pesquisa,nao_se_aplica,survey_experiment,outro,candidato_partido,real,nao,proporcional,algumas_preocupacoes,momentum,,,
Erlich2023-E01,Erlich2023,Erlich2023,ES3980,RCT (lab-in-the-field com blocagem multivariada contínua e randomização sequencial; 3 braços: placebo e dois tratamentos),ATE,Vote (comparecimento autodeclarado na pesquisa telefônica pós-eleitoral; binário),mobilizacao,aumentar,"Tabela N.12 (Apêndice N.2, 'Outcome of MIPO|X analysis'), coluna Vote, regressão logística; controles: Female; coeficiente em log-odds, placebo como categoria de referência; tratamento = American Treatment (previsão da pesquisa atribuída a 'an American university'); comparador = Placebo (mesmas notícias sem a previsão)",sim,,or,,,,,,,,,,-0.09,0.54,,0.9139,,,,,181,,,Legitimacy Vote ... American Treatment −0.87∗ −0.09 (0.40) (0.54) ... Num. obs. 172 181,56,,-0.0494301403573525,0.0878935351794406,0.296468438757721,or_logit,0,mantido,assume distribuição logística latente (d = ln(OR)·√3/π); se interpretado como EP de ln(OR),,,,,,,,,,pesquisa_pre_eleitoral,sem_pesquisa,nao_se_aplica,lab_candidatos_reais,outro,candidato_partido,real,nao,maioria_dois_turnos,alto,mobilizacao,,,
Farjam2020a-E02,Farjam2020a,Farjam2020a,ES1556,RCT (experimento online em oTree; participantes alocados aleatoriamente a seis tratamentos cruzando exposicao ou nao aos resultados da pesquisa com tres sistemas eleitorais),ATE,"votes for the most popular option (voto recodificado pela posicao da organizacao na pesquisa: minority = 0, middle = 1, majority = 2; variavel dependente ordinal)",apoio_ao_lider,aumentar,"Tabela 2 (p. 417), Modelo 2, linha Poll: mesma regressao ordinal de efeitos mistos bayesiana, acrescentando atitude politica (termo linear e quadratico) aos controles do Modelo 1; especificacao com mais controles no corpo do artigo",sim,,beta_sd,,,,,,,,,,0.31,,,,0.07,0.58,,,1113,4,0.05,"Poll ... 0.31 [0.07, 0.58] 166:1",6,,,,,sem_calculo,,,beta_sd exige sdy > 0 (DP de Y no grupo de controle),,,,,,,,,,pesquisa_pre_eleitoral,sem_pesquisa,lider,lab_candidatos_reais,outro,candidato_partido,real,nao,regra_do_experimento,algumas_preocupacoes,principal,,,
Freden2024a-E01,Freden2024a,Freden2024a,ES2328,"RCT (survey experiment, aleatorização individual em 9 condições)",ATE,Voto declarado no partido-alvo KD 'given this state of opinion' (% da linha por condição),apoio_ao_lider,reduzir,"Tabela 1, coluna KD, grupo KD: 2,5% (tratamento) vs 5,5% (comparação); a estatística impressa como t(1,744) = 4,88 é χ²(1, N = 744) com correção de Yates, sem sinal; p < .05 (unicaudal; bicaudal ,027); texto p. 6",sim,partido-alvo KD,dif_prop,,,376,,,368,,,,,,,,,,,<0.05,,,,"between 2.5% and 5.5% (t(1,744) = 4.88, p < .05) ... KD 2.5% 15.16 2.93 8.24 4.0% 14.62 5.74 7.31 5.5% 11.96 4.62 4.08",6,,-0.411559214129529,0.031733507705929,0.178139012307605,dif_prop_contagens,0,invertido,d via log OR (Chinn 2000): pressupõe distribuição logística latente,,,,,,0.0408,0.0824,,,pesquisa_pre_eleitoral,outro_resultado,partido_abaixo_clausula,survey_experiment,outro,candidato_partido,real,nao,proporcional,algumas_preocupacoes,viabilidade,,,
Freden2024a-E04,Freden2024a,Freden2024a,ES2328,"RCT (survey experiment, aleatorização individual em 9 condições)",ATE,Voto declarado no partido-alvo L 'given this state of opinion' (% da linha por condição),apoio_ao_lider,reduzir,"Tabela 1, coluna L, grupo L: 2,5% (tratamento) vs 5,5% (comparação); a estatística impressa como t(1,704) = 0,79 é χ²(1, N = 704) com correção de Yates, sem sinal; p = .19 (unicaudal; bicaudal ,375); texto p. 6",sim,partido-alvo L,dif_prop,,,339,,,365,,,,,,,,,,,0.19,,,,"nor between 2.5% and 5.5% (t(1,704) = 0.79, p = .19) ... L 2.5% 12.98 6.78 5.01 4.0% 14.40 4.80 6.13 5.5% 11.78 4.93 6.03",6,,-0.186309325636659,0.0318864733404929,0.178567839603028,dif_prop_contagens,0,invertido,d via log OR (Chinn 2000): pressupõe distribuição logística latente,,,,,,0.0493,0.0678,,,pesquisa_pre_eleitoral,outro_resultado,partido_abaixo_clausula,survey_experiment,outro,candidato_partido,real,nao,proporcional,algumas_preocupacoes,viabilidade,,,
Freden2024a-E07,Freden2024a,Freden2024a,ES2328,"RCT (survey experiment, aleatorização individual em 9 condições)",ATE,Voto declarado no partido-alvo MP 'given this state of opinion' (% da linha por condição),apoio_ao_lider,reduzir,"Tabela 1, coluna MP, grupo MP: 2,5% (tratamento) vs 5,5% (comparação); a estatística impressa como t(1,694) = 0,03 é χ²(1, N = 694) com correção de Yates, sem sinal; p = .86 (bicaudal); texto p. 6",sim,partido-alvo MP,dif_prop,,,349,,,345,,,,,,,,,,,0.86,,,,"nor between 2.5% and 5.5% (t(1,694) = 0.03, p = .86) ... MP 2.5% 11.46 4.30 5.16 4.0% 11.17 6.98 6.42 5.5% 12.17 5.80 4.64",6,,0.0375392086881616,0.0167898720020697,0.129575738477809,dif_prop_contagens,0,invertido,d via log OR (Chinn 2000): pressupõe distribuição logística latente,,,,,,0.1217,0.1146,,,pesquisa_pre_eleitoral,outro_resultado,partido_abaixo_clausula,survey_experiment,outro,candidato_partido,real,nao,proporcional,algumas_preocupacoes,viabilidade,,,
Gerber2020a-E12,Gerber2020a,Gerber2020a,ES1587,RCT (aleatorizado no indivíduo) com IV,LATE,comparecimento (turnout 0-1) em registros administrativos,mobilizacao,aumentar,"Tabela 6, coluna 12 (rodada 2010): MQ2E do comparecimento sobre Pr(margem < 100 ou 1.000 votos) pós-tratamento, instrumentada pelo dummy de pesquisa apertada; EF de estado e 5 dummies de voto passado; crença pré-tratamento e controles demográficos; F do instrumento excluído = 42.93; coeficiente em p.p. de comparecimento por 1 p.p. da crença",sim,,dif_prop,,,,,,,,,,,,,,,,,,6688,,,"<100 or 1,000 votes, post ... 0.08 ... (0.33)",53,,0,8.20736862112115e-05,0.00905945286489264,dif_prop_lpm,1,mantido,"d via log OR (Chinn 2000): pressupõe distribuição logística latente; p1 reconstruído como p0 + efeito_pp/100; Var(ln OR) pelo EP do efeito em pp (método delta, p0 fixo)",,,,,,0.721,,0.08,0.33,pesquisa_pre_eleitoral,outro_resultado,nao_se_aplica,experimento_campo,outro,candidato_partido,real,nao,999,algumas_preocupacoes,mobilizacao,,IC [-0.0156; 0.0200] dentro de ±0.046,
Gerber2020a-E31,Gerber2020a,Gerber2020a,ES1587,RCT por cluster (aleatorizado no domicílio),ITT,comparecimento (turnout 0-1) em registros administrativos,mobilizacao,aumentar,"Tabela 7, coluna 4 (rodada 2014): postal com pesquisa apertada vs. postal com pesquisa folgada, no modelo que acrescenta o tratamento cruzado de tamanho do eleitorado; dummies dos 8 estratos de aleatorização, de voto em 2008, 2010 e 2012 e de estado; EP agrupados por domicílio; com controles adicionais",sim,,dif_prop,,,,,,,,,,,,,,,,,,126126,,,Close poll (vs. not close poll) ... 0.29 ... (0.25),54,,0,3.07501939344051e-05,0.00554528573965355,dif_prop_lpm,1,mantido,"d via log OR (Chinn 2000): pressupõe distribuição logística latente; Var(ln OR) pelo EP do efeito em pp (método delta, p0 fixo)",,,,,,0.5345,0.538,0.29,0.25,pesquisa_pre_eleitoral,outro_resultado,nao_se_aplica,experimento_campo,outro,candidato_partido,real,nao,999,algumas_preocupacoes,mobilizacao,,IC [-0.0031; 0.0186] dentro de ±0.046,
Grillo2024c-E02,Grillo2024c,Grillo2024c,ES1596,DiD,ATT,Voter turnout at closure (end of the day),mobilizacao,aumentar,"Tabela 1, coluna 1 (baseline DiD ponderado por eleitores registrados, sem controles de clima); coeficiente Closure X 2nd Round",sim,,dif_prop,,,,,,,,,,,,2.648,,,,,0.000,576,,,Closure X 2nd Round -3.440∗∗∗ ... (0.000),13,,-0.111857858773376,0.0124754577540336,0.111693588688132,dif_prop_lpm,1,mantido,d via log OR (Chinn 2000): pressupõe distribuição logística latente; p1 reconstruído como p0 + efeito_pp/100; grupos assumidos iguais (n_total/2); efeito de LPM/DiD/RDD: conversão aproximada (sensibilidade sem aproximados),,,,,,0.80072,,-3.440,,boca_de_urna,outro_resultado,nao_se_aplica,experimento_natural,outro,candidato_partido,real,nao,maioria_dois_turnos,alto,mobilizacao,,,
Meer2015a-E01,Meer2015a,Meer2015a,ES1536,"RCT (experimento de survey, aleatorizacao individual)",ITT,intention to vote for the PvdA,apoio_ao_lider,aumentar,"Tabela 2 (p. 29), Modelo 1: ponto de referencia crescimento vs. resultado seco da pesquisa",sim,,or,,,,,,,,,,0.23,0.13,,1.2586,,,,0.045,10643,,,* Reference point: growth 0.23 (0.13) *,29,,0.126796703859827,0.00513625988835743,0.0716677046399382,or_logit,0,mantido,assume distribuição logística latente (d = ln(OR)·√3/π); se interpretado como EP de ln(OR),,,,,,,,,,pesquisa_pre_eleitoral,outro,nao_se_aplica,survey_experiment,outro,candidato_partido,real,nao,proporcional,algumas_preocupacoes,momentum,,,
Morton2015a-E12,Morton2015a,Morton2015a,ES1522,DiD (experimento natural: reforma eleitoral francesa de 2005),ATT,turnout (comparecimento por departamento e turno),mobilizacao,aumentar,"Tabela 5, coluna (1) (tendencia linear por departamento (105), dummies de OST e de turno, EP agrupado)",sim,,dif_prop,,,,,,,,,,,,,,,,,,1260,,,Treatment Eﬀect 0.11∗∗∗ 0.09∗∗∗ 0.14∗∗∗ 0.18∗∗∗ (0.02) (0.02) (0.02) (0.01),27,,-0.250826190104561,0.00195711321288077,0.044239272291492,dif_prop_lpm,1,mantido,"d via log OR (Chinn 2000): pressupõe distribuição logística latente; p1 reconstruído como p0 + efeito_pp/100; Var(ln OR) pelo EP do efeito em pp (método delta, p0 fixo); efeito de LPM/DiD/RDD: conversão aproximada (sensibilidade sem aproximados)",,,,,,0.64,,-11,2,boca_de_urna,antes_depois_proibicao,nao_se_aplica,experimento_natural,outro,candidato_partido,real,sim,maioria_dois_turnos,alto,mobilizacao,,,
Morton2015a-E41,Morton2015a,Morton2015a,ES1522,"antes e depois da reforma eleitoral francesa de 2005 (experimento natural; diferença das inclinações pré e pós-2005, eq. 2, só nas unidades tratadas)",associacao,"vote difference in the western OST (∆treated,st)",apoio_ao_lider,aumentar,"Tabela 8, coluna 'Full Sample' (amostra completa; diferenca delta das inclinacoes pre e pos-2005 da equacao (2), MQO, EP agrupado por departamento)",sim,,beta_sd,,,,,,,,,,5.22,2.04,,,,,,,60,,,Diﬀerence δ −5.22 -11.49 Standard errors: OLS (2.91)∗ (5.62)∗∗ Clustered by department (2.04)∗ (3.78)∗∗ Bootstrapped (1.23)∗∗∗ (5.76)∗∗ Block bootstrapped by department (1.73)∗∗∗ (3.31)∗∗∗ N 60 50,34,,,,,sem_calculo,,,beta_sd exige sdy > 0 (DP de Y no grupo de controle),,,,,,,,,,boca_de_urna,antes_depois_proibicao,lider,experimento_natural,outro,candidato_partido,real,sim,maioria_dois_turnos,alto,principal,,,
Stolwijk2016a-E01,Stolwijk2016a,Stolwijk2016a,ES1548,"painel de duas ondas com controles (observacional, não randomizado)",associacao,"vote choice (Zweitstimme, onda 2)",apoio_ao_lider,aumentar,"Tabela 1 (p. 567), regressão logística da escolha de voto: linha Poll exposure index (índice contínuo de exposição a reportagens de pesquisas sobre o partido); controles: vote choice (wave 1), poll valence, amount of polls, change in vote share, party rating (w1), anxiety (w1), enthusiasm (w1), age, gender, education; EP robusto agrupado por respondente",sim,,or,,,,,,,,,,0.01,,,1.01,,,,,6384,6,0.05,Poll exposure index 0.01 ... (0.00) 1.01,14,,,,,sem_calculo,,,assume distribuição logística latente (d = ln(OR)·√3/π); OR exige EP de ln(OR) ou IC95,,,,,,,,,,pesquisa_pre_eleitoral,outro_resultado,nao_se_aplica,painel_individual,outro,candidato_partido,real,nao,misto,grave,momentum,,,
Stolwijk2019b-E03,Stolwijk2019b,Stolwijk2019b,ES1611,"observacional em painel (logit com o escore de propensao CBPS como unica covariavel, sem pareamento)",associacao,turnout,mobilizacao,aumentar,"Tabela 1 (p. 351 impressa; folha 12 do PDF), coluna 3 (CBPS logit), linha Poll exposure; unica covariavel = Propensity to see polls (CBPS)",sim,,or,,,,,,,,,,0.139,,,1.77,,,,<0.01,747,,,Poll exposure 1.25*** (3.50) 0.67** (1.99) 0.57** (1.77) ... N 747 728 747 ... increases the predicted probability of turnout from 36.5% (not seen polls) to 50.4% (did see polls),12,,,,,sem_calculo,,,assume distribuição logística latente (d = ln(OR)·√3/π); OR exige EP de ln(OR) ou IC95,,,,,,0.365,0.504,,,pesquisa_pre_eleitoral,unidades_nao_expostas,nao_se_aplica,painel_individual,outro,candidato_partido,real,nao,proporcional,grave,mobilizacao,p1-p0,,
Unkelbach2022a-E01,Unkelbach2022a,Unkelbach2022a,ES1652,"transversal (rolling cross-section; regressao logistica multinivel, observacional, nao randomizado)",associacao,voting intention for the CDU/CSU,apoio_ao_lider,aumentar,"Tabela 2 (p. 69 impressa; folha 19 do PDF), coluna CDU/CSU: regressao logistica multinivel (lme4), CMVI como preditor de nivel 2, SES objetiva no nivel 1 e interacao entre niveis CMVI x SES, defasagem de 1 dia, preditores centrados e z-padronizados",sim,,or,,,,,,,,,,0.037,0.039,,1.0377,,,,,5291,,0.000,CMVI 0.037 0.039 0.102 ** 0.041 0.021 0.071 0.038 0.039 0.094 0.065 –0.067 0.069,19,,0.020399983823142,0.000462197444218002,0.0214987777377692,or_logit,0,mantido,assume distribuição logística latente (d = ln(OR)·√3/π); se interpretado como EP de ln(OR),,,,,,,,,,pesquisa_pre_eleitoral,outro_resultado,nao_se_aplica,outro,outro,candidato_partido,real,nao,proporcional,critico,momentum,,,
Unkelbach2022a-E02,Unkelbach2022a,Unkelbach2022a,ES1652,"transversal (rolling cross-section; regressao logistica multinivel, observacional, nao randomizado)",associacao,voting intention for the SPD,apoio_ao_lider,aumentar,"Tabela 2 (p. 69 impressa; folha 19 do PDF), coluna SPD: regressao logistica multinivel (lme4), CMVI como preditor de nivel 2, SES objetiva no nivel 1 e interacao entre niveis CMVI x SES, defasagem de 1 dia; mesma estimativa relatada no texto (p. 67 impressa) e interpretada no resumo e na conclusao",sim,,or,,,,,,,,,,0.102,0.041,,1.107,1.022,1.201,,0.006,5291,,0.005,"For the SPD, CMVI was positively associated with voting intention14: β= 0.102, SE= 0.041, OR= 1.107, 95% CI [1.022, 1.201], p= 0.006",17,,0.0560366489153379,0.000510817819678147,0.0226012791602189,or_logit,0,mantido,assume distribuição logística latente (d = ln(OR)·√3/π); se interpretado como EP de ln(OR),,,,,,,,,,pesquisa_pre_eleitoral,outro_resultado,nao_se_aplica,outro,outro,candidato_partido,real,nao,proporcional,critico,momentum,,,
Unkelbach2022a-E03,Unkelbach2022a,Unkelbach2022a,ES1652,"transversal (rolling cross-section; regressao logistica multinivel, observacional, nao randomizado)",associacao,voting intention for the FDP,apoio_ao_lider,aumentar,"Tabela 2 (p. 69 impressa; folha 19 do PDF), coluna FDP: regressao logistica multinivel (lme4), CMVI como preditor de nivel 2, SES objetiva no nivel 1 e interacao entre niveis CMVI x SES, defasagem de 1 dia, preditores centrados e z-padronizados",sim,,or,,,,,,,,,,0.021,0.071,,1.0212,,,,,5291,,0.024,CMVI 0.037 0.039 0.102 ** 0.041 0.021 0.071 0.038 0.039 0.094 0.065 –0.067 0.069,19,,0.011564361440201,0.00153184570434119,0.0391388004969645,or_logit,0,mantido,assume distribuição logística latente (d = ln(OR)·√3/π); se interpretado como EP de ln(OR),,,,,,,,,,pesquisa_pre_eleitoral,outro_resultado,nao_se_aplica,outro,outro,candidato_partido,real,nao,proporcional,critico,momentum,,,
Unkelbach2022a-E04,Unkelbach2022a,Unkelbach2022a,ES1652,"transversal (rolling cross-section; regressao logistica multinivel, observacional, nao randomizado)",associacao,voting intention for Alliance 90/the Greens,apoio_ao_lider,aumentar,"Tabela 2 (p. 69 impressa; folha 19 do PDF), coluna Alliance 90/the Greens: regressao logistica multinivel (lme4), CMVI como preditor de nivel 2, SES objetiva no nivel 1 e interacao entre niveis CMVI x SES, defasagem de 1 dia, preditores centrados e z-padronizados",sim,,or,,,,,,,,,,0.038,0.039,,1.0387,,,,,5291,,0.002,CMVI 0.037 0.039 0.102 ** 0.041 0.021 0.071 0.038 0.039 0.094 0.065 –0.067 0.069,19,,0.020930951607619,0.000462197444218002,0.0214987777377692,or_logit,0,mantido,assume distribuição logística latente (d = ln(OR)·√3/π); se interpretado como EP de ln(OR),,,,,,,,,,pesquisa_pre_eleitoral,outro_resultado,nao_se_aplica,outro,outro,candidato_partido,real,nao,proporcional,critico,momentum,,,
Unkelbach2022a-E05,Unkelbach2022a,Unkelbach2022a,ES1652,"transversal (rolling cross-section; regressao logistica multinivel, observacional, nao randomizado)",associacao,voting intention for the Left,apoio_ao_lider,aumentar,"Tabela 2 (p. 69 impressa; folha 19 do PDF), coluna The Left: regressao logistica multinivel (lme4), CMVI como preditor de nivel 2, SES objetiva no nivel 1 e interacao entre niveis CMVI x SES, defasagem de 1 dia, preditores centrados e z-padronizados",sim,,or,,,,,,,,,,0.094,0.065,,1.0986,,,,,5291,,0.000,CMVI 0.037 0.039 0.102 ** 0.041 0.021 0.071 0.038 0.039 0.094 0.065 –0.067 0.069,19,,0.0518377657431154,0.00128388178949445,0.0358312962296154,or_logit,0,mantido,assume distribuição logística latente (d = ln(OR)·√3/π); se interpretado como EP de ln(OR),,,,,,,,,,pesquisa_pre_eleitoral,outro_resultado,nao_se_aplica,outro,outro,candidato_partido,real,nao,proporcional,critico,momentum,,,
Unkelbach2022a-E06,Unkelbach2022a,Unkelbach2022a,ES1652,"transversal (rolling cross-section; regressao logistica multinivel, observacional, nao randomizado)",associacao,voting intention for the AfD,apoio_ao_lider,aumentar,"Tabela 2 (p. 69 impressa; folha 19 do PDF), coluna AfD: regressao logistica multinivel (lme4), CMVI como preditor de nivel 2, SES objetiva no nivel 1 e interacao entre niveis CMVI x SES, defasagem de 1 dia, preditores centrados e z-padronizados",sim,,or,,,,,,,,,,-0.067,0.069,,0.9352,,,,,5291,,0.000,CMVI 0.037 0.039 0.102 ** 0.041 0.021 0.071 0.038 0.039 0.094 0.065 –0.067 0.069,19,,-0.0369309690877991,0.00144676004728594,0.0380362990745148,or_logit,0,mantido,assume distribuição logística latente (d = ln(OR)·√3/π); se interpretado como EP de ln(OR),,,,,,,,,,pesquisa_pre_eleitoral,outro_resultado,nao_se_aplica,outro,outro,candidato_partido,real,nao,proporcional,critico,momentum,,,
