nivel,chave,variavel,tipo,valor_original,valor_revalidacao,status,score
detalhe,Araujo2021a,Araujo2021a,titulo,textual,Casting Ballots When Knowing Results,Casting Ballots When Knowing Results,concorda,1.0
detalhe,Araujo2021a,Araujo2021a,ano,numerica_int,2021,2021,concorda,1.0
detalhe,Araujo2021a,Araujo2021a,tipo_publicacao,categorica,artigo,artigo,concorda,1.0
detalhe,Araujo2021a,Araujo2021a,idioma,categorica,en,en,concorda,1.0
detalhe,Araujo2021a,Araujo2021a,pais_estudo,textual,Brasil,Brasil,discorda_parcial,0.5
detalhe,Araujo2021a,Araujo2021a,tipo_estudo,categorica,b2,b2,concorda,1.0
detalhe,Araujo2021a,Araujo2021a,problema_pesquisa,textual,"Saber se o acesso a informação sobre o desempenho eleitoral dos candidatos, antes de votar, altera o comportamento do eleitor, e qual mecanismo produz o efeito observado.","Saber se o acesso à informação sobre o desempenho eleitoral dos candidatos, obtido enquanto a votação ainda ocorre, altera o comportamento dos eleitores tardios",discorda_parcial,0.5
detalhe,Araujo2021a,Araujo2021a,unidade_analise,categorica,secao_eleitoral,secao_eleitoral,concorda,1.0
detalhe,Araujo2021a,Araujo2021a,populacao,textual,"Todas as urnas eletrônicas (seções eleitorais) do Brasil nos dois turnos da eleição presidencial de 2018, com os eleitores nelas registrados.","Todas as urnas eletrônicas (seções de votação) do Brasil nas eleições presidenciais de 2018, com média de 323 eleitores registrados por urna",discorda_parcial,0.5
detalhe,Araujo2021a,Araujo2021a,periodo_dados,textual,"Eleição presidencial brasileira de 2018, primeiro e segundo turnos; dados da eleição presidencial de 2014 usados em teste de falsificação.",Eleições presidenciais brasileiras de 2018 (primeiro e segundo turnos); dados das eleições de 2014 usados em análise de robustez,discorda_parcial,0.5
detalhe,Araujo2021a,Araujo2021a,fonte_dados,categorica,secundarios,secundarios,concorda,1.0
detalhe,Araujo2021a,Araujo2021a,intervencao_descricao,textual,"Exposição à apuração parcial oficial da própria eleição. A partir das 19:00 BRT do dia da votação o tribunal eleitoral começou a divulgar publicamente os totais parciais de votos, e parte dos eleitores ainda estava na fila votando depois desse horário. A fonte da variação é exógena: falhas técnicas do sistema de identificação biométrica, obrigatório pela primeira vez em 2018, atrasaram o fechamento de algumas urnas para além do horário de divulgação. O conteúdo exposto era a posição dos candidatos na apuração em curso e a distância entre eles; o meio foi a divulgação pública imediata dos resultados e sua circulação por celular e aplicativos de mensagem; o momento foi o próprio dia da eleição, nos dois turnos.","Exposição à divulgação oficial dos resultados parciais da apuração, iniciada às 19:00 BRT, entre eleitores que ainda estavam na fila e votaram em urnas que só fecharam depois desse horário; o conteúdo divulgado era a contagem parcial dos votos, com o líder identificado e sua vantagem sobre os demais, difundida por rádio, TV e aplicativos de mensagem no próprio dia da eleição, em cada um dos dois turnos. A fonte da variação é exógena: falhas técnicas imprevisíveis na identificação biométrica dos eleitores, que atrasaram a votação em parte das urnas",discorda_parcial,0.5
detalhe,Araujo2021a,Araujo2021a,familia_intervencao,categorica,"outro — apuração parcial oficial de votos divulgada durante a votação, que não é pesquisa de intenção de voto, agregador/projeção nem boca de urna","outro — divulgação oficial de resultados parciais da apuração no dia da eleição, antes do fechamento de todas as urnas (os próprios autores contrastam essa exposição com pesquisas pré-eleitorais)",concorda,1.0
detalhe,Araujo2021a,Araujo2021a,comparador,textual,"Unidades não expostas: urnas que fecharam antes das 19:00 BRT formam o grupo de controle. Há ainda um comparador placebo, formado por urnas atrasadas que fecharam depois das 17:00 e antes das 19:00.",Urnas não expostas: as que fecharam antes das 19:00 BRT (grupo de controle) comparadas às que permaneceram abertas depois do início do anúncio dos resultados (grupo tratado),discorda_parcial,0.5
detalhe,Araujo2021a,Araujo2021a,construto_outcome,categorica,apoio_ao_lider,apoio_ao_lider,concorda,1.0
detalhe,Araujo2021a,Araujo2021a,outcome_medida,textual,"Percentual agregado de votos por urna. O modelo principal mede o apoio ao candidato que a apuração mostrava à frente; modelos paralelos medem o apoio ao segundo e ao terceiro colocados, além das participações de votos brancos e nulos. É medida agregada no nível da urna/seção, com votos efetivamente depositados, não declaração individual.","Parcela de votos de cada candidato na urna: apoio ao líder anunciado (Bolsonaro) e, em modelos separados, apoio ao segundo e ao terceiro colocados; medida agregada no nível da urna, a partir dos dados oficiais de votação",discorda,0.0
detalhe,Araujo2021a,Araujo2021a,mecanismo_id,categorica,Sim — os autores hipotetizam e testam cinco cenários rivais que ligam a exposição à informação ao comportamento do eleitor e declaram o objetivo de localizar qual deles opera,"Sim — os autores formulam e testam mecanismos alternativos (desmobilização, conversão por troca de voto, efeito underdog e voto estratégico) e afirmam que o desenho permite localizar o mecanismo por trás dos efeitos",concorda,1.0
detalhe,Araujo2021a,Araujo2021a,mecanismo_tipo_evidencia,categorica,teste_de_canal,teste_de_canal,concorda,1.0
detalhe,Araujo2021a,Araujo2021a,mecanismo_descricao,textual,"Recurso: a divulgação pública da apuração parcial oficial a partir das 19:00 BRT, acessível por celular a quem ainda esperava na fila para votar; Raciocínio: ao saber que um candidato lidera a apuração, parte dos eleitores tardios abandona o candidato perdedor que preferia e troca o voto para o vencedor previsto (conversão), em vez de se desmobilizar, já que a regra eleitoral impedia aumento de comparecimento e só permitia desistir da fila; Contexto: eleição presidencial brasileira de 2018, com voto obrigatório, urna eletrônica e apuração rápida, dois turnos e alta polarização.","Recurso: a informação sobre os resultados parciais já apurados, divulgada às 19:00 BRT e acessível aos eleitores que ainda estavam na fila; Raciocínio: saber qual candidato lidera leva o eleitor tardio a abandonar o candidato perdedor de sua preferência e transferir o voto ao vencedor previsto, isto é, conversão por troca de voto, e não mudança nas taxas de comparecimento; Contexto: eleição presidencial brasileira de 2018 em dois turnos, com voto obrigatório, em que no segundo turno só dois candidatos disputam e o voto estratégico não é possível",discorda_parcial,0.5
detalhe,Araujo2021a,Araujo2021a,moderador_id,categorica,Sim — os autores rodam modelos separados por tamanho da seção eleitoral e relatam um achado diferente no estrato das menores seções,Sim — os autores estimam modelos separados por porte da seção (número de eleitores registrados na urna) e relatam em que ponto o resultado muda,concorda,1.0
detalhe,Araujo2021a,Araujo2021a,moderador_descricao,textual,"Tamanho da seção eleitoral, medido pelo número de eleitores registrados na urna, com modelos separados para os percentis 25, 50 e 75. Na maior parte dos estratos os resultados repetem os do modelo principal. No primeiro turno, restrito às menores seções, além do aumento do apoio ao líder e da queda do apoio ao segundo colocado, houve também aumento do apoio ao terceiro colocado.","Moderador: porte da seção, medido pelo número de eleitores registrados na urna, em três faixas (0-220, percentil 25; 220-339, percentil 50; mais de 339, percentil 75). Os resultados são em geral consistentes com as estimativas principais; a única diferença está nas menores seções no primeiro turno, onde, além do aumento do voto no líder e da queda no segundo colocado, o apoio a Gomes, terceiro colocado, também parece aumentar",discorda_parcial,0.5
detalhe,Araujo2021a,Araujo2021a,het_metodo,categorica,estratificacao,estratificacao,concorda,1.0
detalhe,Araujo2021a,Araujo2021a,het_pre_especificada,categorica,nao_declarado,nao_declarado,concorda,1.0
detalhe,Araujo2021a,Araujo2021a,equidade_progress_plus,textual,999,999,concorda,1.0
detalhe,Araujo2021a,Araujo2021a,efeitos_nao_intencionais,textual,"A desmobilização é testada como mecanismo rival, usando as participações de votos brancos e nulos como indicadores, e os autores descrevem esse resultado como misto e substantivamente pequeno nos dois turnos. No teste placebo, a espera na fila sem exposição à informação aparece associada a mais voto de protesto. A deserção estratégica de eleitores do terceiro colocado é examinada como hipótese rival e não pode ser inteiramente descartada no primeiro turno. Os autores registram ainda a implicação de que a exposição dá peso maior às preferências de quem vota cedo.","O texto testa a desmobilização como mecanismo (hipótese 1), usando as parcelas de votos brancos e nulos, e conclui que a exposição não beneficia o líder por essa via; testa também o voto estratégico como explicação alternativa da deserção de apoiadores dos candidatos perdedores, sem conseguir rejeitá-lo por completo no primeiro turno; e relata que, no teste placebo, a espera na fila sem exposição à informação se associa a mais votos de protesto. Não relata voto menos informado nem uso estratégico de pesquisas enviesadas",discorda,0.0
detalhe,Araujo2021a,Araujo2021a,limitacoes_autores,textual,"A estratégia capta a exposição de forma indireta, porque o tratamento é o horário de fechamento da urna e não há como saber se cada eleitor de fato viu os resultados antes de votar; como a urna embaralha a ordem dos votos, não é possível estimar com precisão quantos votos cada candidato ganhou ou perdeu; no primeiro turno a hipótese de voto estratégico não pode ser inteiramente descartada; unidades tratadas e não tratadas diferem em características do eleitorado, já que o sistema biométrico foi adotado de forma desigual pelo país.","Os autores reconhecem que a estratégia capta a exposição à informação de forma indireta, já que não é possível saber se cada eleitor de fato viu os resultados antes de votar; que não conseguem estimar com precisão quantos votos o líder ganhou e os perdedores perderam, porque a urna embaralha a ordem dos votos; que no primeiro turno não podem rejeitar inteiramente o voto estratégico; e que unidades tratadas e não tratadas diferem em características do eleitorado, já que a biometria foi adotada de forma desigual pelo país",concorda,1.0
detalhe,Araujo2021a,Araujo2021a,b2_estrategia_identificacao,categorica,experimento_natural,experimento_natural,concorda,1.0
detalhe,Araujo2021a,Araujo2021a,b2_hipoteses_testes,textual,"A hipótese de identificação declarada é que a probabilidade de ocorrência das falhas técnicas era a mesma em todas as seções que usavam o sistema biométrico, de modo que a ocorrência das falhas não estaria associada a atributos do eleitorado. Os autores reconhecem que tratadas e não tratadas diferem em características do eleitorado e mostram, em modelos de linha de base, que controles pré-tratamento não alteram as estimativas. Os testes apresentados são: tratamento placebo com urnas atrasadas mas não expostas; replicação com a eleição de 2014 como desfecho pré-tratamento; reestimação excluindo as urnas do Acre, sempre tratadas por causa do fuso; reestimação em amostra restrita a urnas com falha biométrica registrada; e modelos separados por tamanho da seção.","A hipótese de identificação declarada é que a probabilidade de ocorrência das falhas técnicas era a mesma em todas as seções que usavam o sistema biométrico, de modo que a ocorrência das falhas não se associa a atributos do eleitorado. Como testes: modelos de linha de base com controles pré-tratamento (Apêndice Online D); tratamento placebo com urnas atrasadas mas fechadas antes do anúncio; réplica das estimativas com dados de 2014 para checar preferências prévias das unidades tratadas; exclusão das urnas do Acre; e amostra restrita às urnas com falha biométrica registrada",discorda_parcial,0.5
detalhe,Araujo2021a,Araujo2021a,b2_estimador,categorica,mqo,mqo,concorda,1.0
detalhe,Araujo2021a,Araujo2021a,b2_estimando,categorica,ITT,ITT,concorda,1.0
detalhe,Araujo2021a,Araujo2021a,b2_nivel_atribuicao_cluster,textual,"A exposição é atribuída no nível da urna/seção eleitoral: recebe tratamento a urna que permaneceu aberta depois das 19:00 BRT. Os erros-padrão são agrupados nesse mesmo nível, o da urna. Tamanho médio de cluster reportado: 323 eleitores registrados por urna. ICC não reportado.","A exposição é atribuída no nível da urna eletrônica, equivalente à seção de votação, que é onde ocorreram as falhas técnicas; os erros-padrão são agrupados nesse mesmo nível. O tamanho médio de cluster informado é de 323 eleitores registrados por urna. ICC não reportado",discorda_parcial,0.5
detalhe,Araujo2021a,Araujo2021a,b2_n_total,numerica_int,452656,999,discorda,0.0
detalhe,Araujo2021a,Araujo2021a,b2_controles,textual,"atraso de fechamento da urna, em minutos ; percentual de eleitores com erro na biometria ; fuso horário da urna ; taxa de comparecimento ; idade média ; incidência de eleitoras ; média de anos de escolaridade","atraso no fechamento da urna, em minutos ; percentual de eleitores com erro na biometria ; fuso horário da urna ; taxa de comparecimento ; idade média ; incidência de eleitoras mulheres ; média de anos de escolaridade",discorda_parcial,0.5
detalhe,Araujo2021a,Araujo2021a,b2_dp_y_tipo,categorica,nao_reportado,nao_reportado,concorda,1.0
detalhe,Araujo2021a,Araujo2021a,b2_teste_falsificacao,categorica,Sim — há tratamento placebo com urnas atrasadas mas não expostas e teste com a eleição de 2014 como desfecho pré-tratamento,"Sim — tratamento placebo com urnas que fecharam com atraso mas antes do anúncio dos resultados, além da réplica das estimativas com dados da eleição de 2014",concorda,1.0
detalhe,Araujo2021a,Araujo2021a,b2_modelo_principal,textual,"apoio_ao_lider: Figura 2, Modelo 1 (primeiro turno, votação do candidato à frente na apuração) e Figura 3, Modelo 1 (segundo turno); as tabelas de resultados estão no Apêndice Online F, que não acompanha este PDF","apoio_ao_lider: Figura 2, Modelo 1 (primeiro turno) e Figura 3, Modelo 1 (segundo turno); as tabelas de resultados estão no Apêndice Online F, não incluído neste PDF",discorda_parcial,0.5
detalhe,Araujo2021a,Araujo2021a,b2_criterio_modelo_principal,categorica,usado_na_interpretacao,declarado_pelos_autores,discorda,0.0
detalhe,Araujo2021a,Araujo2021a,b2_direcao_estimativa_principal,categorica,apoio_ao_lider: benefica,apoio_ao_lider: benefica,concorda,1.0
detalhe,Araujo2021a,Araujo2021a,b2_significancia_05,categorica,apoio_ao_lider: sim,apoio_ao_lider: sim,concorda,1.0
detalhe,Araujo2021a,Araujo2021a,b2_interpretacao_autores,textual,"Os autores concluem que a exposição aos resultados parciais produz um efeito bandwagon por troca de voto, levando eleitores tardios a abandonar candidatos perdedores em favor do vencedor previsto, e não por desmobilização nem por voto estratégico.","Os autores concluem que a exposição aos resultados já apurados produz um efeito bandwagon por conversão, levando eleitores tardios a abandonar candidatos perdedores em favor do vencedor previsto, e não por desmobilização nem por voto estratégico",discorda_parcial,0.5
detalhe,Araujo2021a,Araujo2021a,regiao,categorica,brasil,brasil,concorda,1.0
detalhe,Araujo2021a,Araujo2021a,tipo_eleicao,categorica,candidato_partido,candidato_partido,concorda,1.0
detalhe,Araujo2021a,Araujo2021a,sistema_eleitoral,categorica,maioria_dois_turnos,maioria_dois_turnos,concorda,1.0
detalhe,Araujo2021a,Araujo2021a,voto_obrigatorio,categorica,Sim,Sim,concorda,1.0
detalhe,Araujo2021a,Araujo2021a,desenho_fino,categorica,experimento_natural,experimento_natural,concorda,1.0
detalhe,Araujo2021a,Araujo2021a,realismo_contexto,categorica,real,real,concorda,1.0
detalhe,Araujo2021a,Araujo2021a,ano_eleicao,numerica_int,2018,2018,concorda,1.0
detalhe,Araujo2021a,Araujo2021a,comparador_tipo,categorica,unidades_nao_expostas,unidades_nao_expostas,concorda,1.0
detalhe,Araujo2021a,Araujo2021a,nivel_desfecho,categorica,votacao_agregada,votacao_agregada,concorda,1.0
detalhe,Araujo2021a,Araujo2021a,margem_mostrada,textual,primeiro turno: 22.75 pp entre o primeiro e o segundo colocado no momento em que a divulgação começou ; segundo turno: 11.4 pp,primeiro turno: 22.75 pp entre o primeiro e o segundo colocado no momento do anúncio ; segundo turno: 11.4 pp,concorda,1.0
detalhe,Araujo2021a,Araujo2021a,mecanismo_testado,categorica,conformidade + viabilidade_estrategico,outro (conversão por troca de voto versus desmobilização) + viabilidade_estrategico,discorda,0.0
detalhe,Araujo2021a,Araujo2021a,moderadores_relatados,categorica,"outro — tamanho da seção eleitoral, medido pelo número de eleitores registrados por urna","outro (porte da seção, pelo número de eleitores registrados na urna)",concorda,1.0
detalhe,Araujo2021a,Araujo2021a,alvo_efeito,categorica,lider,lider,concorda,1.0
detalhe,Araujo2021a,Araujo2021a,n_competidores,numerica_int,13,13,concorda,1.0
detalhe,Araujo2021a,Araujo2021a,dias_ate_eleicao,numerica_int,0,0,concorda,1.0
detalhe,Araujo2021a,Araujo2021a,ajuste_mediador,categorica,Não — o modelo principal não inclui expectativa de vitória nem viabilidade percebida entre os controles,"Não — o modelo principal controla atraso de fechamento, erro na biometria, fuso horário, comparecimento, idade, sexo e escolaridade, e nenhum desses controles é expectativa de vitória ou viabilidade percebida",concorda,1.0
detalhe,Klor2017a,Klor2017a,titulo,textual,On Public Opinion Polls and Voters’Turnout,On Public Opinion Polls and Voters’ Turnout,concorda,1.0
detalhe,Klor2017a,Klor2017a,ano,numerica_int,2006,2006,concorda,1.0
detalhe,Klor2017a,Klor2017a,tipo_publicacao,categorica,999,999,concorda,1.0
detalhe,Klor2017a,Klor2017a,idioma,categorica,en,en,concorda,1.0
detalhe,Klor2017a,Klor2017a,pais_estudo,textual,Israel ; Estados Unidos,Israel ; Estados Unidos,discorda_parcial,0.5
detalhe,Klor2017a,Klor2017a,tipo_estudo,categorica,b2,b2,concorda,1.0
detalhe,Klor2017a,Klor2017a,problema_pesquisa,textual,"Medir, experimental e empiricamente, o impacto que a divulgação de informação sobre a distribuição de preferências do eleitorado tem sobre as decisões de participação dos eleitores.","Avaliar, experimental e empiricamente, o impacto que a divulgação de informação sobre a distribuição de preferências do eleitorado tem sobre a decisão de participação dos eleitores",concorda,1.0
detalhe,Klor2017a,Klor2017a,unidade_analise,categorica,individuo,individuo,concorda,1.0
detalhe,Klor2017a,Klor2017a,populacao,textual,"84 estudantes de graduação e pós-graduação da Universidade Hebraica de Jerusalém, sem experiência prévia em experimentos sobre participação eleitoral, em sessões de 21 participantes divididos em eleitorados de sete; na seção de validade externa, 143 eleições para governador em 47 estados dos EUA.","84 estudantes de graduação e pós-graduação da Universidade Hebraica de Jerusalém, sem experiência prévia em experimentos de participação eleitoral, em sessões de laboratório de 21 participantes; no exercício empírico, 143 eleições para governador em 47 estados dos EUA",concorda,1.0
detalhe,Klor2017a,Klor2017a,periodo_dados,textual,Eleições para governador nos EUA entre 1990 e 2005; a data das sessões experimentais não é informada no texto.,1990 a 2005 para os dados de eleições para governador nos EUA; a data das sessões experimentais não é informada no texto,concorda,1.0
detalhe,Klor2017a,Klor2017a,fonte_dados,categorica,ambos,ambos,concorda,1.0
detalhe,Klor2017a,Klor2017a,intervencao_descricao,textual,"No experimento de laboratório, a exposição é a revelação por computador, na segunda fase de cada rodada, da distribuição exata de preferências do eleitorado de sete participantes (quantos preferem cada cor, por exemplo quatro contra três), logo depois de o mesmo participante já ter decidido votar ou abster-se na primeira fase da rodada sem nenhuma informação sobre os demais; não há candidatos, margem em pontos percentuais nem data de eleição. Na seção de validade externa, a exposição é o resultado de pesquisas pré-eleitorais conduzidas pela Mason-Dixon e publicadas por jornais na semana anterior à eleição para governador.","No laboratório, cada rodada tem dois estágios: no primeiro o sujeito conhece só a própria preferência (cor verde ou azul, sorteada pelo computador) e decide votar ou não; no segundo, antes de decidir de novo, ele recebe a informação sobre a distribuição exata de preferências do seu eleitorado de sete pessoas (divisões 3 vs. 4, 2 vs. 5, 1 vs. 6, 0 vs. 7), apresentada na tela do computador, sem qualquer conteúdo político e sem intervalo até a votação; o sujeito não recebe informação sobre como os outros votaram no primeiro estágio. No exercício de validade externa, a exposição é o resultado de pesquisas pré-eleitorais sobre disputas para governador nos EUA, realizadas pela Mason-Dixon e publicadas por jornais até uma semana antes da eleição",discorda_parcial,0.5
detalhe,Klor2017a,Klor2017a,familia_intervencao,categorica,pesquisa_pre_eleitoral,pesquisa_pre_eleitoral,concorda,1.0
detalhe,Klor2017a,Klor2017a,comparador,textual,"No experimento, a decisão do próprio participante na primeira fase da rodada, quando ele conhece apenas a própria preferência e nada sabe sobre as preferências dos demais; na seção empírica, a diferença de votos prevista pelas pesquisas (DP) serve de referência contra a diferença observada na eleição (DE).","A decisão do próprio sujeito no primeiro estágio da mesma rodada, tomada sem informação sobre a distribuição de preferências (comparação intrassujeito, sem pesquisa); no exercício empírico, a diferença prevista pelas pesquisas serve de referência para a diferença observada na eleição",discorda,0.0
detalhe,Klor2017a,Klor2017a,construto_outcome,categorica,apoio_ao_lider + mobilizacao,apoio_ao_lider + mobilizacao,concorda,1.0
detalhe,Klor2017a,Klor2017a,outcome_medida,textual,"No experimento, decisão binária e incentivada de votar ou abster-se pela própria cor na segunda fase de cada rodada, no nível do participante (votar custa 4 fichas e a cor vencedora rende 10 fichas); o apoio ao líder aparece como a taxa de comparecimento dos participantes do time maior em relação à dos participantes do time menor. Na seção empírica a medida é agregada: DE menos DP, isto é, a diferença de votos entre o partido líder e o perseguidor na eleição menos a diferença prevista pelas pesquisas.","No laboratório, decisão binária e incentivada de votar ou abster-se em cada estágio de cada rodada, medida no nível individual, tanto para quem apoia a equipe maior (líder) quanto para quem apoia a menor; no exercício empírico, medida agregada por eleição: a diferença de votos entre o partido líder e o partido atrás nas urnas (DE) comparada à diferença prevista pelas pesquisas (DP)",discorda_parcial,0.5
detalhe,Klor2017a,Klor2017a,mecanismo_id,categorica,Sim — os autores hipotetizam e testam com dados que a informação age por meio das crenças (incorretas) dos participantes sobre a probabilidade de o próprio voto ser pivotal.,Sim — os autores hipotetizam e testam que a informação sobre a distribuição de preferências altera a crença de ser pivô e que essa crença explica a participação diferencial,concorda,1.0
detalhe,Klor2017a,Klor2017a,mecanismo_tipo_evidencia,categorica,teste_de_canal,teste_de_canal,concorda,1.0
detalhe,Klor2017a,Klor2017a,mecanismo_descricao,textual,"Recurso: a revelação, na segunda fase da rodada, da distribuição exata de preferências do eleitorado. Raciocínio: ao saber que pertence ao time ligeiramente maior num eleitorado equilibrado, o participante superestima a probabilidade de que seu voto seja pivotal e escolhe a estratégia que maximiza sua utilidade com base nessa avaliação inflada, votando com mais frequência; os autores testam o canal reestimando a equação (4.1) com a variável Majority substituída pelas crenças de pivotalidade declaradas nos surveys. Contexto: o canal opera apenas em eleitorados equilibrados; em eleitorados desequilibrados as crenças não explicam as decisões e o melhor preditor passa a ser a decisão do próprio participante na primeira fase da rodada.","Recurso: a informação sobre a distribuição de preferências do eleitorado (a ""pesquisa""), coletada junto com as crenças declaradas em survey aplicado antes e depois das rodadas; Raciocínio: ao saber que pertence à equipe com maioria folgada por um voto, o sujeito superestima a probabilidade de seu voto ser pivô e escolhe a estratégia que maximiza sua utilidade dada essa probabilidade inflada, votando mais; Contexto: só em eleitorados equilibrados (divisão 3 vs. 4), já que em divisões desiguais as crenças não explicam a decisão",discorda_parcial,0.5
detalhe,Klor2017a,Klor2017a,moderador_id,categorica,"Sim — os resultados são reportados separadamente por distribuição de preferências do eleitorado e por pertencer ao time maior ou ao menor, e a seção empírica separa as eleições esperadas como próximas das demais.",Sim — o efeito é reportado separadamente por distribuição de preferências do eleitorado e por posição do sujeito (equipe maior x equipe menor),concorda,1.0
detalhe,Klor2017a,Klor2017a,moderador_descricao,textual,"Quatro moderadores. (i) Distribuição de preferências do eleitorado (três contra quatro; dois contra cinco; um contra seis; zero contra sete): o efeito da informação sobre o comparecimento aparece apenas na divisão equilibrada e não nas demais. (ii) Tamanho do time do participante, operacionalizado pela variável Majority estimada separadamente em cada distribuição (Tabela 2, coluna 1): o comparecimento dos apoiadores do time maior sobe em relação ao do time menor apenas na divisão três contra quatro. (iii) Crenças de ser pivotal (Tabela 2, coluna 2): explicam o comportamento apenas em eleitorados equilibrados. (iv) Na seção empírica, a margem prevista pelas pesquisas (DP menor que 0.10 contra DP maior ou igual a 0.10): o efeito bandwagon só aparece nas eleições esperadas como próximas.","Dois moderadores. (i) Competitividade/divisão do eleitorado: a equação de participação é estimada separadamente para 3 vs. 4, 2 vs. 5 e 1 vs. 6, e o efeito da informação sobre a participação só aparece na divisão equilibrada. (ii) Tamanho da equipe do sujeito (pertencer à maioria ou à minoria): em eleitorados equilibrados a informação eleva mais a participação de quem apoia a equipe ligeiramente maior do que a de quem apoia a menor; em eleitorados desequilibrados não há diferença entre maioria e minoria, e a participação de quem apoia a equipe grande cai",discorda,0.0
detalhe,Klor2017a,Klor2017a,het_metodo,categorica,estratificacao_e_interacao,estratificacao_e_interacao,concorda,1.0
detalhe,Klor2017a,Klor2017a,het_pre_especificada,categorica,sim,sim,concorda,1.0
detalhe,Klor2017a,Klor2017a,equidade_progress_plus,textual,999,999,concorda,1.0
detalhe,Klor2017a,Klor2017a,efeitos_nao_intencionais,textual,"Desmobilização em eleitorados desequilibrados: revelar a distribuição de preferências reduz o comparecimento dos participantes que apoiam o time grande, com queda marcada entre os que descobrem pertencer a um time de sete e situação análoga no time de seis, sem alterar o comparecimento dos apoiadores do time pequeno; na seção empírica, DE menos DP é decrescente e negativo nas disputas desequilibradas, o que os autores atribuem a carona (free riding) dos apoiadores do partido grande.","Desmobilização em eleitorados desequilibrados: revelar a distribuição de preferências reduz a participação de quem apoia a equipe grande (interpretada pelos autores como carona/free riding), com queda importante entre os sujeitos que descobrem pertencer a uma equipe de sete e comportamento análogo na equipe de seis",discorda_parcial,0.5
detalhe,Klor2017a,Klor2017a,limitacoes_autores,textual,"Os autores reconhecem que a análise empírica é correlacional e não estabelece causalidade por si só; que ainda falta muito trabalho para entender o que causa o efeito; e discutem, em nota, que a publicação da pesquisa poderia afetar também as preferências dos eleitores, razão pela qual restringem a amostra a pesquisas divulgadas na semana anterior à eleição.","Os autores reconhecem que a análise empírica das eleições para governador é correlacional e não estabelece causalidade por si só; admitem ainda que a publicação da pesquisa poderia afetar também as preferências (e não só a participação), efeito que consideram pequeno por restringirem a amostra a pesquisas divulgadas até uma semana antes da eleição, e afirmam que ainda falta muito trabalho para entender o que causa o efeito",discorda_parcial,0.5
detalhe,Klor2017a,Klor2017a,b2_estrategia_identificacao,categorica,experimento_aleatorizado_individual,experimento_aleatorizado_individual,concorda,1.0
detalhe,Klor2017a,Klor2017a,b2_hipoteses_testes,textual,"Não há testes formais de balanceamento, tendências prévias, densidade no corte, primeiro estágio ou placebo. A identificação repousa na atribuição aleatória por computador da cor preferida de cada participante e na recomposição aleatória dos eleitorados a cada rodada, com reagrupamento anônimo adotado para reduzir incentivos de jogo repetido e minimizar efeitos de aprendizado. Como checagens de robustez, a nota 9 informa que a interação entre maioria e número de rodadas não é significativa e a nota 12 informa que os resultados não mudam se for usado qualquer um dos dois surveys em vez da média dos dois.","O desenho apoia-se na atribuição aleatória, a cada rodada, da cor preferida de cada sujeito e da composição dos eleitorados, com recomposição aleatória e anônima dos grupos para reduzir incentivos de jogo repetido e aprendizado, isolamento em cabines e questões de compreensão antes do início. Não há teste de balanceamento, tendência prévia, placebo nem primeiro estágio. Há checagens de robustez: inclusão da interação entre maioria e número de rodadas (nota 9), uso de cada survey de crenças em vez da média dos dois (nota 12) e estimação linear alternativa no exercício empírico (nota 17)",discorda_parcial,0.5
detalhe,Klor2017a,Klor2017a,b2_estimador,categorica,logit_probit,logit_probit,concorda,1.0
detalhe,Klor2017a,Klor2017a,b2_estimando,categorica,ATE,ATE,concorda,1.0
detalhe,Klor2017a,Klor2017a,b2_nivel_atribuicao_cluster,textual,A atribuição é individual: a cada rodada o computador sorteia a cor preferida de cada participante por uma regra de igual probabilidade e redistribui aleatoriamente os 21 participantes da sessão em três eleitorados de sete. Os erros-padrão não são agrupados por eleitorado nem por sessão; os autores usam uma especificação de efeitos aleatórios com o participante como fator aleatório. O tamanho de cluster informado é o eleitorado de sete participantes dentro de sessões de 21; o ICC não é reportado.,"Atribuição no nível do indivíduo: a cada rodada o computador sorteia a cor preferida de cada sujeito e redistribui os 21 participantes em três eleitorados de sete pessoas. Os erros-padrão não são agrupados por eleitorado ou sessão: a regressão usa especificação de efeitos aleatórios com o sujeito como fator aleatório, e os testes não paramétricos usam a média de cada sujeito ao longo das rodadas. Tamanho médio de cluster e ICC não são reportados",discorda_parcial,0.5
detalhe,Klor2017a,Klor2017a,b2_n_total,numerica_int,854,854,concorda,1.0
detalhe,Klor2017a,Klor2017a,b2_controles,textual,"decisão de voto do participante na primeira fase da rodada (Vote_NoInf) ; tendência temporal de rodada (round) ; constante específica do participante, como efeito aleatório",decisão de votar no primeiro estágio da mesma rodada ; número da rodada (tendência temporal) ; constante específica do sujeito (efeito aleatório),discorda_parcial,0.5
detalhe,Klor2017a,Klor2017a,b2_dp_y_tipo,categorica,nao_reportado,nao_reportado,concorda,1.0
detalhe,Klor2017a,Klor2017a,b2_teste_falsificacao,categorica,"Não — o texto não reporta placebo, tendências prévias, desfecho falso nem corte falso; as únicas checagens adicionais são de robustez, nas notas 9 e 12.","Não — não há placebo, tendência prévia, desfecho falso nem corte falso; o que o texto traz são checagens de robustez e a comparação com as previsões de equilíbrio",concorda,1.0
detalhe,Klor2017a,Klor2017a,b2_modelo_principal,textual,"apoio_ao_lider: Tabela 2, coluna (1), distribuição 3 vs. 4, coeficiente da variável Majority ; mobilizacao: Figura 1, taxa média de comparecimento antes e depois da provisão de informação por distribuição de preferências, com o teste de sinais relatado no texto da p. 14","apoio_ao_lider: Figura 4 (polinômio fracionário do desvio entre resultado eleitoral e previsão das pesquisas em função da margem prevista, com intervalo de confiança por erros-padrão robustos), apoiada na Tabela 3 ; mobilizacao: Tabela 2, col. (1), distribuição 3 vs. 4",discorda,0.0
detalhe,Klor2017a,Klor2017a,b2_criterio_modelo_principal,categorica,declarado_pelos_autores,usado_na_interpretacao,discorda,0.0
detalhe,Klor2017a,Klor2017a,b2_direcao_estimativa_principal,categorica,apoio_ao_lider: benefica ; mobilizacao: benefica,apoio_ao_lider: benefica ; mobilizacao: benefica,concorda,1.0
detalhe,Klor2017a,Klor2017a,b2_significancia_05,categorica,apoio_ao_lider: sim ; mobilizacao: sim,apoio_ao_lider: sim ; mobilizacao: sim,concorda,1.0
detalhe,Klor2017a,Klor2017a,b2_interpretacao_autores,textual,"Os autores concluem que as pesquisas produzem um efeito bandwagon: em eleitorados equilibrados a informação eleva significativamente a participação dos apoiadores da alternativa ligeiramente à frente em relação à dos apoiadores da alternativa atrás, de modo que a alternativa líder aumenta seu apoio relativo na eleição sem que os eleitores mudem de preferência.","Os autores concluem que as pesquisas produzem um efeito bandwagon restrito a eleitorados equilibrados, em que o aumento de comparecimento é maior entre os apoiadores da alternativa mostrada ligeiramente à frente, sem que os eleitores mudem de preferência",discorda_parcial,0.5
detalhe,Klor2017a,Klor2017a,regiao,categorica,outro,outro,concorda,1.0
detalhe,Klor2017a,Klor2017a,tipo_eleicao,categorica,simulada_abstrata,simulada_abstrata,concorda,1.0
detalhe,Klor2017a,Klor2017a,sistema_eleitoral,categorica,regra_do_experimento,regra_do_experimento,concorda,1.0
detalhe,Klor2017a,Klor2017a,voto_obrigatorio,categorica,999,999,concorda,1.0
detalhe,Klor2017a,Klor2017a,desenho_fino,categorica,lab_preferencias_induzidas,lab_preferencias_induzidas,concorda,1.0
detalhe,Klor2017a,Klor2017a,realismo_contexto,categorica,induzido,induzido,concorda,1.0
detalhe,Klor2017a,Klor2017a,ano_eleicao,numerica_int,2005,2005,concorda,1.0
detalhe,Klor2017a,Klor2017a,comparador_tipo,categorica,sem_pesquisa,sem_pesquisa,concorda,1.0
detalhe,Klor2017a,Klor2017a,nivel_desfecho,categorica,escolha_incentivada_experimento,escolha_incentivada_experimento,concorda,1.0
detalhe,Klor2017a,Klor2017a,margem_mostrada,textual,"No experimento a margem não é apresentada em pontos percentuais: a informação mostrada é a divisão do eleitorado de sete participantes em número de apoiadores de cada time (3 vs. 4; 2 vs. 5; 1 vs. 6; 0 vs. 7). Na seção empírica, o efeito bandwagon é observado para pesquisas que preveem diferença menor que 22 pontos percentuais entre os dois partidos.","No laboratório a informação não é uma margem em pontos percentuais, e sim a divisão exata de um eleitorado de sete pessoas, com um braço por divisão: 3 vs. 4 ; 2 vs. 5 ; 1 vs. 6 ; 0 vs. 7. No exercício empírico, as eleições são separadas entre as que as pesquisas previam apertadas, com diferença menor que 10 pontos percentuais, e as demais",discorda,0.0
detalhe,Klor2017a,Klor2017a,mecanismo_testado,categorica,viabilidade_estrategico,viabilidade_estrategico,concorda,1.0
detalhe,Klor2017a,Klor2017a,moderadores_relatados,categorica,competitividade + outro,competitividade + outro,concorda,1.0
detalhe,Klor2017a,Klor2017a,alvo_efeito,categorica,lider,azarao + lider,discorda,0.0
detalhe,Klor2017a,Klor2017a,n_competidores,numerica_int,2,2,concorda,1.0
detalhe,Klor2017a,Klor2017a,dias_ate_eleicao,numerica_int,999,999,concorda,1.0
detalhe,Klor2017a,Klor2017a,ajuste_mediador,categorica,Não,"Não — o modelo principal (Tabela 2, coluna 1) inclui apenas a decisão do primeiro estágio, a rodada e a variável de maioria; as crenças de ser pivô entram só na coluna 2, que testa o canal",concorda,1.0
detalhe,Meer2015a,Meer2015a,titulo,textual,Off the fence onto the bandwagon? A large-scale survey experiment on effect of real-life poll outcomes on subsequent vote intentions,Off the fence onto the bandwagon? A large-scale survey experiment on effect of real-life poll outcomes on subsequent vote intentions,concorda,1.0
detalhe,Meer2015a,Meer2015a,ano,numerica_int,2016,2016,concorda,1.0
detalhe,Meer2015a,Meer2015a,tipo_publicacao,categorica,artigo,artigo,concorda,1.0
detalhe,Meer2015a,Meer2015a,idioma,categorica,en,en,concorda,1.0
detalhe,Meer2015a,Meer2015a,pais_estudo,textual,Países Baixos,Países Baixos,concorda,1.0
detalhe,Meer2015a,Meer2015a,tipo_estudo,categorica,b2,b2,concorda,1.0
detalhe,Meer2015a,Meer2015a,problema_pesquisa,textual,Testar em que medida o sucesso nos resultados reais das pesquisas de intenção de voto das semanas anteriores influencia as intenções de voto subsequentes.,Testar em que medida o sucesso de um partido nos resultados reais das pesquisas de intenção de voto das semanas anteriores influencia a intenção de voto subsequente.,concorda,1.0
detalhe,Meer2015a,Meer2015a,unidade_analise,categorica,individuo,individuo,concorda,1.0
detalhe,Meer2015a,Meer2015a,populacao,textual,"Respondentes do painel de opinião EenVandaag (1VOP), painel online do noticiário público neerlandês, descritos pelos autores como um corte transversal diversificado do eleitorado neerlandês (n=23.421).","Respondentes do painel de opinião EenVandaag (1VOP), painel online de adesão voluntária por autoinscrição, descritos pelos autores como um corte transversal diverso do eleitorado neerlandês.",discorda_parcial,0.5
detalhe,Meer2015a,Meer2015a,periodo_dados,textual,"Onda do experimento realizada nos dias posteriores a 16 de maio de 2012; as variáveis de painel usadas como controle vêm das ondas anteriores do 1VOP, cuja fonte declarada nas tabelas é a série de 2006 a 2012.",A onda que continha o experimento foi aplicada nos dias posteriores a 16 de maio de 2012; as variáveis de painel usadas como controle cobrem as ondas do 1VOP entre setembro de 2006 e maio de 2012.,discorda_parcial,0.5
detalhe,Meer2015a,Meer2015a,fonte_dados,categorica,ambos,ambos,concorda,1.0
detalhe,Meer2015a,Meer2015a,intervencao_descricao,textual,"Exposição, dentro de um questionário online, ao resultado real da pesquisa de intenção de voto da agência peil.nl divulgada na semana anterior, apresentada em texto como lista de assentos de onze partidos. Cinco dos sete grupos da análise principal viram o resultado; um deles recebeu apenas a linha introdutória neutra (resultado 'seco') e os outros quatro receberam, além disso, uma passagem interpretativa sobre o PvdA: vinheta de crescimento (ponto de referência anterior), vinheta de declínio (ponto de referência na bancada atual), enquadramento positivo ('PvdA retains growth') e enquadramento negativo ('Effect leadership change PvdA appears played out'). Três grupos adicionais de robustez usaram uma pesquisa da TNS NIPO com foco no VVD. Momento: dias posteriores a 16 de maio de 2012, quase quatro meses antes da eleição de 12 de setembro de 2012.","Cinco dos sete grupos da análise principal leram, dentro de um questionário online, o resultado real da pesquisa de intenção de voto do peil.nl divulgada no domingo anterior, em formato de texto, com os partidos ordenados por situação no governo e tamanho e o PvdA em quarto lugar numa lista de onze partidos. Um desses grupos recebeu apenas a linha introdutória com o resultado ""seco""; os outros quatro receberam também uma passagem interpretativa breve sobre o PvdA, variando o ponto de referência (crescimento em relação a um momento anterior, ""+6 seats compared to 3 months before"", ou declínio em relação à bancada atual no parlamento) e o enquadramento (negativo, de estagnação, ou positivo, de crescimento mantido). Três grupos adicionais, usados como checagem de robustez, receberam resultados de outra agência (TNS NIPO) com foco no VVD. A exposição ocorreu em maio de 2012, meses antes da eleição parlamentar de 12 de setembro de 2012.",discorda_parcial,0.5
detalhe,Meer2015a,Meer2015a,familia_intervencao,categorica,pesquisa_pre_eleitoral,pesquisa_pre_eleitoral,concorda,1.0
detalhe,Meer2015a,Meer2015a,comparador,textual,"Dois comparadores no mesmo desenho: um grupo de controle que não recebeu resultado de pesquisa, nem interpretação, nem pergunta; e, nos modelos multivariados, o grupo que recebeu apenas o resultado 'seco' da mesma pesquisa (dry poll outcome), categoria de referência das vinhetas com ponto de referência e enquadramento.","No modelo principal a categoria de referência é o grupo que recebeu o resultado ""seco"" da pesquisa, sem ponto de referência nem enquadramento; há ainda um grupo de controle que não recebeu resultado, interpretação nem pergunta, usado para testar a hipótese 1.",discorda_parcial,0.5
detalhe,Meer2015a,Meer2015a,construto_outcome,categorica,apoio_ao_lider,apoio_ao_lider,concorda,1.0
detalhe,Meer2015a,Meer2015a,outcome_medida,textual,"Intenção de voto declarada no survey, individual e dicotômica (votar ou não no partido da vinheta), medida pela pergunta final feita a todos os grupos logo após a vinheta e a pergunta de desvio de atenção; o partido medido é o PvdA na análise principal e o VVD na checagem de robustez.","Intenção de voto declarada, individual, medida por pergunta fechada aplicada logo depois do tratamento e da pergunta de distração, dicotomizada como intenção de votar no PvdA (nos modelos de robustez, no VVD). Mede o apoio ao partido apresentado como em crescimento no tratamento, que não é o partido à frente na pesquisa mostrada.",discorda,0.0
detalhe,Meer2015a,Meer2015a,mecanismo_id,categorica,"Sim — os autores dedicam uma seção a quatro mecanismos que explicariam por que eleitores votam em partidos bem colocados nas pesquisas, vinculam os braços do tratamento (ponto de referência e enquadramento) a esses mecanismos e usam os resultados para descartar parte deles.",Sim — os autores dedicam uma seção a quatro mecanismos possíveis e ligam explicitamente os tratamentos (ponto de referência e enquadramento) ao mecanismo do voto bandwagon.,concorda,1.0
detalhe,Meer2015a,Meer2015a,mecanismo_tipo_evidencia,categorica,teste_de_canal,teste_de_canal,concorda,1.0
detalhe,Meer2015a,Meer2015a,mecanismo_descricao,textual,"Recurso: não o resultado da pesquisa em si, mas a ênfase em quem está ganhando, isto é, o ponto de referência que sinaliza crescimento e o enquadramento positivo acoplados ao resultado real divulgado. Raciocínio: os autores listam quatro mecanismos possíveis, a saber, usar a pesquisa como indicador dos méritos dos candidatos para reavaliar as razões de voto, usar as preferências do coletivo como atalho heurístico quando falta conhecimento político, a atração por estar do lado do vencedor para elevar a autoestima e um instinto de manada afetivo e inconsciente; como as interações previstas pelos mecanismos mais cognitivos não aparecem, concluem que restam a gratificação e o contágio. Contexto: sistema multipartidário neerlandês, eleitorado volátil, quase quatro meses antes da eleição, com tratamento de dose única baseado na pesquisa real da semana anterior.","Recurso: o resultado real da pesquisa acompanhado de um ponto de referência e de um enquadramento que apresentam o partido como em crescimento; Raciocínio: os autores sustentam que o que aciona o voto bandwagon não é o resultado da pesquisa em si, mas a ênfase sobre quem está ganhando, e listam quatro canais possíveis (reavaliação cognitiva das razões para votar no vencedor, uso da pesquisa como atalho heurístico sobre a preferência coletiva, gratificação por estar do lado do vencedor e instinto de manada afetivo e inconsciente); Contexto: sistema proporcional multipartidário neerlandês, eleitorado volátil e campanha ainda não intensificada.",discorda_parcial,0.5
detalhe,Meer2015a,Meer2015a,moderador_id,categorica,"Sim — os modelos 2a a 2d da Tabela 2 interagem os tratamentos com a preferência prévia pelo PvdA, a volatilidade eleitoral e a escolaridade, e a Tabela 3 repete o exercício para o VVD com categorias de apoio prévio.",Sim — os modelos 2A a 2D interagem os tratamentos com características dos respondentes e os resultados por subgrupo são relatados.,concorda,1.0
detalhe,Meer2015a,Meer2015a,moderador_descricao,textual,"Moderadores testados por termo de interação com os tratamentos: preferência prévia pelo PvdA (medida contínua de participação e medida dicotômica), volatilidade eleitoral nas ondas anteriores e nível de escolaridade. Nenhuma das interações é significativa nos modelos 2a a 2d, de modo que as hipóteses 4a, 4b e 4c não são sustentadas. Na checagem de robustez do VVD (Tabela 3), as interações com o apoio prévio ao VVD são relatadas como significativas, mas concentradas nos extremos (quem nunca pretendeu votar no VVD e quem pretendia com muita frequência) e não entre os indecisos, o que os autores leem como efeito de teto.","Moderadores testados: preferência prévia pelo PvdA (como proporção das ondas anteriores e como medida dicotômica), volatilidade eleitoral e nível de escolaridade; nos modelos de robustez do VVD, a frequência de intenção prévia de voto no VVD em quatro categorias. Nos modelos principais nenhuma interação é significativa e as hipóteses 4a, 4b e 4c não são sustentadas; nos modelos do VVD o efeito aparece entre quem sempre e quem nunca pretendeu votar no partido, e não entre os indecisos.",discorda_parcial,0.5
detalhe,Meer2015a,Meer2015a,het_metodo,categorica,termo_interacao,termo_interacao,concorda,1.0
detalhe,Meer2015a,Meer2015a,het_pre_especificada,categorica,sim,sim,concorda,1.0
detalhe,Meer2015a,Meer2015a,equidade_progress_plus,textual,escolaridade: nenhuma das interações dos tratamentos com o nível de escolaridade é significativa (modelo 2d) e os autores concluem que os mais escolarizados não resistem mais fortemente ao gatilho ; posicao_socioeconomica_classe: 999 ; idade: 999,"escolaridade: o modelo 2D interage os tratamentos com o nível de escolaridade, nenhuma interação é significativa e os autores registram que os mais escolarizados não resistem mais fortemente ao gatilho ; posicao_socioeconomica_ou_classe: 999 ; idade: 999",discorda_parcial,0.5
detalhe,Meer2015a,Meer2015a,efeitos_nao_intencionais,textual,"Os autores testam o efeito espelho do bandwagon, a fuga do partido enquadrado como perdedor ou em declínio (o chamado efeito Titanic), e não encontram evidência dele. Na discussão registram ainda o risco de profecia autorrealizável quando a mídia relata crescimento não significativo e ignora margens de erro. Não há medida de comparecimento, desmobilização, deserção estratégica de terceiros nem de voto menos informado.","O texto testa o efeito inverso, isto é, a fuga de eleitores do partido enquadrado como em declínio ou como perdedor (o chamado ""Titanic effect""), e não encontra evidência dele; na discussão os autores alertam que relatos midiáticos de crescimento não significativo podem produzir profecia autorrealizável. Não há medida de comparecimento nem de desmobilização.",discorda_parcial,0.5
detalhe,Meer2015a,Meer2015a,limitacoes_autores,textual,"Poder estatístico insuficiente para o tamanho de efeito esperado, inclusive para detectar os efeitos condicionais; teste deliberadamente conservador, com tratamento sutil, de dose única, inserido no fim de um questionário longo e sem entrevistador; impossibilidade de separar quem recusou responder de quem não sabia, o que forçou a exclusão dessa categoria; ausência no painel de uma medida direta de sofisticação ou conhecimento político; inflação do erro tipo I por causa dos sete grupos de tratamento; vazamento do Acordo de Primavera na semana do experimento; possíveis efeitos de panelização; e impossibilidade de responder se o calendário do experimento estimulou ou atrapalhou o mecanismo.","Poder estatístico insuficiente apesar do tamanho da amostra; efeitos apenas marginalmente significativos no nível de 0,05; impossibilidade de separar quem recusou responder de quem não sabia; ausência de medida direta de sofisticação política no painel; vazamento do conteúdo do ""Spring Agreement"" na semana do experimento; tratamento único e sutil, inserido no fim de um questionário longo; impossibilidade de dizer se o momento da coleta estimulou ou dificultou o mecanismo.",discorda_parcial,0.5
detalhe,Meer2015a,Meer2015a,b2_estrategia_identificacao,categorica,experimento_aleatorizado_individual,experimento_aleatorizado_individual,concorda,1.0
detalhe,Meer2015a,Meer2015a,b2_hipoteses_testes,textual,"Checagem de balanceamento entre os dez grupos em características pré-tratamento (voto em 2010, intenção de voto em abril de 2012, escolaridade, gênero e religião), remetida ao Apêndice A; argumento de que a aleatorização garante que a omissão de medidas políticas relevantes não enviesa as estimativas causais; grupo que recebeu apenas a pergunta de desvio, incluído como checagem de que a própria pergunta não produz efeito; e teste de equivalência (Wellek) dentro de um intervalo predefinido para o resultado 'seco' da pesquisa, que não permite conclusão definitiva.","Os autores reportam checagem de balanceamento entre os dez grupos quanto ao voto em 2010, à intenção de voto em abril de 2012, à escolaridade, ao gênero e à religião (remetida ao Apêndice A); um grupo recebeu apenas a pergunta de distração, para descartar efeito da própria pergunta; e uma nota reporta teste de equivalência para o resultado ""seco"" da pesquisa.",discorda_parcial,0.5
detalhe,Meer2015a,Meer2015a,b2_estimador,categorica,logit_probit,logit_probit,concorda,1.0
detalhe,Meer2015a,Meer2015a,b2_estimando,categorica,ATE,ITT,discorda,0.0
detalhe,Meer2015a,Meer2015a,b2_nivel_atribuicao_cluster,textual,"Atribuição no nível do indivíduo, com respondentes designados aleatória e automaticamente a uma de dez condições dentro do questionário; o texto não menciona agrupamento dos erros-padrão em nenhum nível, nem tamanho médio de cluster, nem ICC, informando apenas que os erros-padrão aparecem entre parênteses nas tabelas.","Atribuição no nível do indivíduo: cada respondente foi alocado aleatória e automaticamente a uma das dez condições. O texto não menciona agrupamento dos erros-padrão em nenhum nível, nem tamanho médio de cluster, nem ICC.",discorda_parcial,0.5
detalhe,Meer2015a,Meer2015a,b2_n_total,numerica_int,10643,10643,concorda,1.0
detalhe,Meer2015a,Meer2015a,b2_controles,textual,gênero ; nível de escolaridade ; taxa de participação no 1VOP antes de maio de 2012 ; volatilidade eleitoral nas ondas anteriores (dicotomizada) ; intenção de voto no PvdA entre 2006 e 2012 (medida relativa à participação) ; intenção de voto no PvdA entre 2006 e 2012 (medida dicotômica),gênero ; nível de escolaridade ; taxa de participação no 1VOP antes de maio de 2012 ; volatilidade eleitoral dicotomizada ; intenção de voto no PvdA nas ondas anteriores como medida dicotômica ; intenção de voto no PvdA nas ondas anteriores relativa à taxa de participação,discorda_parcial,0.5
detalhe,Meer2015a,Meer2015a,b2_dp_y_tipo,categorica,nao_reportado,nao_reportado,concorda,1.0
detalhe,Meer2015a,Meer2015a,b2_teste_falsificacao,categorica,"Sim — há checagem de balanceamento entre os dez grupos em características pré-tratamento e um braço de placebo, o grupo que recebeu somente a pergunta de desvio de atenção, incluído para descartar efeito da própria pergunta.","Sim — um dos grupos recebeu apenas a pergunta de distração, sem resultado de pesquisa, justamente para descartar qualquer efeito da própria pergunta, funcionando como condição placebo.",concorda,1.0
detalhe,Meer2015a,Meer2015a,b2_modelo_principal,textual,"apoio_ao_lider: Tabela 2 (p. 29), Modelo 1 (primeira coluna de estimativas), linha 'Reference point: growth', com o resultado 'seco' da pesquisa como categoria de referência","apoio_ao_lider: Tabela 2, coluna ""Model 1"", linha ""* Reference point: growth"" (e, para o enquadramento, linha ""* Frame: positive"" da mesma coluna)",discorda,0.0
detalhe,Meer2015a,Meer2015a,b2_criterio_modelo_principal,categorica,usado_na_interpretacao,usado_na_interpretacao,concorda,1.0
detalhe,Meer2015a,Meer2015a,b2_direcao_estimativa_principal,categorica,apoio_ao_lider: benefica,apoio_ao_lider: benefica,concorda,1.0
detalhe,Meer2015a,Meer2015a,b2_significancia_05,categorica,apoio_ao_lider: sim,apoio_ao_lider: sim,concorda,1.0
detalhe,Meer2015a,Meer2015a,b2_interpretacao_autores,textual,"Os autores concluem que os resultados são compatíveis com a existência do voto bandwagon: o resultado 'seco' da pesquisa por si só não altera a intenção de voto, mas a ênfase no crescimento do partido nas pesquisas estimula o apoio subsequente, num efeito sutil, sem condicionalidade detectável, porém socialmente substantivo.","Os autores concluem que os resultados são compatíveis com a existência do voto bandwagon: o resultado ""seco"" da pesquisa por si só não altera a intenção de voto, mas apresentar o partido como em crescimento aumenta o apoio subsequente.",discorda_parcial,0.5
detalhe,Meer2015a,Meer2015a,regiao,categorica,outro,outro,concorda,1.0
detalhe,Meer2015a,Meer2015a,tipo_eleicao,categorica,candidato_partido,candidato_partido,concorda,1.0
detalhe,Meer2015a,Meer2015a,sistema_eleitoral,categorica,proporcional,proporcional,concorda,1.0
detalhe,Meer2015a,Meer2015a,voto_obrigatorio,categorica,999,999,concorda,1.0
detalhe,Meer2015a,Meer2015a,desenho_fino,categorica,survey_experiment,survey_experiment,concorda,1.0
detalhe,Meer2015a,Meer2015a,realismo_contexto,categorica,real,real,concorda,1.0
detalhe,Meer2015a,Meer2015a,ano_eleicao,numerica_int,2012,2012,concorda,1.0
detalhe,Meer2015a,Meer2015a,comparador_tipo,categorica,"outro — o grupo de referência do modelo principal é o resultado 'seco' da mesma pesquisa, sem ponto de referência nem enquadramento; o desenho inclui ainda um grupo de controle sem qualquer resultado de pesquisa","outro — a mesma pesquisa apresentada sem ponto de referência nem enquadramento (o grupo que recebeu o resultado ""seco"" é a categoria de referência do modelo principal); o grupo que não recebeu pesquisa alguma serve de comparador apenas para a hipótese 1",concorda,1.0
detalhe,Meer2015a,Meer2015a,nivel_desfecho,categorica,intencao_declarada,intencao_declarada,concorda,1.0
detalhe,Meer2015a,Meer2015a,margem_mostrada,textual,999,999,concorda,1.0
detalhe,Meer2015a,Meer2015a,mecanismo_testado,categorica,consenso_heuristica + informacao,consenso_heuristica + informacao,concorda,1.0
detalhe,Meer2015a,Meer2015a,moderadores_relatados,categorica,escolaridade + outro + preferencia_previa (outro corresponde à volatilidade eleitoral; na checagem de robustez do VVD também é relatado o apoio prévio ao VVD),escolaridade + outro (volatilidade eleitoral) + preferencia_previa,concorda,1.0
detalhe,Meer2015a,Meer2015a,alvo_efeito,categorica,segundo_viavel,segundo_viavel,concorda,1.0
detalhe,Meer2015a,Meer2015a,n_competidores,numerica_int,11,11,concorda,1.0
detalhe,Meer2015a,Meer2015a,dias_ate_eleicao,numerica_int,999,999,concorda,1.0
detalhe,Meer2015a,Meer2015a,ajuste_mediador,categorica,"Não — os seis controles do modelo principal são gênero, escolaridade, taxa de participação no painel, volatilidade eleitoral e duas medidas de intenção prévia de voto no PvdA; nenhum deles mede expectativa de vitória ou viabilidade percebida.","Não — o modelo principal controla apenas gênero, escolaridade, taxa de participação, volatilidade eleitoral e intenção prévia de voto no PvdA; nenhuma medida de expectativa de vitória ou de viabilidade percebida entra como controle.",concorda,1.0

--- concordancia por variavel ---
nivel,variavel,n_textos,concordancia_media,cohen_kappa,pabak,concordancia_valores,sinalizada,motivo_sinalizacao
por_variavel,titulo,3,1.0,,,1.0,nao,
por_variavel,ano,3,1.0,,,1.0,nao,
por_variavel,tipo_publicacao,3,1.0,1.0,1.0,1.0,nao,
por_variavel,idioma,3,1.0,,1.0,1.0,nao,
por_variavel,pais_estudo,3,0.6667,,,0.6667,sim,concordancia<80%
por_variavel,tipo_estudo,3,1.0,,1.0,1.0,nao,
por_variavel,problema_pesquisa,3,0.8333,,,0.8333,nao,
por_variavel,unidade_analise,3,1.0,1.0,1.0,1.0,nao,
por_variavel,populacao,3,0.6667,,,0.6667,sim,concordancia<80%
por_variavel,periodo_dados,3,0.6667,,,0.6667,sim,concordancia<80%
por_variavel,fonte_dados,3,1.0,1.0,1.0,1.0,nao,
por_variavel,intervencao_descricao,3,0.5,,,0.5,sim,concordancia<80%
por_variavel,familia_intervencao,3,1.0,1.0,1.0,1.0,nao,
por_variavel,comparador,3,0.3333,,,0.3333,sim,concordancia<80%
por_variavel,construto_outcome,3,1.0,1.0,1.0,1.0,nao,
por_variavel,outcome_medida,3,0.1667,,,0.1667,sim,concordancia<80%
por_variavel,mecanismo_id,3,1.0,,1.0,1.0,nao,
por_variavel,mecanismo_tipo_evidencia,3,1.0,,1.0,1.0,nao,
por_variavel,mecanismo_descricao,3,0.5,,,0.5,sim,concordancia<80%
por_variavel,moderador_id,3,1.0,,1.0,1.0,nao,
por_variavel,moderador_descricao,3,0.3333,,,0.3333,sim,concordancia<80%
por_variavel,het_metodo,3,1.0,1.0,1.0,1.0,nao,
por_variavel,het_pre_especificada,3,1.0,1.0,1.0,1.0,nao,
por_variavel,equidade_progress_plus,3,0.8333,,,0.8333,nao,
por_variavel,efeitos_nao_intencionais,3,0.3333,,,0.3333,sim,concordancia<80%
por_variavel,limitacoes_autores,3,0.6667,,,0.6667,sim,concordancia<80%
por_variavel,b2_estrategia_identificacao,3,1.0,1.0,1.0,1.0,nao,
por_variavel,b2_hipoteses_testes,3,0.5,,,0.5,sim,concordancia<80%
por_variavel,b2_estimador,3,1.0,1.0,1.0,1.0,nao,
por_variavel,b2_estimando,3,0.6667,0.4,0.3333,0.6667,sim,concordancia<80%|kappa_e_pabak<0.7
por_variavel,b2_nivel_atribuicao_cluster,3,0.5,,,0.5,sim,concordancia<80%
por_variavel,b2_n_total,3,0.6667,,,0.6667,sim,concordancia<80%
por_variavel,b2_controles,3,0.5,,,0.5,sim,concordancia<80%
por_variavel,b2_dp_y_tipo,3,1.0,,1.0,1.0,nao,
por_variavel,b2_teste_falsificacao,3,1.0,1.0,1.0,1.0,nao,
por_variavel,b2_modelo_principal,3,0.1667,,,0.1667,sim,concordancia<80%
por_variavel,b2_criterio_modelo_principal,3,0.3333,-0.5,-0.3333,0.3333,sim,concordancia<80%|kappa_e_pabak<0.7
por_variavel,b2_direcao_estimativa_principal,3,1.0,1.0,1.0,1.0,nao,
por_variavel,b2_significancia_05,3,1.0,1.0,1.0,1.0,nao,
por_variavel,b2_interpretacao_autores,3,0.5,,,0.5,sim,concordancia<80%
por_variavel,regiao,3,1.0,1.0,1.0,1.0,nao,
por_variavel,tipo_eleicao,3,1.0,1.0,1.0,1.0,nao,
por_variavel,sistema_eleitoral,3,1.0,1.0,1.0,1.0,nao,
por_variavel,voto_obrigatorio,3,1.0,1.0,1.0,1.0,nao,
por_variavel,desenho_fino,3,1.0,1.0,1.0,1.0,nao,
por_variavel,realismo_contexto,3,1.0,1.0,1.0,1.0,nao,
por_variavel,ano_eleicao,3,1.0,,,1.0,nao,
por_variavel,comparador_tipo,3,1.0,1.0,1.0,1.0,nao,
por_variavel,nivel_desfecho,3,1.0,1.0,1.0,1.0,nao,
por_variavel,margem_mostrada,3,0.6667,,,0.6667,sim,concordancia<80%
por_variavel,mecanismo_testado,3,0.6667,0.5714,0.5556,0.6667,sim,concordancia<80%|kappa_e_pabak<0.7
por_variavel,moderadores_relatados,3,1.0,1.0,1.0,1.0,nao,
por_variavel,alvo_efeito,3,0.6667,0.5,0.5,0.6667,sim,concordancia<80%|kappa_e_pabak<0.7
por_variavel,n_competidores,3,1.0,,,1.0,nao,
por_variavel,dias_ate_eleicao,3,1.0,,,1.0,nao,
por_variavel,ajuste_mediador,3,1.0,,1.0,1.0,nao,

--- concordancia por texto ---
nivel,citekey,n_vars_aplicaveis,concordancia_estrita,n_vars_mutuamente_aplicaveis,concordancia_valores
por_texto,Araujo2021a,56,0.7946,56,0.7946
por_texto,Klor2017a,56,0.8036,56,0.8036
por_texto,Meer2015a,56,0.8304,56,0.8304

--- concordancia de desenho (tipo_estudo: nº/códigos de ficha por texto) ---
nivel,citekey,desenho_original,desenho_revalidacao,concordam
desenho,Araujo2021a,b2,b2,sim
desenho,Klor2017a,b2,b2,sim
desenho,Meer2015a,b2,b2,sim
