id_efeito,ficha_id,chave,id_estudo,desenho,estimando,outcome,construto_outcome,direcao_desejada,modelo,modelo_principal,subgrupo,tipo_estatistica,m1,sd1,n1,m2,sd2,n2,t,df,f,beta,se,sdy,or_,ci_lo,ci_hi,r,p,n_total,cluster,icc,evidencia,pagina,verificado_humano,q1_1,q3_1,q1_2,q3_2,m_preditores,p0,p1,efeito_pp,se_pp
Boukouras2020a-E01,Boukouras2020a,Boukouras2020a,,RCT por cluster (laboratório; condição atribuída por sessão de 15 sujeitos),ATE,rounds won by party K (rate of electoral success),apoio_ao_lider,aumentar,"E1: Tabela VI, teste exato de Fisher unilateral; tratamento = só as 2 pesquisas (de 5) mais favoráveis a K reveladas, sem aviso da regra; controle = as 5 pesquisas reveladas; a exposição enviesada favorece o candidato do partido K; desfecho = fração de rodadas (eleições) vencidas por K; unidade = rodada",sim,,dif_prop,,,60,,,60,,,,,,,,,,,0.0138,120,15,,in E1 party K won 60% of all rounds in the control condition but 80% of the rounds in the treatment,16,,,,,,,0.60,0.80,,
Boukouras2020a-E02,Boukouras2020a,Boukouras2020a,,RCT por cluster (laboratório; condição atribuída por sessão de 15 sujeitos),ATE,rounds won by party K (rate of electoral success),apoio_ao_lider,aumentar,"E2: Tabela VI, teste exato de Fisher unilateral; tratamento = só as 2 pesquisas (de 5) mais favoráveis a K reveladas, sem aviso da regra; controle = 2 pesquisas sorteadas ao acaso; a exposição enviesada favorece o candidato do partido K; desfecho = fração de rodadas (eleições) vencidas por K; unidade = rodada",sim,,dif_prop,,,60,,,60,,,,,,,,,,,0.121,120,15,,In E2 party K won 61.6% of all rounds in the control but 73.3% of the rounds in the treatment,16,,,,,,,0.616,0.733,,
Boukouras2020a-E03,Boukouras2020a,Boukouras2020a,,RCT por cluster (laboratório; condição atribuída por sessão de 15 sujeitos),ATE,rounds won by party K (rate of electoral success),apoio_ao_lider,aumentar,"E3: Tabela VI, teste exato de Fisher unilateral; tratamento = só as 2 pesquisas (de 5) mais favoráveis a K reveladas, com aviso prévio da regra; controle = as 5 pesquisas reveladas; a exposição enviesada favorece o candidato do partido K; desfecho = fração de rodadas (eleições) vencidas por K; unidade = rodada",sim,,dif_prop,,,75,,,60,,,,,,,,,,,0.245,135,15,,in E3 party K won 56.7% of all rounds in the control but 64% of the rounds in the treatment,16,,,,,,,0.567,0.64,,
Boukouras2020a-E04,Boukouras2020a,Boukouras2020a,,RCT por cluster (laboratório; condição atribuída por sessão de 15 sujeitos),ATE,average vote share of candidate K,apoio_ao_lider,aumentar,"E1: diferença média de participação de K nos votos (texto, p. impressa 4; sem tabela); tratamento = só as 2 pesquisas (de 5) mais favoráveis a K reveladas, sem aviso da regra; controle = as 5 pesquisas reveladas; a exposição enviesada favorece K; desfecho = % dos votos para K na eleição da rodada",nao,,dif_prop,,,,,,,,,,,,,,,,,,,,,"the biased feedback mechanism increased the vote share of the favoured candidate K by an average of 20 percentage points, 11.7 percentage points and 7.3 percentage points in E1, E2 and E3, respectively.",5,,,,,,,,,20,
Boukouras2020a-E05,Boukouras2020a,Boukouras2020a,,RCT por cluster (laboratório; condição atribuída por sessão de 15 sujeitos),ATE,average vote share of candidate K,apoio_ao_lider,aumentar,"E2: diferença média de participação de K nos votos (texto, p. impressa 4; sem tabela); tratamento = só as 2 pesquisas (de 5) mais favoráveis a K reveladas, sem aviso da regra; controle = 2 pesquisas sorteadas ao acaso; a exposição enviesada favorece K; desfecho = % dos votos para K na eleição da rodada",nao,,dif_prop,,,,,,,,,,,,,,,,,,,,,"the biased feedback mechanism increased the vote share of the favoured candidate K by an average of 20 percentage points, 11.7 percentage points and 7.3 percentage points in E1, E2 and E3, respectively.",5,,,,,,,,,11.7,
Boukouras2020a-E06,Boukouras2020a,Boukouras2020a,,RCT por cluster (laboratório; condição atribuída por sessão de 15 sujeitos),ATE,average vote share of candidate K,apoio_ao_lider,aumentar,"E3: diferença média de participação de K nos votos (texto, p. impressa 4; sem tabela); tratamento = só as 2 pesquisas (de 5) mais favoráveis a K reveladas, com aviso prévio da regra; controle = as 5 pesquisas reveladas; a exposição enviesada favorece K; desfecho = % dos votos para K na eleição da rodada",nao,,dif_prop,,,,,,,,,,,,,,,,,,,,,"the biased feedback mechanism increased the vote share of the favoured candidate K by an average of 20 percentage points, 11.7 percentage points and 7.3 percentage points in E1, E2 and E3, respectively.",5,,,,,,,,,7.3,
Boukouras2020a-E07,Boukouras2020a,Boukouras2020a,,RCT por cluster (laboratório; condição atribuída por sessão de 15 sujeitos),outro,vote for K in the election among those who chose J at the poll stage (J/K),apoio_ao_lider,aumentar,"E1: Tabela IX, comparação descritiva poll/election, sem teste; tratamento = só as 2 pesquisas (de 5) mais favoráveis a K reveladas, sem aviso da regra; controle = as 5 pesquisas reveladas; a exposição enviesada favorece K; desfecho = % dos que declararam J na pesquisa e votaram K na eleição",nao,declarou J na pesquisa da rodada,dif_prop,,,,,,,,,,,,,,,,,,,,,J/K 40.80% 22.01% 26.75% 18.90% 20.63% 19.67%,51,,,,,,,0.2201,0.408,,
Boukouras2020a-E08,Boukouras2020a,Boukouras2020a,,RCT por cluster (laboratório; condição atribuída por sessão de 15 sujeitos),outro,vote for K in the election among those who chose J at the poll stage (J/K),apoio_ao_lider,aumentar,"E2: Tabela IX, comparação descritiva poll/election, sem teste; tratamento = só as 2 pesquisas (de 5) mais favoráveis a K reveladas, sem aviso da regra; controle = 2 pesquisas sorteadas ao acaso; a exposição enviesada favorece K; desfecho = % dos que declararam J na pesquisa e votaram K na eleição",nao,declarou J na pesquisa da rodada,dif_prop,,,,,,,,,,,,,,,,,,,,,J/K 40.80% 22.01% 26.75% 18.90% 20.63% 19.67%,51,,,,,,,0.189,0.2675,,
Boukouras2020a-E09,Boukouras2020a,Boukouras2020a,,RCT por cluster (laboratório; condição atribuída por sessão de 15 sujeitos),outro,vote for K in the election among those who chose J at the poll stage (J/K),apoio_ao_lider,aumentar,"E3: Tabela IX, comparação descritiva poll/election, sem teste; tratamento = só as 2 pesquisas (de 5) mais favoráveis a K reveladas, com aviso prévio da regra; controle = as 5 pesquisas reveladas; a exposição enviesada favorece K; desfecho = % dos que declararam J na pesquisa e votaram K na eleição",nao,declarou J na pesquisa da rodada,dif_prop,,,,,,,,,,,,,,,,,,,,,J/K 40.80% 22.01% 26.75% 18.90% 20.63% 19.67%,51,,,,,,,0.1967,0.2063,,
Boukouras2020a-E10,Boukouras2020a,Boukouras2020a,,RCT por cluster (laboratório; condição atribuída por sessão de 15 sujeitos),outro,vote for K in the election among those who chose K at the poll stage (K/K),apoio_ao_lider,aumentar,"E1: Tabela IX, comparação descritiva poll/election, sem teste; tratamento = só as 2 pesquisas (de 5) mais favoráveis a K reveladas, sem aviso da regra; controle = as 5 pesquisas reveladas; a exposição enviesada favorece K; desfecho = % dos que declararam K na pesquisa e votaram K na eleição",nao,declarou K na pesquisa da rodada,dif_prop,,,,,,,,,,,,,,,,,,,,,K/K 94.55% 84.55% 94.03% 86.03% 93.32% 85.67%,51,,,,,,,0.8455,0.9455,,
Boukouras2020a-E11,Boukouras2020a,Boukouras2020a,,RCT por cluster (laboratório; condição atribuída por sessão de 15 sujeitos),outro,vote for K in the election among those who chose K at the poll stage (K/K),apoio_ao_lider,aumentar,"E2: Tabela IX, comparação descritiva poll/election, sem teste; tratamento = só as 2 pesquisas (de 5) mais favoráveis a K reveladas, sem aviso da regra; controle = 2 pesquisas sorteadas ao acaso; a exposição enviesada favorece K; desfecho = % dos que declararam K na pesquisa e votaram K na eleição",nao,declarou K na pesquisa da rodada,dif_prop,,,,,,,,,,,,,,,,,,,,,K/K 94.55% 84.55% 94.03% 86.03% 93.32% 85.67%,51,,,,,,,0.8603,0.9403,,
Boukouras2020a-E12,Boukouras2020a,Boukouras2020a,,RCT por cluster (laboratório; condição atribuída por sessão de 15 sujeitos),outro,vote for K in the election among those who chose K at the poll stage (K/K),apoio_ao_lider,aumentar,"E3: Tabela IX, comparação descritiva poll/election, sem teste; tratamento = só as 2 pesquisas (de 5) mais favoráveis a K reveladas, com aviso prévio da regra; controle = as 5 pesquisas reveladas; a exposição enviesada favorece K; desfecho = % dos que declararam K na pesquisa e votaram K na eleição",nao,declarou K na pesquisa da rodada,dif_prop,,,,,,,,,,,,,,,,,,,,,K/K 94.55% 84.55% 94.03% 86.03% 93.32% 85.67%,51,,,,,,,0.8567,0.9332,,
