id_efeito,ficha_id,chave,id_estudo,desenho,estimando,outcome,construto_outcome,direcao_desejada,modelo,modelo_principal,subgrupo,tipo_estatistica,m1,sd1,n1,m2,sd2,n2,t,df,f,beta,se,sdy,or_,ci_lo,ci_hi,r,p,n_total,cluster,icc,evidencia,pagina,verificado_humano,q1_1,q3_1,q1_2,q3_2,m_preditores,p0,p1,efeito_pp,se_pp
Stolwijk2016a-E01,Stolwijk2016a,Stolwijk2016a,,"painel de duas ondas com controles (observacional, não randomizado)",associacao,"vote choice (Zweitstimme, onda 2)",apoio_ao_lider,aumentar,"Tabela 1 (p. 567), regressão logística da escolha de voto: linha Poll exposure index (índice contínuo de exposição a reportagens de pesquisas sobre o partido); controles: vote choice (wave 1), poll valence, amount of polls, change in vote share, party rating (w1), anxiety (w1), enthusiasm (w1), age, gender, education; EP robusto agrupado por respondente",sim,,or,,,,,,,,,,,,,1.01,,,,,6384,6,,Poll exposure index 0.01 ... (0.00) 1.01,14,,,,,,,,,,
Stolwijk2016a-E02,Stolwijk2016a,Stolwijk2016a,,"painel de duas ondas com controles (observacional, não randomizado)",associacao,"vote choice (Zweitstimme, onda 2)",apoio_ao_lider,aumentar,"Tabela 1 (p. 566-567), mesma regressão logística: probabilidades preditas, uma reportagem positiva adicional sobre o partido em cada veículo (índice sobe para 15.72) contra todos os preditores na média (índice -0.13)",nao,,dif_prop,,,,,,,,,,,,,,,,,,6384,6,,the probability of voting for that party is 4.19%. ... the probability of voting for this party to 5.12%,13,,,,,,,0.0419,0.0512,,
Stolwijk2016a-E03,Stolwijk2016a,Stolwijk2016a,,"painel de duas ondas com controles (observacional, não randomizado)",associacao,"vote choice (Zweitstimme, onda 2)",apoio_ao_lider,aumentar,"Tabela 1 (p. 566-567), mesma regressão logística: probabilidades preditas, todos os preditores na média (índice -0.13) contra uma reportagem negativa adicional sobre o partido; grupo 1 é a média, por ser a exposição relativamente mais positiva",nao,,dif_prop,,,,,,,,,,,,,,,,,,6384,6,,the probability of voting for that party is 4.19%. ... the probability of voting for that party decreases to 3.43%,13,,,,,,,0.0343,0.0419,,
Stolwijk2016a-E04,Stolwijk2016a,Stolwijk2016a,,"painel de duas ondas com controles (observacional, não randomizado)",associacao,"vote choice (Zweitstimme, onda 2)",apoio_ao_lider,aumentar,"Tabela 1 (p. 567), mesma regressão logística: probabilidades preditas no escore máximo do índice de exposição (248.5) contra o escore mínimo (-200.7)",nao,,dif_prop,,,,,,,,,,,,,,,,,,6384,6,,amounts to a predicted probability of voting for that party of 0.31% compared with 53.58%,14,,,,,,,0.0031,0.5358,,
Stolwijk2016a-E05,Stolwijk2016a,Stolwijk2016a,,"painel de duas ondas com controles (observacional, não randomizado)",associacao,"vote choice (Zweitstimme, onda 2)",apoio_ao_lider,aumentar,"Figura 2 (p. 568), SEM de mediação: coeficiente padronizado do caminho direto polls -> vote, controlando ansiedade, entusiasmo, avaliação do partido e as medidas correspondentes da onda 1; IC bootstrap corrigido de viés com 5.000 reamostras",nao,,beta_sd,,,,,,,,,,0.02,,,,,,,<0.01,6384,6,,SEM results of the effects of exposure to poll reports about a party via feelings of anxiety and enthusiasm about that party and/or party ratings on voting for that party. All effects reported are significant at p < .01 level,15,,,,,,,,,,
Stolwijk2016a-E06,Stolwijk2016a,Stolwijk2016a,,"painel de duas ondas com controles (observacional, não randomizado)",associacao,"vote choice (Zweitstimme, onda 2)",apoio_ao_lider,aumentar,"Tabela 2 (p. 569), decomposição do SEM: efeito INDIRETO do índice de exposição log-transformado sobre a escolha de voto pelo caminho ansiedade (Anxiety)",nao,,beta_sd,,,,,,,,,,0.0002,,,,,,,0.057,6384,6,,Log transformed poll index via Anxiety .0002 (p ... .057),16,,,,,,,,,,
Stolwijk2016a-E07,Stolwijk2016a,Stolwijk2016a,,"painel de duas ondas com controles (observacional, não randomizado)",associacao,"vote choice (Zweitstimme, onda 2)",apoio_ao_lider,aumentar,"Tabela 2 (p. 569), decomposição do SEM: efeito INDIRETO do índice de exposição log-transformado sobre a escolha de voto pelo caminho ansiedade e avaliação do partido (Anxiety and party ratings)",nao,,beta_sd,,,,,,,,,,0.0003,,,,,,,0.011,6384,6,,Anxiety and party ratings .0003 (p ... .011),16,,,,,,,,,,
Stolwijk2016a-E08,Stolwijk2016a,Stolwijk2016a,,"painel de duas ondas com controles (observacional, não randomizado)",associacao,"vote choice (Zweitstimme, onda 2)",apoio_ao_lider,aumentar,"Tabela 2 (p. 569), decomposição do SEM: efeito INDIRETO do índice de exposição log-transformado sobre a escolha de voto pelo caminho entusiasmo (Enthusiasm)",nao,,beta_sd,,,,,,,,,,0.0033,,,,,,,<0.001,6384,6,,Enthusiasm .0033 (p < .001),16,,,,,,,,,,
Stolwijk2016a-E09,Stolwijk2016a,Stolwijk2016a,,"painel de duas ondas com controles (observacional, não randomizado)",associacao,"vote choice (Zweitstimme, onda 2)",apoio_ao_lider,aumentar,"Tabela 2 (p. 569), decomposição do SEM: efeito INDIRETO do índice de exposição log-transformado sobre a escolha de voto pelo caminho entusiasmo e avaliação do partido (Enthusiasm and party ratings)",nao,,beta_sd,,,,,,,,,,0.0022,,,,,,,<0.001,6384,6,,Enthusiasm and party ratings .0022 (p < .001),16,,,,,,,,,,
Stolwijk2016a-E10,Stolwijk2016a,Stolwijk2016a,,"painel de duas ondas com controles (observacional, não randomizado)",associacao,"vote choice (Zweitstimme, onda 2)",apoio_ao_lider,aumentar,"Tabela 2 (p. 569), decomposição do SEM: efeito INDIRETO do índice de exposição log-transformado sobre a escolha de voto pelo caminho avaliação do partido (Party ratings)",nao,,beta_sd,,,,,,,,,,0.0042,,,,,,,<0.001,6384,6,,Party ratings .0042 (p < .001),16,,,,,,,,,,
