id_efeito,ficha_id,chave,id_estudo,desenho,estimando,outcome,construto_outcome,direcao_desejada,modelo,modelo_principal,subgrupo,tipo_estatistica,m1,sd1,n1,m2,sd2,n2,t,df,f,beta,se,sdy,or_,ci_lo,ci_hi,r,p,n_total,cluster,icc,evidencia,pagina,verificado_humano,q1_1,q3_1,q1_2,q3_2,m_preditores,p0,p1,efeito_pp,se_pp,familia_intervencao,comparador_tipo,alvo_efeito,desenho_fino,regiao,tipo_eleicao,realismo_contexto,ano_eleicao_pre2010,sistema_eleitoral
Morton2015a-E01,Morton2015a,Morton2015a,,DiD (experimento natural: reforma eleitoral francesa de 2005),ATT,turnout (comparecimento por departamento e turno),mobilizacao,aumentar,"Tabela 3, coluna (1) (DID nao parametrico, 2002 e 2007, controle = OST orientais, sem dummy de turno, EP block bootstrap)",nao,,dif_prop,,,,,,,,,,,,,,,,,,36,,,Treatment Eﬀect 0.11∗∗∗ 0.11∗∗∗ 0.11∗ 0.11∗∗ (0.04) (0.04) (0.06) (0.05),23,,,,,,,0.64,,-11,4,boca_de_urna,antes_depois_proibicao,nao_se_aplica,experimento_natural,outro,candidato_partido,real,sim,maioria_dois_turnos
Morton2015a-E02,Morton2015a,Morton2015a,,DiD (experimento natural: reforma eleitoral francesa de 2005),ATT,turnout (comparecimento por departamento e turno),mobilizacao,aumentar,"Tabela 3, coluna (2) (idem com dummy de turno, EP block bootstrap)",nao,,dif_prop,,,,,,,,,,,,,,,,,,36,,,Treatment Eﬀect 0.11∗∗∗ 0.11∗∗∗ 0.11∗ 0.11∗∗ (0.04) (0.04) (0.06) (0.05),23,,,,,,,0.64,,-11,4,boca_de_urna,antes_depois_proibicao,nao_se_aplica,experimento_natural,outro,candidato_partido,real,sim,maioria_dois_turnos
Morton2015a-E03,Morton2015a,Morton2015a,,DiD (experimento natural: reforma eleitoral francesa de 2005),ATT,turnout (comparecimento por departamento e turno),mobilizacao,aumentar,"Tabela 3, coluna (3) (regressao ponderada pelo eleitorado, sem dummy de turno, EP MQO)",nao,,dif_prop,,,,,,,,,,,,,,,,,,36,,,Treatment Eﬀect 0.11∗∗∗ 0.11∗∗∗ 0.11∗ 0.11∗∗ (0.04) (0.04) (0.06) (0.05),23,,,,,,,0.64,,-11,6,boca_de_urna,antes_depois_proibicao,nao_se_aplica,experimento_natural,outro,candidato_partido,real,sim,maioria_dois_turnos
Morton2015a-E04,Morton2015a,Morton2015a,,DiD (experimento natural: reforma eleitoral francesa de 2005),ATT,turnout (comparecimento por departamento e turno),mobilizacao,aumentar,"Tabela 3, coluna (4) (regressao ponderada com dummy de turno, EP MQO)",nao,,dif_prop,,,,,,,,,,,,,,,,,,36,,,Treatment Eﬀect 0.11∗∗∗ 0.11∗∗∗ 0.11∗ 0.11∗∗ (0.04) (0.04) (0.06) (0.05),23,,,,,,,0.64,,-11,5,boca_de_urna,antes_depois_proibicao,nao_se_aplica,experimento_natural,outro,candidato_partido,real,sim,maioria_dois_turnos
Morton2015a-E05,Morton2015a,Morton2015a,,DiD (experimento natural: reforma eleitoral francesa de 2005),ATT,turnout (comparecimento por departamento e turno),mobilizacao,aumentar,"Tabela 4, coluna (1) (seis eleicoes e 105 departamentos, sem controles, EP MQO)",nao,,dif_prop,,,,,,,,,,,,,,,,,,1260,,,Treatment Eﬀect 0.06∗∗∗ 0.06∗∗∗ 0.06∗∗ 0.06∗∗ 0.06∗∗ 0.11∗∗∗ 0.14∗∗∗ (0.02) (0.02) (0.02) (0.02) (0.02) (0.02) (0.02),25,,,,,,,0.64,,-6,2,boca_de_urna,antes_depois_proibicao,nao_se_aplica,experimento_natural,outro,candidato_partido,real,sim,maioria_dois_turnos
Morton2015a-E06,Morton2015a,Morton2015a,,DiD (experimento natural: reforma eleitoral francesa de 2005),ATT,turnout (comparecimento por departamento e turno),mobilizacao,aumentar,"Tabela 4, coluna (2) (tendencia comum linear e quadratica, dummy de turno, EP MQO)",nao,,dif_prop,,,,,,,,,,,,,,,,,,1260,,,Treatment Eﬀect 0.06∗∗∗ 0.06∗∗∗ 0.06∗∗ 0.06∗∗ 0.06∗∗ 0.11∗∗∗ 0.14∗∗∗ (0.02) (0.02) (0.02) (0.02) (0.02) (0.02) (0.02),25,,,,,,,0.64,,-6,2,boca_de_urna,antes_depois_proibicao,nao_se_aplica,experimento_natural,outro,candidato_partido,real,sim,maioria_dois_turnos
Morton2015a-E07,Morton2015a,Morton2015a,,DiD (experimento natural: reforma eleitoral francesa de 2005),ATT,turnout (comparecimento por departamento e turno),mobilizacao,aumentar,"Tabela 4, coluna (3) (sem controles, EP agrupado por departamento)",nao,,dif_prop,,,,,,,,,,,,,,,,,,1260,,,Treatment Eﬀect 0.06∗∗∗ 0.06∗∗∗ 0.06∗∗ 0.06∗∗ 0.06∗∗ 0.11∗∗∗ 0.14∗∗∗ (0.02) (0.02) (0.02) (0.02) (0.02) (0.02) (0.02),25,,,,,,,0.64,,-6,2,boca_de_urna,antes_depois_proibicao,nao_se_aplica,experimento_natural,outro,candidato_partido,real,sim,maioria_dois_turnos
Morton2015a-E08,Morton2015a,Morton2015a,,DiD (experimento natural: reforma eleitoral francesa de 2005),ATT,turnout (comparecimento por departamento e turno),mobilizacao,aumentar,"Tabela 4, coluna (4) (dummies de OST e de turno, EP agrupado por departamento)",nao,,dif_prop,,,,,,,,,,,,,,,,,,1260,,,Treatment Eﬀect 0.06∗∗∗ 0.06∗∗∗ 0.06∗∗ 0.06∗∗ 0.06∗∗ 0.11∗∗∗ 0.14∗∗∗ (0.02) (0.02) (0.02) (0.02) (0.02) (0.02) (0.02),25,,,,,,,0.64,,-6,2,boca_de_urna,antes_depois_proibicao,nao_se_aplica,experimento_natural,outro,candidato_partido,real,sim,maioria_dois_turnos
Morton2015a-E09,Morton2015a,Morton2015a,,DiD (experimento natural: reforma eleitoral francesa de 2005),ATT,turnout (comparecimento por departamento e turno),mobilizacao,aumentar,"Tabela 4, coluna (5) (dummies de OST e de turno, tendencia comum linear e quadratica, EP agrupado)",nao,,dif_prop,,,,,,,,,,,,,,,,,,1260,,,Treatment Eﬀect 0.06∗∗∗ 0.06∗∗∗ 0.06∗∗ 0.06∗∗ 0.06∗∗ 0.11∗∗∗ 0.14∗∗∗ (0.02) (0.02) (0.02) (0.02) (0.02) (0.02) (0.02),25,,,,,,,0.64,,-6,2,boca_de_urna,antes_depois_proibicao,nao_se_aplica,experimento_natural,outro,candidato_partido,real,sim,maioria_dois_turnos
Morton2015a-E10,Morton2015a,Morton2015a,,DiD (experimento natural: reforma eleitoral francesa de 2005),ATT,turnout (comparecimento por departamento e turno),mobilizacao,aumentar,"Tabela 4, coluna (6) (tendencia temporal especifica por territorio, dummy de turno, EP agrupado)",nao,,dif_prop,,,,,,,,,,,,,,,,,,1260,,,Treatment Eﬀect 0.06∗∗∗ 0.06∗∗∗ 0.06∗∗ 0.06∗∗ 0.06∗∗ 0.11∗∗∗ 0.14∗∗∗ (0.02) (0.02) (0.02) (0.02) (0.02) (0.02) (0.02),25,,,,,,,0.64,,-11,2,boca_de_urna,antes_depois_proibicao,nao_se_aplica,experimento_natural,outro,candidato_partido,real,sim,maioria_dois_turnos
Morton2015a-E11,Morton2015a,Morton2015a,,DiD (experimento natural: reforma eleitoral francesa de 2005),ATT,turnout (comparecimento por departamento e turno),mobilizacao,aumentar,"Tabela 4, coluna (7) (tendencia por territorio, regressao ponderada, EP agrupado)",nao,,dif_prop,,,,,,,,,,,,,,,,,,1260,,,Treatment Eﬀect 0.06∗∗∗ 0.06∗∗∗ 0.06∗∗ 0.06∗∗ 0.06∗∗ 0.11∗∗∗ 0.14∗∗∗ (0.02) (0.02) (0.02) (0.02) (0.02) (0.02) (0.02),25,,,,,,,0.64,,-14,2,boca_de_urna,antes_depois_proibicao,nao_se_aplica,experimento_natural,outro,candidato_partido,real,sim,maioria_dois_turnos
Morton2015a-E12,Morton2015a,Morton2015a,,DiD (experimento natural: reforma eleitoral francesa de 2005),ATT,turnout (comparecimento por departamento e turno),mobilizacao,aumentar,"Tabela 5, coluna (1) (tendencia linear por departamento (105), dummies de OST e de turno, EP agrupado)",sim,,dif_prop,,,,,,,,,,,,,,,,,,1260,,,Treatment Eﬀect 0.11∗∗∗ 0.09∗∗∗ 0.14∗∗∗ 0.18∗∗∗ (0.02) (0.02) (0.02) (0.01),27,,,,,,,0.64,,-11,2,boca_de_urna,antes_depois_proibicao,nao_se_aplica,experimento_natural,outro,candidato_partido,real,sim,maioria_dois_turnos
Morton2015a-E13,Morton2015a,Morton2015a,,DiD (experimento natural: reforma eleitoral francesa de 2005),ATT,turnout (comparecimento por departamento e turno),mobilizacao,aumentar,"Tabela 5, coluna (2) (tendencias linear e quadratica por departamento, dummies de OST e de turno, EP agrupado)",nao,,dif_prop,,,,,,,,,,,,,,,,,,1260,,,Treatment Eﬀect 0.11∗∗∗ 0.09∗∗∗ 0.14∗∗∗ 0.18∗∗∗ (0.02) (0.02) (0.02) (0.01),27,,,,,,,0.64,,-9,2,boca_de_urna,antes_depois_proibicao,nao_se_aplica,experimento_natural,outro,candidato_partido,real,sim,maioria_dois_turnos
Morton2015a-E14,Morton2015a,Morton2015a,,DiD (experimento natural: reforma eleitoral francesa de 2005),ATT,turnout (comparecimento por departamento e turno),mobilizacao,aumentar,"Tabela 5, coluna (3) (regressao ponderada, tendencia linear por departamento, EP agrupado)",nao,,dif_prop,,,,,,,,,,,,,,,,,,1260,,,Treatment Eﬀect 0.11∗∗∗ 0.09∗∗∗ 0.14∗∗∗ 0.18∗∗∗ (0.02) (0.02) (0.02) (0.01),27,,,,,,,0.64,,-14,2,boca_de_urna,antes_depois_proibicao,nao_se_aplica,experimento_natural,outro,candidato_partido,real,sim,maioria_dois_turnos
Morton2015a-E15,Morton2015a,Morton2015a,,DiD (experimento natural: reforma eleitoral francesa de 2005),ATT,turnout (comparecimento por departamento e turno),mobilizacao,aumentar,"Tabela 5, coluna (4) (regressao ponderada, tendencias linear e quadratica por departamento, EP agrupado)",nao,,dif_prop,,,,,,,,,,,,,,,,,,1260,,,Treatment Eﬀect 0.11∗∗∗ 0.09∗∗∗ 0.14∗∗∗ 0.18∗∗∗ (0.02) (0.02) (0.02) (0.01),27,,,,,,,0.64,,-18,1,boca_de_urna,antes_depois_proibicao,nao_se_aplica,experimento_natural,outro,candidato_partido,real,sim,maioria_dois_turnos
Morton2015a-E16,Morton2015a,Morton2015a,,DiD (experimento natural: reforma eleitoral francesa de 2005),ATT,turnout (comparecimento por departamento e turno),mobilizacao,aumentar,"Tabela 6, coluna (1) (exclui o 1o turno de 2002 ('Le Pen'), controle = OST orientais, EP block bootstrap)",nao,,dif_prop,,,,,,,,,,,,,,,,,,27,,,Treatment Eﬀect 0.09∗ 0.09∗ 0.14∗ 0.14∗ (0.05) (0.05) (0.07) (0.07),29,,,,,,,0.64,,-9,5,boca_de_urna,antes_depois_proibicao,nao_se_aplica,experimento_natural,outro,candidato_partido,real,sim,maioria_dois_turnos
Morton2015a-E17,Morton2015a,Morton2015a,,DiD (experimento natural: reforma eleitoral francesa de 2005),ATT,turnout (comparecimento por departamento e turno),mobilizacao,aumentar,"Tabela 6, coluna (2) (exclui o 1o turno de 2002, dummy de turno, EP block bootstrap)",nao,,dif_prop,,,,,,,,,,,,,,,,,,27,,,Treatment Eﬀect 0.09∗ 0.09∗ 0.14∗ 0.14∗ (0.05) (0.05) (0.07) (0.07),29,,,,,,,0.64,,-9,5,boca_de_urna,antes_depois_proibicao,nao_se_aplica,experimento_natural,outro,candidato_partido,real,sim,maioria_dois_turnos
Morton2015a-E18,Morton2015a,Morton2015a,,DiD (experimento natural: reforma eleitoral francesa de 2005),ATT,turnout (comparecimento por departamento e turno),mobilizacao,aumentar,"Tabela 6, coluna (3) (exclui o 1o turno de 2002, regressao ponderada, EP MQO)",nao,,dif_prop,,,,,,,,,,,,,,,,,,27,,,Treatment Eﬀect 0.09∗ 0.09∗ 0.14∗ 0.14∗ (0.05) (0.05) (0.07) (0.07),29,,,,,,,0.64,,-14,7,boca_de_urna,antes_depois_proibicao,nao_se_aplica,experimento_natural,outro,candidato_partido,real,sim,maioria_dois_turnos
Morton2015a-E19,Morton2015a,Morton2015a,,DiD (experimento natural: reforma eleitoral francesa de 2005),ATT,turnout (comparecimento por departamento e turno),mobilizacao,aumentar,"Tabela 6, coluna (4) (exclui o 1o turno de 2002, ponderada com dummy de turno, EP MQO)",nao,,dif_prop,,,,,,,,,,,,,,,,,,27,,,Treatment Eﬀect 0.09∗ 0.09∗ 0.14∗ 0.14∗ (0.05) (0.05) (0.07) (0.07),29,,,,,,,0.64,,-14,7,boca_de_urna,antes_depois_proibicao,nao_se_aplica,experimento_natural,outro,candidato_partido,real,sim,maioria_dois_turnos
Morton2015a-E20,Morton2015a,Morton2015a,,DiD (experimento natural: reforma eleitoral francesa de 2005),ATT,turnout (comparecimento por departamento e turno),mobilizacao,aumentar,"Tabela 9, coluna (1) (apendice; continente e OST orientais como controle, 2002 e 2007, EP agrupado)",nao,,dif_prop,,,,,,,,,,,,,,,,,,420,,,Treatment Eﬀect 0.11∗∗∗ 0.11∗∗∗ 0.11∗∗∗ 0.11∗∗∗ 0.14∗∗∗ 0.14∗∗∗ (0.02) (0.02) (0.02) (0.02) (0.02) (0.02),37,,,,,,,0.64,,-11,2,boca_de_urna,antes_depois_proibicao,nao_se_aplica,experimento_natural,outro,candidato_partido,real,sim,maioria_dois_turnos
Morton2015a-E21,Morton2015a,Morton2015a,,DiD (experimento natural: reforma eleitoral francesa de 2005),ATT,turnout (comparecimento por departamento e turno),mobilizacao,aumentar,"Tabela 9, coluna (2) (apendice; dummies de OST e de turno, EP agrupado)",nao,,dif_prop,,,,,,,,,,,,,,,,,,420,,,Treatment Eﬀect 0.11∗∗∗ 0.11∗∗∗ 0.11∗∗∗ 0.11∗∗∗ 0.14∗∗∗ 0.14∗∗∗ (0.02) (0.02) (0.02) (0.02) (0.02) (0.02),37,,,,,,,0.64,,-11,2,boca_de_urna,antes_depois_proibicao,nao_se_aplica,experimento_natural,outro,candidato_partido,real,sim,maioria_dois_turnos
Morton2015a-E22,Morton2015a,Morton2015a,,DiD (experimento natural: reforma eleitoral francesa de 2005),ATT,turnout (comparecimento por departamento e turno),mobilizacao,aumentar,"Tabela 9, coluna (3) (apendice; sem dummies, EP block bootstrap)",nao,,dif_prop,,,,,,,,,,,,,,,,,,420,,,Treatment Eﬀect 0.11∗∗∗ 0.11∗∗∗ 0.11∗∗∗ 0.11∗∗∗ 0.14∗∗∗ 0.14∗∗∗ (0.02) (0.02) (0.02) (0.02) (0.02) (0.02),37,,,,,,,0.64,,-11,2,boca_de_urna,antes_depois_proibicao,nao_se_aplica,experimento_natural,outro,candidato_partido,real,sim,maioria_dois_turnos
Morton2015a-E23,Morton2015a,Morton2015a,,DiD (experimento natural: reforma eleitoral francesa de 2005),ATT,turnout (comparecimento por departamento e turno),mobilizacao,aumentar,"Tabela 9, coluna (4) (apendice; dummies de OST e de turno, EP block bootstrap)",nao,,dif_prop,,,,,,,,,,,,,,,,,,420,,,Treatment Eﬀect 0.11∗∗∗ 0.11∗∗∗ 0.11∗∗∗ 0.11∗∗∗ 0.14∗∗∗ 0.14∗∗∗ (0.02) (0.02) (0.02) (0.02) (0.02) (0.02),37,,,,,,,0.64,,-11,2,boca_de_urna,antes_depois_proibicao,nao_se_aplica,experimento_natural,outro,candidato_partido,real,sim,maioria_dois_turnos
Morton2015a-E24,Morton2015a,Morton2015a,,DiD (experimento natural: reforma eleitoral francesa de 2005),ATT,turnout (comparecimento por departamento e turno),mobilizacao,aumentar,"Tabela 9, coluna (5) (apendice; regressao ponderada, EP agrupado)",nao,,dif_prop,,,,,,,,,,,,,,,,,,420,,,Treatment Eﬀect 0.11∗∗∗ 0.11∗∗∗ 0.11∗∗∗ 0.11∗∗∗ 0.14∗∗∗ 0.14∗∗∗ (0.02) (0.02) (0.02) (0.02) (0.02) (0.02),37,,,,,,,0.64,,-14,2,boca_de_urna,antes_depois_proibicao,nao_se_aplica,experimento_natural,outro,candidato_partido,real,sim,maioria_dois_turnos
Morton2015a-E25,Morton2015a,Morton2015a,,DiD (experimento natural: reforma eleitoral francesa de 2005),ATT,turnout (comparecimento por departamento e turno),mobilizacao,aumentar,"Tabela 9, coluna (6) (apendice; ponderada com dummies de OST e de turno, EP agrupado)",nao,,dif_prop,,,,,,,,,,,,,,,,,,420,,,Treatment Eﬀect 0.11∗∗∗ 0.11∗∗∗ 0.11∗∗∗ 0.11∗∗∗ 0.14∗∗∗ 0.14∗∗∗ (0.02) (0.02) (0.02) (0.02) (0.02) (0.02),37,,,,,,,0.64,,-14,2,boca_de_urna,antes_depois_proibicao,nao_se_aplica,experimento_natural,outro,candidato_partido,real,sim,maioria_dois_turnos
Morton2015a-E26,Morton2015a,Morton2015a,,DiD (experimento natural: reforma eleitoral francesa de 2005),ATT,turnout (comparecimento por departamento e turno),mobilizacao,aumentar,"Tabela 10, coluna (1) (apendice; todas as eleicoes 1981-2012, so OST orientais como controle, EP block bootstrap)",nao,,dif_prop,,,,,,,,,,,,,,,,,,108,,,Treatment Eﬀect 0.10∗∗∗ 0.10∗∗∗ 0.11∗∗∗ 0.11∗∗∗ (0.03) (0.03) (0.03) (0.03),38,,,,,,,0.64,,-10,3,boca_de_urna,antes_depois_proibicao,nao_se_aplica,experimento_natural,outro,candidato_partido,real,sim,maioria_dois_turnos
Morton2015a-E27,Morton2015a,Morton2015a,,DiD (experimento natural: reforma eleitoral francesa de 2005),ATT,turnout (comparecimento por departamento e turno),mobilizacao,aumentar,"Tabela 10, coluna (2) (apendice; dummy de turno e tendencia linear, EP block bootstrap)",nao,,dif_prop,,,,,,,,,,,,,,,,,,108,,,Treatment Eﬀect 0.10∗∗∗ 0.10∗∗∗ 0.11∗∗∗ 0.11∗∗∗ (0.03) (0.03) (0.03) (0.03),38,,,,,,,0.64,,-10,3,boca_de_urna,antes_depois_proibicao,nao_se_aplica,experimento_natural,outro,candidato_partido,real,sim,maioria_dois_turnos
Morton2015a-E28,Morton2015a,Morton2015a,,DiD (experimento natural: reforma eleitoral francesa de 2005),ATT,turnout (comparecimento por departamento e turno),mobilizacao,aumentar,"Tabela 10, coluna (3) (apendice; regressao ponderada, EP MQO)",nao,,dif_prop,,,,,,,,,,,,,,,,,,108,,,Treatment Eﬀect 0.10∗∗∗ 0.10∗∗∗ 0.11∗∗∗ 0.11∗∗∗ (0.03) (0.03) (0.03) (0.03),38,,,,,,,0.64,,-11,3,boca_de_urna,antes_depois_proibicao,nao_se_aplica,experimento_natural,outro,candidato_partido,real,sim,maioria_dois_turnos
Morton2015a-E29,Morton2015a,Morton2015a,,DiD (experimento natural: reforma eleitoral francesa de 2005),ATT,turnout (comparecimento por departamento e turno),mobilizacao,aumentar,"Tabela 10, coluna (4) (apendice; ponderada, dummy de turno, tendencias linear e quadratica, EP MQO)",nao,,dif_prop,,,,,,,,,,,,,,,,,,108,,,Treatment Eﬀect 0.10∗∗∗ 0.10∗∗∗ 0.11∗∗∗ 0.11∗∗∗ (0.03) (0.03) (0.03) (0.03),38,,,,,,,0.64,,-11,3,boca_de_urna,antes_depois_proibicao,nao_se_aplica,experimento_natural,outro,candidato_partido,real,sim,maioria_dois_turnos
Morton2015a-E30,Morton2015a,Morton2015a,,DiD (experimento natural: reforma eleitoral francesa de 2005),ATT,turnout (comparecimento por departamento e turno),mobilizacao,aumentar,"Tabela 11, coluna (1) (apendice; amostra colapsada em pre e pos-tratamento, sem ponderacao, EP MQO)",nao,,dif_prop,,,,,,,,,,,,,,,,,,211,,,Treatment Eﬀect 0.07∗∗∗ 0.07∗∗∗ 0.10∗∗∗ 0.10∗∗∗ (0.02) (0.03) (0.03) (0.03),38,,,,,,,0.64,,-7,2,boca_de_urna,antes_depois_proibicao,nao_se_aplica,experimento_natural,outro,candidato_partido,real,sim,maioria_dois_turnos
Morton2015a-E31,Morton2015a,Morton2015a,,DiD (experimento natural: reforma eleitoral francesa de 2005),ATT,turnout (comparecimento por departamento e turno),mobilizacao,aumentar,"Tabela 11, coluna (2) (apendice; amostra colapsada, sem ponderacao, EP agrupado)",nao,,dif_prop,,,,,,,,,,,,,,,,,,211,,,Treatment Eﬀect 0.07∗∗∗ 0.07∗∗∗ 0.10∗∗∗ 0.10∗∗∗ (0.02) (0.03) (0.03) (0.03),38,,,,,,,0.64,,-7,3,boca_de_urna,antes_depois_proibicao,nao_se_aplica,experimento_natural,outro,candidato_partido,real,sim,maioria_dois_turnos
Morton2015a-E32,Morton2015a,Morton2015a,,DiD (experimento natural: reforma eleitoral francesa de 2005),ATT,turnout (comparecimento por departamento e turno),mobilizacao,aumentar,"Tabela 11, coluna (3) (apendice; amostra colapsada, ponderada, EP MQO)",nao,,dif_prop,,,,,,,,,,,,,,,,,,211,,,Treatment Eﬀect 0.07∗∗∗ 0.07∗∗∗ 0.10∗∗∗ 0.10∗∗∗ (0.02) (0.03) (0.03) (0.03),38,,,,,,,0.64,,-10,3,boca_de_urna,antes_depois_proibicao,nao_se_aplica,experimento_natural,outro,candidato_partido,real,sim,maioria_dois_turnos
Morton2015a-E33,Morton2015a,Morton2015a,,DiD (experimento natural: reforma eleitoral francesa de 2005),ATT,turnout (comparecimento por departamento e turno),mobilizacao,aumentar,"Tabela 11, coluna (4) (apendice; amostra colapsada, ponderada, EP agrupado)",nao,,dif_prop,,,,,,,,,,,,,,,,,,211,,,Treatment Eﬀect 0.07∗∗∗ 0.07∗∗∗ 0.10∗∗∗ 0.10∗∗∗ (0.02) (0.03) (0.03) (0.03),38,,,,,,,0.64,,-10,3,boca_de_urna,antes_depois_proibicao,nao_se_aplica,experimento_natural,outro,candidato_partido,real,sim,maioria_dois_turnos
Morton2015a-E34,Morton2015a,Morton2015a,,DiD (experimento natural: reforma eleitoral francesa de 2005),ATT,turnout (comparecimento por departamento e turno),mobilizacao,aumentar,"Tabela 12, coluna (1) (apendice; exclui o 1o turno de 2002, sem controles, EP MQO)",nao,,dif_prop,,,,,,,,,,,,,,,,,,1155,,,Treatment Eﬀect 0.06∗∗∗ 0.06∗∗∗ 0.06∗∗ 0.06∗∗ 0.06∗∗ 0.12∗∗∗ 0.15∗∗∗ (0.02) (0.02) (0.03) (0.03) (0.03) (0.02) (0.01),39,,,,,,,0.64,,-6,2,boca_de_urna,antes_depois_proibicao,nao_se_aplica,experimento_natural,outro,candidato_partido,real,sim,maioria_dois_turnos
Morton2015a-E35,Morton2015a,Morton2015a,,DiD (experimento natural: reforma eleitoral francesa de 2005),ATT,turnout (comparecimento por departamento e turno),mobilizacao,aumentar,"Tabela 12, coluna (2) (apendice; exclui 2002-T1, tendencia comum linear e quadratica, dummy de turno, EP MQO)",nao,,dif_prop,,,,,,,,,,,,,,,,,,1155,,,Treatment Eﬀect 0.06∗∗∗ 0.06∗∗∗ 0.06∗∗ 0.06∗∗ 0.06∗∗ 0.12∗∗∗ 0.15∗∗∗ (0.02) (0.02) (0.03) (0.03) (0.03) (0.02) (0.01),39,,,,,,,0.64,,-6,2,boca_de_urna,antes_depois_proibicao,nao_se_aplica,experimento_natural,outro,candidato_partido,real,sim,maioria_dois_turnos
Morton2015a-E36,Morton2015a,Morton2015a,,DiD (experimento natural: reforma eleitoral francesa de 2005),ATT,turnout (comparecimento por departamento e turno),mobilizacao,aumentar,"Tabela 12, coluna (3) (apendice; exclui 2002-T1, sem controles, EP agrupado)",nao,,dif_prop,,,,,,,,,,,,,,,,,,1155,,,Treatment Eﬀect 0.06∗∗∗ 0.06∗∗∗ 0.06∗∗ 0.06∗∗ 0.06∗∗ 0.12∗∗∗ 0.15∗∗∗ (0.02) (0.02) (0.03) (0.03) (0.03) (0.02) (0.01),39,,,,,,,0.64,,-6,3,boca_de_urna,antes_depois_proibicao,nao_se_aplica,experimento_natural,outro,candidato_partido,real,sim,maioria_dois_turnos
Morton2015a-E37,Morton2015a,Morton2015a,,DiD (experimento natural: reforma eleitoral francesa de 2005),ATT,turnout (comparecimento por departamento e turno),mobilizacao,aumentar,"Tabela 12, coluna (4) (apendice; exclui 2002-T1, dummies de OST e de turno, EP agrupado)",nao,,dif_prop,,,,,,,,,,,,,,,,,,1155,,,Treatment Eﬀect 0.06∗∗∗ 0.06∗∗∗ 0.06∗∗ 0.06∗∗ 0.06∗∗ 0.12∗∗∗ 0.15∗∗∗ (0.02) (0.02) (0.03) (0.03) (0.03) (0.02) (0.01),39,,,,,,,0.64,,-6,3,boca_de_urna,antes_depois_proibicao,nao_se_aplica,experimento_natural,outro,candidato_partido,real,sim,maioria_dois_turnos
Morton2015a-E38,Morton2015a,Morton2015a,,DiD (experimento natural: reforma eleitoral francesa de 2005),ATT,turnout (comparecimento por departamento e turno),mobilizacao,aumentar,"Tabela 12, coluna (5) (apendice; exclui 2002-T1, dummies de OST e de turno, tendencia comum linear e quadratica, EP agrupado)",nao,,dif_prop,,,,,,,,,,,,,,,,,,1155,,,Treatment Eﬀect 0.06∗∗∗ 0.06∗∗∗ 0.06∗∗ 0.06∗∗ 0.06∗∗ 0.12∗∗∗ 0.15∗∗∗ (0.02) (0.02) (0.03) (0.03) (0.03) (0.02) (0.01),39,,,,,,,0.64,,-6,3,boca_de_urna,antes_depois_proibicao,nao_se_aplica,experimento_natural,outro,candidato_partido,real,sim,maioria_dois_turnos
Morton2015a-E39,Morton2015a,Morton2015a,,DiD (experimento natural: reforma eleitoral francesa de 2005),ATT,turnout (comparecimento por departamento e turno),mobilizacao,aumentar,"Tabela 12, coluna (6) (apendice; exclui 2002-T1, tendencia especifica por territorio, dummy de turno, EP agrupado)",nao,,dif_prop,,,,,,,,,,,,,,,,,,1155,,,Treatment Eﬀect 0.06∗∗∗ 0.06∗∗∗ 0.06∗∗ 0.06∗∗ 0.06∗∗ 0.12∗∗∗ 0.15∗∗∗ (0.02) (0.02) (0.03) (0.03) (0.03) (0.02) (0.01),39,,,,,,,0.64,,-12,2,boca_de_urna,antes_depois_proibicao,nao_se_aplica,experimento_natural,outro,candidato_partido,real,sim,maioria_dois_turnos
Morton2015a-E40,Morton2015a,Morton2015a,,DiD (experimento natural: reforma eleitoral francesa de 2005),ATT,turnout (comparecimento por departamento e turno),mobilizacao,aumentar,"Tabela 12, coluna (7) (apendice; exclui 2002-T1, tendencia por territorio, ponderada, EP agrupado)",nao,,dif_prop,,,,,,,,,,,,,,,,,,1155,,,Treatment Eﬀect 0.06∗∗∗ 0.06∗∗∗ 0.06∗∗ 0.06∗∗ 0.06∗∗ 0.12∗∗∗ 0.15∗∗∗ (0.02) (0.02) (0.03) (0.03) (0.03) (0.02) (0.01),39,,,,,,,0.64,,-15,1,boca_de_urna,antes_depois_proibicao,nao_se_aplica,experimento_natural,outro,candidato_partido,real,sim,maioria_dois_turnos
Morton2015a-E41,Morton2015a,Morton2015a,,DiD (experimento natural: reforma eleitoral francesa de 2005),ATT,"vote difference in the western OST (∆treated,st)",apoio_ao_lider,aumentar,"Tabela 8, coluna 'Full Sample' (amostra completa; diferenca delta das inclinacoes pre e pos-2005 da equacao (2), MQO, EP agrupado por departamento)",sim,,beta_sd,,,,,,,,,,5.22,2.04,,,,,,,60,,,Diﬀerence δ −5.22 -11.49 Standard errors: OLS (2.91)∗ (5.62)∗∗ Clustered by department (2.04)∗ (3.78)∗∗ Bootstrapped (1.23)∗∗∗ (5.76)∗∗ Block bootstrapped by department (1.73)∗∗∗ (3.31)∗∗∗ N 60 50,34,,,,,,,,,,,boca_de_urna,antes_depois_proibicao,lider,experimento_natural,outro,candidato_partido,real,sim,maioria_dois_turnos
Morton2015a-E42,Morton2015a,Morton2015a,,DiD (experimento natural: reforma eleitoral francesa de 2005),ATT,"vote difference in the western OST (∆treated,st)",apoio_ao_lider,aumentar,"Tabela 8, coluna 'Excluding Outliers' (exclui observacoes com vantagem no continente acima de 20 p.p. (1o turno de 1988 e 2o turno de 2002); EP agrupado por departamento)",nao,,beta_sd,,,,,,,,,,11.49,3.78,,,,,,,50,,,Diﬀerence δ −5.22 -11.49 Standard errors: OLS (2.91)∗ (5.62)∗∗ Clustered by department (2.04)∗ (3.78)∗∗ Bootstrapped (1.23)∗∗∗ (5.76)∗∗ Block bootstrapped by department (1.73)∗∗∗ (3.31)∗∗∗ N 60 50,34,,,,,,,,,,,boca_de_urna,antes_depois_proibicao,lider,experimento_natural,outro,candidato_partido,real,sim,maioria_dois_turnos
