id_efeito,campo,antes,depois
Alabrese2024a-E126,direcao_desejada,reduzir,aumentar
Alabrese2024a-E127,direcao_desejada,reduzir,aumentar
Alabrese2024a-E130,direcao_desejada,reduzir,aumentar
Alabrese2024a-E131,direcao_desejada,reduzir,aumentar
Araujo2021a-E02,direcao_desejada,reduzir,aumentar
Bursztyn2023a-E01,alvo_efeito,azarao,nao_se_aplica
Bursztyn2023a-E02,alvo_efeito,azarao,nao_se_aplica
Bursztyn2023a-E03,alvo_efeito,azarao,nao_se_aplica
Bursztyn2023a-E04,alvo_efeito,azarao,nao_se_aplica
Bursztyn2023a-E05,alvo_efeito,azarao,nao_se_aplica
Bursztyn2023a-E06,alvo_efeito,azarao,nao_se_aplica
Bursztyn2023a-E07,alvo_efeito,azarao,nao_se_aplica
Bursztyn2023a-E08,alvo_efeito,azarao,nao_se_aplica
Bursztyn2023a-E09,alvo_efeito,azarao,nao_se_aplica
Bursztyn2023a-E10,alvo_efeito,azarao,nao_se_aplica
Bursztyn2023a-E11,alvo_efeito,azarao,nao_se_aplica
Bursztyn2023a-E12,alvo_efeito,azarao,nao_se_aplica
Bursztyn2023a-E13,alvo_efeito,azarao,nao_se_aplica
Bursztyn2023a-E14,alvo_efeito,azarao,nao_se_aplica
Bursztyn2023a-E15,alvo_efeito,azarao,nao_se_aplica
Bursztyn2023a-E16,alvo_efeito,azarao,nao_se_aplica
Chatterjee2019a-E03,direcao_desejada,reduzir,aumentar
Chatterjee2019a-E04,direcao_desejada,reduzir,aumentar
Chatterjee2019a-E09,direcao_desejada,reduzir,aumentar
Chatterjee2019a-E10,direcao_desejada,reduzir,aumentar
Cornejo2023a-E01,direcao_desejada,aumentar,reduzir
Cornejo2023a-E02,direcao_desejada,aumentar,reduzir
Cornejo2023a-E03,direcao_desejada,aumentar,reduzir
Cornejo2023a-E04,direcao_desejada,aumentar,reduzir
Cornejo2023a-E05,direcao_desejada,reduzir,aumentar
Cornejo2023a-E06,direcao_desejada,reduzir,aumentar
Cornejo2023a-E07,direcao_desejada,reduzir,aumentar
Cornejo2023a-E08,direcao_desejada,reduzir,aumentar
Cornejo2023a-E09,direcao_desejada,reduzir,aumentar
Cornejo2023a-E10,direcao_desejada,reduzir,aumentar
Cornejo2023a-E11,direcao_desejada,reduzir,aumentar
Cornejo2023a-E12,direcao_desejada,reduzir,aumentar
Cornejo2023a-E13,direcao_desejada,reduzir,aumentar
Cornejo2023a-E14,direcao_desejada,reduzir,aumentar
Cornejo2023a-E15,direcao_desejada,reduzir,aumentar
Cornejo2023a-E16,direcao_desejada,reduzir,aumentar
Cornejo2023a-E17,direcao_desejada,reduzir,aumentar
Cornejo2023a-E18,direcao_desejada,reduzir,aumentar
Dahlgaard2016a-E04,direcao_desejada,aumentar,reduzir
Dahlgaard2016a-E05,direcao_desejada,aumentar,reduzir
Dahlgaard2016a-E06,direcao_desejada,aumentar,reduzir
Dahlgaard2016a-E09,direcao_desejada,aumentar,reduzir
Dahlgaard2016a-E10,direcao_desejada,aumentar,reduzir
Dahlgaard2016a-E13,direcao_desejada,aumentar,reduzir
Dahlgaard2016a-E14,direcao_desejada,aumentar,reduzir
Erlich2023-E01,alvo_efeito,lider,nao_se_aplica
Erlich2023-E02,alvo_efeito,lider,nao_se_aplica
Freden2024a-E01,direcao_desejada,aumentar,reduzir
Freden2024a-E02,direcao_desejada,aumentar,reduzir
Freden2024a-E03,direcao_desejada,aumentar,reduzir
Freden2024a-E04,direcao_desejada,aumentar,reduzir
Freden2024a-E05,direcao_desejada,aumentar,reduzir
Freden2024a-E06,direcao_desejada,aumentar,reduzir
Freden2024a-E07,direcao_desejada,aumentar,reduzir
Freden2024a-E08,direcao_desejada,aumentar,reduzir
Freden2024a-E09,direcao_desejada,aumentar,reduzir
Gasperoni2015a-E03,direcao_desejada,reduzir,aumentar
Gerber2020a-E01,alvo_efeito,azarao,nao_se_aplica
Gerber2020a-E02,alvo_efeito,azarao,nao_se_aplica
Gerber2020a-E03,alvo_efeito,azarao,nao_se_aplica
Gerber2020a-E04,alvo_efeito,azarao,nao_se_aplica
Gerber2020a-E05,alvo_efeito,azarao,nao_se_aplica
Gerber2020a-E06,alvo_efeito,azarao,nao_se_aplica
Gerber2020a-E07,alvo_efeito,azarao,nao_se_aplica
Gerber2020a-E08,alvo_efeito,azarao,nao_se_aplica
Gerber2020a-E09,alvo_efeito,azarao,nao_se_aplica
Gerber2020a-E10,alvo_efeito,azarao,nao_se_aplica
Gerber2020a-E11,alvo_efeito,azarao,nao_se_aplica
Gerber2020a-E12,alvo_efeito,azarao,nao_se_aplica
Gerber2020a-E13,alvo_efeito,azarao,nao_se_aplica
Gerber2020a-E14,alvo_efeito,azarao,nao_se_aplica
Gerber2020a-E15,alvo_efeito,azarao,nao_se_aplica
Gerber2020a-E16,alvo_efeito,azarao,nao_se_aplica
Gerber2020a-E17,alvo_efeito,azarao,nao_se_aplica
Gerber2020a-E18,alvo_efeito,azarao,nao_se_aplica
Gerber2020a-E19,alvo_efeito,azarao,nao_se_aplica
Gerber2020a-E20,alvo_efeito,azarao,nao_se_aplica
Gerber2020a-E21,alvo_efeito,azarao,nao_se_aplica
Gerber2020a-E22,alvo_efeito,azarao,nao_se_aplica
Gerber2020a-E23,alvo_efeito,azarao,nao_se_aplica
Gerber2020a-E24,alvo_efeito,azarao,nao_se_aplica
Gerber2020a-E25,alvo_efeito,azarao,nao_se_aplica
Gerber2020a-E26,alvo_efeito,azarao,nao_se_aplica
Gerber2020a-E27,alvo_efeito,azarao,nao_se_aplica
Gerber2020a-E28,alvo_efeito,azarao,nao_se_aplica
Gerber2020a-E29,alvo_efeito,azarao,nao_se_aplica
Gerber2020a-E30,alvo_efeito,azarao,nao_se_aplica
Gerber2020a-E31,alvo_efeito,azarao,nao_se_aplica
Gerber2020a-E32,alvo_efeito,azarao,nao_se_aplica
Gerber2020a-E33,alvo_efeito,azarao,nao_se_aplica
Kaplan2019a-E01,desenho,"RCT (experimento em survey com 4 braços de prognóstico; medida antes-depois intra-sujeito, sem braço sem prognóstico)","antes-depois intrassujeito (nao randomizado quanto ao contraste; survey com prognóstico, sem braço sem prognóstico)"
Klor2017a-E06,alvo_efeito,lider,nao_se_aplica
Klor2017a-E06,desenho,RCT (experimento de laboratório; comparação intraindividual antes/depois da revelação da distribuição),"antes-depois intrassujeito (nao randomizado quanto ao contraste; experimento de laboratório, revelação da distribuição)"
Klor2017a-E07,alvo_efeito,lider,nao_se_aplica
Klor2017a-E08,alvo_efeito,lider,nao_se_aplica
Klor2017a-E09,alvo_efeito,lider,nao_se_aplica
Meffert2012a-E01,direcao_desejada,aumentar,reduzir
Meffert2012a-E02,direcao_desejada,aumentar,reduzir
Meffert2012a-E03,direcao_desejada,aumentar,reduzir
Meffert2012a-E04,direcao_desejada,aumentar,reduzir
Morton2015a-E01,alvo_efeito,lider,nao_se_aplica
Morton2015a-E02,alvo_efeito,lider,nao_se_aplica
Morton2015a-E03,alvo_efeito,lider,nao_se_aplica
Morton2015a-E04,alvo_efeito,lider,nao_se_aplica
Morton2015a-E05,alvo_efeito,lider,nao_se_aplica
Morton2015a-E06,alvo_efeito,lider,nao_se_aplica
Morton2015a-E07,alvo_efeito,lider,nao_se_aplica
Morton2015a-E08,alvo_efeito,lider,nao_se_aplica
Morton2015a-E09,alvo_efeito,lider,nao_se_aplica
Morton2015a-E10,alvo_efeito,lider,nao_se_aplica
Morton2015a-E11,alvo_efeito,lider,nao_se_aplica
Morton2015a-E12,alvo_efeito,lider,nao_se_aplica
Morton2015a-E13,alvo_efeito,lider,nao_se_aplica
Morton2015a-E14,alvo_efeito,lider,nao_se_aplica
Morton2015a-E15,alvo_efeito,lider,nao_se_aplica
Morton2015a-E16,alvo_efeito,lider,nao_se_aplica
Morton2015a-E17,alvo_efeito,lider,nao_se_aplica
Morton2015a-E18,alvo_efeito,lider,nao_se_aplica
Morton2015a-E19,alvo_efeito,lider,nao_se_aplica
Morton2015a-E20,alvo_efeito,lider,nao_se_aplica
Morton2015a-E21,alvo_efeito,lider,nao_se_aplica
Morton2015a-E22,alvo_efeito,lider,nao_se_aplica
Morton2015a-E23,alvo_efeito,lider,nao_se_aplica
Morton2015a-E24,alvo_efeito,lider,nao_se_aplica
Morton2015a-E25,alvo_efeito,lider,nao_se_aplica
Morton2015a-E26,alvo_efeito,lider,nao_se_aplica
Morton2015a-E27,alvo_efeito,lider,nao_se_aplica
Morton2015a-E28,alvo_efeito,lider,nao_se_aplica
Morton2015a-E29,alvo_efeito,lider,nao_se_aplica
Morton2015a-E30,alvo_efeito,lider,nao_se_aplica
Morton2015a-E31,alvo_efeito,lider,nao_se_aplica
Morton2015a-E32,alvo_efeito,lider,nao_se_aplica
Morton2015a-E33,alvo_efeito,lider,nao_se_aplica
Morton2015a-E34,alvo_efeito,lider,nao_se_aplica
Morton2015a-E35,alvo_efeito,lider,nao_se_aplica
Morton2015a-E36,alvo_efeito,lider,nao_se_aplica
Morton2015a-E37,alvo_efeito,lider,nao_se_aplica
Morton2015a-E38,alvo_efeito,lider,nao_se_aplica
Morton2015a-E39,alvo_efeito,lider,nao_se_aplica
Morton2015a-E40,alvo_efeito,lider,nao_se_aplica
Timotei2013a-E01,cluster/icc,/,20/0.05
Witsman2016a-E05,direcao_desejada,aumentar,reduzir
Morton2015a-E01,ano_eleicao_pre2010,nao,sim
Morton2015a-E02,ano_eleicao_pre2010,nao,sim
Morton2015a-E03,ano_eleicao_pre2010,nao,sim
Morton2015a-E04,ano_eleicao_pre2010,nao,sim
Morton2015a-E05,ano_eleicao_pre2010,nao,sim
Morton2015a-E06,ano_eleicao_pre2010,nao,sim
Morton2015a-E07,ano_eleicao_pre2010,nao,sim
Morton2015a-E08,ano_eleicao_pre2010,nao,sim
Morton2015a-E09,ano_eleicao_pre2010,nao,sim
Morton2015a-E10,ano_eleicao_pre2010,nao,sim
Morton2015a-E11,ano_eleicao_pre2010,nao,sim
Morton2015a-E12,ano_eleicao_pre2010,nao,sim
Morton2015a-E13,ano_eleicao_pre2010,nao,sim
Morton2015a-E14,ano_eleicao_pre2010,nao,sim
Morton2015a-E15,ano_eleicao_pre2010,nao,sim
Morton2015a-E16,ano_eleicao_pre2010,nao,sim
Morton2015a-E17,ano_eleicao_pre2010,nao,sim
Morton2015a-E18,ano_eleicao_pre2010,nao,sim
Morton2015a-E19,ano_eleicao_pre2010,nao,sim
Morton2015a-E20,ano_eleicao_pre2010,nao,sim
Morton2015a-E21,ano_eleicao_pre2010,nao,sim
Morton2015a-E22,ano_eleicao_pre2010,nao,sim
Morton2015a-E23,ano_eleicao_pre2010,nao,sim
Morton2015a-E24,ano_eleicao_pre2010,nao,sim
Morton2015a-E25,ano_eleicao_pre2010,nao,sim
Morton2015a-E26,ano_eleicao_pre2010,nao,sim
Morton2015a-E27,ano_eleicao_pre2010,nao,sim
Morton2015a-E28,ano_eleicao_pre2010,nao,sim
Morton2015a-E29,ano_eleicao_pre2010,nao,sim
Morton2015a-E30,ano_eleicao_pre2010,nao,sim
Morton2015a-E31,ano_eleicao_pre2010,nao,sim
Morton2015a-E32,ano_eleicao_pre2010,nao,sim
Morton2015a-E33,ano_eleicao_pre2010,nao,sim
Morton2015a-E34,ano_eleicao_pre2010,nao,sim
Morton2015a-E35,ano_eleicao_pre2010,nao,sim
Morton2015a-E36,ano_eleicao_pre2010,nao,sim
Morton2015a-E37,ano_eleicao_pre2010,nao,sim
Morton2015a-E38,ano_eleicao_pre2010,nao,sim
Morton2015a-E39,ano_eleicao_pre2010,nao,sim
Morton2015a-E40,ano_eleicao_pre2010,nao,sim
Morton2015a-E41,ano_eleicao_pre2010,nao,sim
Morton2015a-E42,ano_eleicao_pre2010,nao,sim
Chatterjee2019a-E01,ano_eleicao_pre2010,nao,sim
Chatterjee2019a-E02,ano_eleicao_pre2010,nao,sim
Chatterjee2019a-E03,ano_eleicao_pre2010,nao,sim
Chatterjee2019a-E04,ano_eleicao_pre2010,nao,sim
Chatterjee2019a-E05,ano_eleicao_pre2010,nao,sim
Chatterjee2019a-E06,ano_eleicao_pre2010,nao,sim
Chatterjee2019a-E07,ano_eleicao_pre2010,nao,sim
Chatterjee2019a-E08,ano_eleicao_pre2010,nao,sim
Chatterjee2019a-E09,ano_eleicao_pre2010,nao,sim
Chatterjee2019a-E10,ano_eleicao_pre2010,nao,sim
Chatterjee2019a-E11,ano_eleicao_pre2010,nao,sim
Chatterjee2019a-E12,ano_eleicao_pre2010,nao,sim
Chatterjee2019a-E13,ano_eleicao_pre2010,nao,sim
Chatterjee2019a-E14,ano_eleicao_pre2010,nao,sim
Chatterjee2019a-E15,ano_eleicao_pre2010,nao,sim
Chatterjee2019a-E16,ano_eleicao_pre2010,nao,sim
