id_efeito,chave,campo,gravidade,problema
,ES3796,modelo_principal,aviso,2 modelos principais para apoio_ao_lider (9 efeitos): aplique a regra do protocolo ou use CHE/RVE
,ES2149,modelo_principal,aviso,3 modelos principais para apoio_ao_lider (12 efeitos): aplique a regra do protocolo ou use CHE/RVE
,ES4448,modelo_principal,aviso,2 modelos principais para apoio_ao_lider (4 efeitos): aplique a regra do protocolo ou use CHE/RVE
,ES1803,modelo_principal,aviso,2 modelos principais para apoio_ao_lider (8 efeitos): aplique a regra do protocolo ou use CHE/RVE
,ES2328,modelo_principal,aviso,3 modelos principais para apoio_ao_lider (9 efeitos): aplique a regra do protocolo ou use CHE/RVE
,ES3658,modelo_principal,aviso,2 modelos principais para apoio_ao_lider (13 efeitos): aplique a regra do protocolo ou use CHE/RVE
,ES1587,modelo_principal,aviso,2 modelos principais para mobilizacao (33 efeitos): aplique a regra do protocolo ou use CHE/RVE
,ES1589,modelo_principal,aviso,2 modelos principais para mobilizacao (4 efeitos): aplique a regra do protocolo ou use CHE/RVE
,ES1621,modelo_principal,aviso,2 modelos principais para apoio_ao_lider (5 efeitos): aplique a regra do protocolo ou use CHE/RVE
,ES3527,modelo_principal,aviso,0 modelos principais para apoio_ao_lider (4 efeitos): aplique a regra do protocolo ou use CHE/RVE
,ES3994,modelo_principal,aviso,2 modelos principais para apoio_ao_lider (2 efeitos): aplique a regra do protocolo ou use CHE/RVE
,ES1544,modelo_principal,aviso,2 modelos principais para apoio_ao_lider (2 efeitos): aplique a regra do protocolo ou use CHE/RVE
,ES4203,modelo_principal,aviso,0 modelos principais para apoio_ao_lider (2 efeitos): aplique a regra do protocolo ou use CHE/RVE
,ES3978,modelo_principal,aviso,0 modelos principais para mobilizacao (7 efeitos): aplique a regra do protocolo ou use CHE/RVE
