id_estudo,id_rs_principal,chave,pdf_path,offset_pagina,outros_relatos
ES1522,RS1522,Morton2015a,/Users/felipelmc/revisoes/pesquisas-eleitorais/03-textos/pdfs/Morton2015a.pdf,2,Morton2013a
ES1523,RS1523,Westwood2020a,/Users/felipelmc/revisoes/pesquisas-eleitorais/03-textos/pdfs/Westwood2020a.pdf,0,
ES1524,RS1528,Dahlgaard2016a,/Users/felipelmc/revisoes/pesquisas-eleitorais/03-textos/pdfs/Dahlgaard2016a.pdf,-282,Dahlgaard2017a|Dahlgaard2015a|Dahlgaard2015b
ES1527,RS1527,Meffert2011,/Users/felipelmc/revisoes/pesquisas-eleitorais/03-textos/pdfs/Meffert2011.pdf,1,
ES1529,RS1529,Agranov2017a,/Users/felipelmc/revisoes/pesquisas-eleitorais/03-textos/pdfs/Agranov2017a.pdf,3,
ES1534,RS1534,Gasperoni2015a,/Users/felipelmc/revisoes/pesquisas-eleitorais/03-textos/pdfs/Gasperoni2015a.pdf,0,
ES1536,RS1536,Meer2015a,/Users/felipelmc/revisoes/pesquisas-eleitorais/03-textos/pdfs/Meer2015a.pdf,0,
ES1538,RS1546,Chatterjee2019a,/Users/felipelmc/revisoes/pesquisas-eleitorais/03-textos/pdfs/Chatterjee2019a.pdf,1,
ES1544,RS2496,Tal2015a,/Users/felipelmc/revisoes/pesquisas-eleitorais/03-textos/pdfs/Tal2015a.pdf,-664,Fairstein2019a|Fairstein2018a
ES1548,RS1548,Stolwijk2016a,/Users/felipelmc/revisoes/pesquisas-eleitorais/03-textos/pdfs/Stolwijk2016a.pdf,-553,Stolwijk2017a
ES1556,RS1556,Farjam2020a,/Users/felipelmc/revisoes/pesquisas-eleitorais/03-textos/pdfs/Farjam2020a.pdf,-411,
ES1563,RS1563,Klor2017a,/Users/felipelmc/revisoes/pesquisas-eleitorais/03-textos/pdfs/Klor2017a.pdf,0,
ES1577,RS1577,Geers2018,/Users/felipelmc/revisoes/pesquisas-eleitorais/03-textos/pdfs/Geers2018.pdf,-520,
ES1587,RS1587,Gerber2020a,/Users/felipelmc/revisoes/pesquisas-eleitorais/03-textos/pdfs/Gerber2020a.pdf,3,Gerber2017b|Gerber2017c
ES1589,RS1589,Groer2010a,/Users/felipelmc/revisoes/pesquisas-eleitorais/03-textos/pdfs/Groer2010a.pdf,2,
ES1596,RS1596,Grillo2024c,/Users/felipelmc/revisoes/pesquisas-eleitorais/03-textos/pdfs/Grillo2024c.pdf,2,
ES1601,RS1601,Bursztyn2023a,/Users/felipelmc/revisoes/pesquisas-eleitorais/03-textos/pdfs/Bursztyn2023a.pdf,2,Bursztyn2017b|Bursztyn2017c
ES1611,RS1611,Stolwijk2019b,/Users/felipelmc/revisoes/pesquisas-eleitorais/03-textos/pdfs/Stolwijk2019b.pdf,-339,
ES1621,RS1621,Lammers2022a,/Users/felipelmc/revisoes/pesquisas-eleitorais/03-textos/pdfs/Lammers2022a.pdf,-675,
ES1622,RS1622,Kaplan2019a,/Users/felipelmc/revisoes/pesquisas-eleitorais/03-textos/pdfs/Kaplan2019a.pdf,1,
ES1625,RS1625,Cornejo2023a,/Users/felipelmc/revisoes/pesquisas-eleitorais/03-textos/pdfs/Cornejo2023a.pdf,-72,
ES1652,RS1652,Unkelbach2022a,/Users/felipelmc/revisoes/pesquisas-eleitorais/03-textos/pdfs/Unkelbach2022a.pdf,-50,
ES1689,RS1689,Freden2016b,/Users/felipelmc/revisoes/pesquisas-eleitorais/03-textos/pdfs/Freden2016b.pdf,3,
ES1705,RS1705,Brugarolas2021,/Users/felipelmc/revisoes/pesquisas-eleitorais/03-textos/pdfs/Brugarolas2021.pdf,-553,
ES1799,RS1799,Agranov2012a,/Users/felipelmc/revisoes/pesquisas-eleitorais/03-textos/pdfs/Agranov2012a.pdf,0,
ES1803,RS1803,Fichnova2015a,/Users/felipelmc/revisoes/pesquisas-eleitorais/03-textos/pdfs/Fichnova2015a.pdf,-260,
ES1876,RS1876,Timotei2013a,/Users/felipelmc/revisoes/pesquisas-eleitorais/03-textos/pdfs/Timotei2013a.pdf,-1834,
ES1893,RS1893,Alabrese2024a,/Users/felipelmc/revisoes/pesquisas-eleitorais/03-textos/pdfs/Alabrese2024a.pdf,1,Alabrese2022a
ES1901,RS1901,Witsman2016a,/Users/felipelmc/revisoes/pesquisas-eleitorais/03-textos/pdfs/Witsman2016a.pdf,6,
ES2149,RS2247,Boukouras2020a,/Users/felipelmc/revisoes/pesquisas-eleitorais/03-textos/pdfs/Boukouras2020a.pdf,1,
ES2996,RS2996,Tyszler2015,/Users/felipelmc/revisoes/pesquisas-eleitorais/03-textos/pdfs/Tyszler2015.pdf,1,
ES3527,RS3527,Meffert2012a,/Users/felipelmc/revisoes/pesquisas-eleitorais/03-textos/pdfs/Meffert2012a.pdf,1,
ES3658,RS3658,Gandhi2019,/Users/felipelmc/revisoes/pesquisas-eleitorais/03-textos/pdfs/Gandhi2019.pdf,-947,
ES3796,RS3832,Araujo2021a,/Users/felipelmc/revisoes/pesquisas-eleitorais/03-textos/pdfs/Araujo2021a.pdf,1,Araujo2021
ES3802,RS3802,Urminsky2019,/Users/felipelmc/revisoes/pesquisas-eleitorais/03-textos/pdfs/Urminsky2019.pdf,0,
ES3978,RS3978,Yang2023d,/Users/felipelmc/revisoes/pesquisas-eleitorais/03-textos/pdfs/Yang2023d.pdf,0,
ES3980,RS3980,Erlich2023,/Users/felipelmc/revisoes/pesquisas-eleitorais/03-textos/pdfs/Erlich2023.pdf,0,
ES3994,RS3994,Schlegel2023,/Users/felipelmc/revisoes/pesquisas-eleitorais/03-textos/pdfs/Schlegel2023.pdf,1,
ES4157,RS4157,Lago2015,/Users/felipelmc/revisoes/pesquisas-eleitorais/03-textos/pdfs/Lago2015.pdf,0,
ES4203,RS4203,Tyszler2013,/Users/felipelmc/revisoes/pesquisas-eleitorais/03-textos/pdfs/Tyszler2013.pdf,-623,
ES4448,RS4448,Feltovich2022,/Users/felipelmc/revisoes/pesquisas-eleitorais/03-textos/pdfs/Feltovich2022.pdf,-407,
