"grupo","id_estudo","chave","direcao","regra","n_efeitos","n_beneficos","n_danosos","n_amostra","rob_geral","excluido_rob_critico"
"apoio_ao_lider | momentum | randomizado","ES1524","Dahlgaard2016a","benefico","modelo_principal",1,1,0,1700,"algumas_preocupacoes",FALSE
"apoio_ao_lider | principal | nao_randomizado","ES1548","Stolwijk2016a","benefico","modelo_principal",1,1,0,6384,"grave",FALSE
"apoio_ao_lider | principal | nao_randomizado","ES1652","Unkelbach2022a","benefico","modelo_principal",1,1,0,5291,"critico",TRUE
"apoio_ao_lider | principal | nao_randomizado","ES3796","Araujo2021a","benefico","consistencia>=70%",2,2,0,453016,"grave",FALSE
"apoio_ao_lider | principal | nao_randomizado","ES4448","Feltovich2022","benefico","consistencia>=70%",2,2,0,,"grave",FALSE
"apoio_ao_lider | principal | randomizado","ES1529","Agranov2017a","benefico","modelo_principal",1,1,0,300,"algumas_preocupacoes",FALSE
"apoio_ao_lider | principal | randomizado","ES1544","Tal2015a","benefico","consistencia>=70%",2,2,0,,"alto",FALSE
"apoio_ao_lider | principal | randomizado","ES1556","Farjam2020a","benefico","modelo_principal",1,1,0,1113,"algumas_preocupacoes",FALSE
"apoio_ao_lider | principal | randomizado","ES1876","Timotei2013a","benefico","modelo_principal",1,1,0,80,"algumas_preocupacoes",FALSE
"apoio_ao_lider | principal | randomizado","ES1901","Witsman2016a","benefico","modelo_principal",1,1,0,142,"alto",FALSE
"apoio_ao_lider | principal | randomizado","ES2149","Boukouras2020a","benefico","consistencia>=70%",3,3,0,135,"algumas_preocupacoes",FALSE
"apoio_ao_lider | principal | randomizado","ES3994","Schlegel2023","benefico","consistencia>=70%",2,2,0,,"algumas_preocupacoes",FALSE
"apoio_ao_lider | viabilidade | nao_randomizado","ES4157","Lago2015","benefico","modelo_principal",1,1,0,46,"grave",FALSE
"apoio_ao_lider | viabilidade | nao_randomizado","ES1534","Gasperoni2015a","sem_direcao","modelo_principal",1,0,0,188,"critico",TRUE
"apoio_ao_lider | viabilidade | randomizado","ES1536","Meer2015a","benefico","modelo_principal",1,1,0,10643,"algumas_preocupacoes",FALSE
"apoio_ao_lider | viabilidade | randomizado","ES1625","Cornejo2023a","benefico","modelo_principal",1,1,0,545,"algumas_preocupacoes",FALSE
"apoio_ao_lider | viabilidade | randomizado","ES2328","Freden2024a","misto","consistencia<70%",3,2,1,744,"algumas_preocupacoes",FALSE
"mobilizacao | mobilizacao | nao_randomizado","ES1611","Stolwijk2019b","benefico","modelo_principal",1,1,0,747,"grave",FALSE
"mobilizacao | mobilizacao | nao_randomizado","ES1705","Brugarolas2021","benefico","modelo_principal",1,1,0,,"moderado",FALSE
"mobilizacao | mobilizacao | nao_randomizado","ES1596","Grillo2024c","danoso","modelo_principal",1,0,1,576,"alto",FALSE
"mobilizacao | mobilizacao | nao_randomizado","ES1622","Kaplan2019a","sem_direcao","modelo_principal",1,0,0,186,"critico",TRUE
"mobilizacao | mobilizacao | randomizado","ES1529","Agranov2017a","benefico","modelo_principal",1,1,0,135,"algumas_preocupacoes",FALSE
"mobilizacao | mobilizacao | randomizado","ES1589","Groer2010a","benefico","consistencia>=70%",2,2,0,12,"algumas_preocupacoes",FALSE
"mobilizacao | mobilizacao | randomizado","ES1523","Westwood2020a","danoso","modelo_principal",1,0,1,5845,"algumas_preocupacoes",FALSE
"mobilizacao | mobilizacao | randomizado","ES3980","Erlich2023","danoso","modelo_principal",1,0,1,181,"alto",FALSE
"mobilizacao | mobilizacao | randomizado","ES1587","Gerber2020a","nulo","todos_nulos",2,0,0,126126,"algumas_preocupacoes",FALSE
