id_rs,chave,decisao,criterio_falhou,evidencia,pagina
RS0388,Rodriguez2020,excluir,c2_intervencao_estudada,"[decisão humana: revisor_humano_1] confirma a proposta em vigor (declaração do autor, 08-revisao-humana/declaracao_autor_2026-09-30.md) | proposta confirmada: ""La variable utilizada como dependiente es la exposición a sondeos electorales"" (p. 77)",77
RS0845,Belo2013,excluir,c4_desenho_elegivel,"[decisão humana: revisor_humano_1] confirma a proposta em vigor (declaração do autor, 08-revisao-humana/declaracao_autor_2026-09-30.md) | proposta confirmada: ""assume um carácter documental, não envolvendo componentes de experimentação"" (p. 301); ""O estudo é efetuado de forma indireta"" (p. 505)",301
RS1222,Moura2010,excluir,c2_intervencao_estudada,"[decisão humana: revisor_humano_1] confirma a proposta em vigor (declaração do autor, 08-revisao-humana/declaracao_autor_2026-09-30.md) | proposta confirmada: ""Este é o tigre que pretendemos analisar: a divulgação das pesquisas"" (p. 76)",76
RS1254,Menezes2014,excluir,c4_desenho_elegivel,"[decisão humana: revisor_humano_1] confirma a proposta em vigor (declaração do autor, 08-revisao-humana/declaracao_autor_2026-09-30.md) | proposta confirmada: ""Foi adotada uma amostra probabilística por conglomerados em dois estágios"" (p. 17); ""foi aplicada uma pesquisa há duas semanas das eleições do primeiro turno"" (p. 69)",17
RS1335,Benavente2013,excluir,c2_intervencao_estudada,"[decisão humana: revisor_humano_1] confirma a proposta em vigor (declaração do autor, 08-revisao-humana/declaracao_autor_2026-09-30.md) | proposta confirmada: ""la publicación de encuestas preelectorales influye en la decisión de voto"" (p. 173)",173
RS1336,Duenas2020,excluir,c4_desenho_elegivel,"[decisão humana: revisor_humano_1] confirma a proposta em vigor (declaração do autor, 08-revisao-humana/declaracao_autor_2026-09-30.md) | proposta confirmada: ""basado en la muestra de la encuesta poselectoral"" (p. 176); ""no realizó encuesta panel"" (p. 180); ""la ausencia de un sistema panel"" (p. 186)",176
RS1340,Valdez2013,excluir,c2_intervencao_estudada,"[decisão humana: revisor_humano_1] confirma a proposta em vigor (declaração do autor, 08-revisao-humana/declaracao_autor_2026-09-30.md) | proposta confirmada: ""la primera parte del artículo cuestiona si las encuestas en verdad"" (p. 3); ""Los insumos para contestar esta pregunta provienen, en su mayor parte"" (p. 4)",3
RS1346,Duenas2025,excluir,c4_desenho_elegivel,"[decisão humana: revisor_humano_1] confirma a proposta em vigor (declaração do autor, 08-revisao-humana/declaracao_autor_2026-09-30.md) | proposta confirmada: ""ha sido de carácter cuantitativo, basada en los datos obtenidos"" (p. 5); ""derivada de los coeficientes de la regresión logística"" (p. 7)",5
RS1381,BejarAlgazi2022,excluir,c1_populacao_contexto,"[decisão humana: revisor_humano_1] confirma a proposta em vigor (declaração do autor, 08-revisao-humana/declaracao_autor_2026-09-30.md) | proposta confirmada: ""qué efectos puede observar el proceso legislativo a partir del cambio"" (p. 176)",176
RS1384,Anon2022b,excluir,c2_intervencao_estudada,"[decisão humana: revisor_humano_1] confirma a proposta em vigor (declaração do autor, 08-revisao-humana/declaracao_autor_2026-09-30.md) | proposta confirmada: ""las encuestas de intención de voto daban una clara preferencia"" (p. 263); ""ante las encuestas nacionales que le daban la preferencia a Peña Nieto"" (p. 322)",263
RS1406,CazarinMartinez2022,excluir,c2_intervencao_estudada,"[decisão humana: revisor_humano_1] confirma a proposta em vigor (declaração do autor, 08-revisao-humana/declaracao_autor_2026-09-30.md) | proposta confirmada: ""encuestas nacionales que le daban la preferencia a Peña Nieto"" (p. 322); ""se detectó una encuesta en un medio digital"" (p. 327)",322
RS1410,HuescaRodriguez2022,excluir,c2_intervencao_estudada,"[decisão humana: revisor_humano_1] confirma a proposta em vigor (declaração do autor, 08-revisao-humana/declaracao_autor_2026-09-30.md) | proposta confirmada: ""tiene como objetivo explicar la evolución que ha tenido la participación ciudadana"" (p. 211)",211
RS1415,RamirezGonzalez2022,excluir,c2_intervencao_estudada,"[decisão humana: revisor_humano_1] confirma a proposta em vigor (declaração do autor, 08-revisao-humana/declaracao_autor_2026-09-30.md) | proposta confirmada: ""el factor más determinante para las elecciones en Sonora en 2018"" (p. 285)",285
RS1416,ManuelReynoso2022,excluir,c2_intervencao_estudada,"[decisão humana: revisor_humano_1] confirma a proposta em vigor (declaração do autor, 08-revisao-humana/declaracao_autor_2026-09-30.md) | proposta confirmada: ""Tres encuestas de salida le dieron el triunfo al candidato de"" (p. 360)",360
RS1420,HernandezNorzagaray2022,excluir,c2_intervencao_estudada,"[decisão humana: revisor_humano_1] confirma a proposta em vigor (declaração do autor, 08-revisao-humana/declaracao_autor_2026-09-30.md) | proposta confirmada: ""las encuestas de intención de voto daban una clara preferencia"" (p. 263)",263
RS1421,CarreraBarroso2022,excluir,c2_intervencao_estudada,"[decisão humana: revisor_humano_1] confirma a proposta em vigor (declaração do autor, 08-revisao-humana/declaracao_autor_2026-09-30.md) | proposta confirmada: ""el objetivo cardinal del presente documento"" (p. 116); ""explicar lo ocurrido en los diferentes momentos del proceso electoral"" (p. 116)",116
RS1428,PootCapetillo2022,excluir,c2_intervencao_estudada,"[decisão humana: revisor_humano_1] confirma a proposta em vigor (declaração do autor, 08-revisao-humana/declaracao_autor_2026-09-30.md) | proposta confirmada: ""se dio en un contexto de alta competencia electoral"" (p. 391)",391
RS1429,CarreraBarroso2022a,excluir,c2_intervencao_estudada,"[decisão humana: revisor_humano_1] confirma a proposta em vigor (declaração do autor, 08-revisao-humana/declaracao_autor_2026-09-30.md) | proposta confirmada: ""modelo de comunicación política, la construcción política"" (p. 157)",157
RS1431,Pena2022,excluir,c2_intervencao_estudada,"[decisão humana: revisor_humano_1] confirma a proposta em vigor (declaração do autor, 08-revisao-humana/declaracao_autor_2026-09-30.md) | proposta confirmada: ""para cotejar las estimaciones por encuesta contra los resultados"" (p. 195)",195
RS1438,RangelJuarez2022,excluir,c2_intervencao_estudada,"[decisão humana: revisor_humano_1] confirma a proposta em vigor (declaração do autor, 08-revisao-humana/declaracao_autor_2026-09-30.md) | proposta confirmada: ""desde la primera encuesta realizada en noviembre de 2017"" (p. 322)",322
RS1442,AlvarezGomez2022,excluir,c2_intervencao_estudada,"[decisão humana: revisor_humano_1] confirma a proposta em vigor (declaração do autor, 08-revisao-humana/declaracao_autor_2026-09-30.md) | proposta confirmada: ""trabajo es describir el proceso de cambio ocurrido en las elecciones"" (p. 61)",61
RS1443,CaballeroAlvarez2022,excluir,c2_intervencao_estudada,"[decisão humana: revisor_humano_1] confirma a proposta em vigor (declaração do autor, 08-revisao-humana/declaracao_autor_2026-09-30.md) | proposta confirmada: ""en este ensayo se abordará la experiencia electoral de Tamaulipas en 2018"" (p. 291)",291
RS1467,Black2012,excluir,c2_intervencao_estudada,"[decisão humana: revisor_humano_1] confirma a proposta em vigor (declaração do autor, 08-revisao-humana/declaracao_autor_2026-09-30.md) | proposta confirmada: ""o poder preditivo dos Valores Políticos sobre a intenção e o voto"" (p. 70)",70
RS1469,Duailibe2023,excluir,c1_populacao_contexto,"[decisão humana: revisor_humano_1] confirma a proposta em vigor (declaração do autor, 08-revisao-humana/declaracao_autor_2026-09-30.md) | proposta confirmada: ""O objeto de reflexão aqui se limita a focar na indagação"" (p. 126)",126
RS1471,Molina2020,excluir,c2_intervencao_estudada,"[decisão humana: revisor_humano_1] confirma a proposta em vigor (declaração do autor, 08-revisao-humana/declaracao_autor_2026-09-30.md) | proposta confirmada: ""iremos comparar as pesquisas estatísticas e o resultado das eleições de 2018"" (p. 11)",11
RS1473,Duailibe2012,excluir,c1_populacao_contexto,"[decisão humana: revisor_humano_1] confirma a proposta em vigor (declaração do autor, 08-revisao-humana/declaracao_autor_2026-09-30.md) | proposta confirmada: ""a partir do levantamento de todos os conteúdos"" (p. 29)",29
RS1508,Mantovani2014,excluir,c1_populacao_contexto,"[decisão humana: revisor_humano_1] confirma a proposta em vigor (declaração do autor, 08-revisao-humana/declaracao_autor_2026-09-30.md) | proposta confirmada: ""O escopo da pesquisa reúne 504 textos noticiosos ou de opinião"" (p. 16)",16
RS1522,Morton2015a,incluir,,"[decisão humana: revisor_humano_1] confirma a proposta em vigor (declaração do autor, 08-revisao-humana/declaracao_autor_2026-09-30.md)",
RS1523,Westwood2020a,incluir,,"[decisão humana: revisor_humano_1] confirma a proposta em vigor (declaração do autor, 08-revisao-humana/declaracao_autor_2026-09-30.md)",
RS1524,Dahlgaard2017a,incluir,,"[decisão humana: revisor_humano_1] confirma a proposta em vigor (declaração do autor, 08-revisao-humana/declaracao_autor_2026-09-30.md)",
RS1527,Meffert2011,incluir,,"[decisão humana: revisor_humano_1] confirma a proposta em vigor (declaração do autor, 08-revisao-humana/declaracao_autor_2026-09-30.md)",
RS1528,Dahlgaard2016a,incluir,,"[decisão humana: revisor_humano_1] confirma a proposta em vigor (declaração do autor, 08-revisao-humana/declaracao_autor_2026-09-30.md)",
RS1529,Agranov2017a,incluir,,"[decisão humana: revisor_humano_1] confirma a proposta em vigor (declaração do autor, 08-revisao-humana/declaracao_autor_2026-09-30.md)",
RS1532,Herrmann2013,excluir,c4_desenho_elegivel,"[decisão humana: revisor_humano_1] confirma a proposta em vigor (declaração do autor, 08-revisao-humana/declaracao_autor_2026-09-30.md) | proposta confirmada: ""Ideally, one would test these predictions in a controlled experiment"" (p. 455); ""I shall exploit cross-sectional variation"" (p. 455)",455
RS1534,Gasperoni2015a,incluir,,"[decisão humana: revisor_humano_1] confirma a proposta em vigor (declaração do autor, 08-revisao-humana/declaracao_autor_2026-09-30.md)",
RS1536,Meer2015a,incluir,,"[decisão humana: revisor_humano_1] confirma a proposta em vigor (declaração do autor, 08-revisao-humana/declaracao_autor_2026-09-30.md)",
RS1541,Araujo2010,excluir,c2_intervencao_estudada,"[decisão humana: revisor_humano_1] confirma a proposta em vigor (declaração do autor, 08-revisao-humana/declaracao_autor_2026-09-30.md) | proposta confirmada: ""the relative strength of the feedback from polls"" (p. 1)",1
RS1544,Fairstein2019a,incluir,,[decisão humana: revisor_humano_1] decisão do revisor humano em 19/09/2026 sobre caso limítrofe apontado pela ficha de elegibilidade (03-textos/fila_humana_tc_resumo.md),
RS1546,Chatterjee2019a,incluir,,"[decisão humana: revisor_humano_1] confirma a proposta em vigor (declaração do autor, 08-revisao-humana/declaracao_autor_2026-09-30.md)",
RS1547,Fairstein2018a,incluir,,[decisão humana: revisor_humano_1] decisão do revisor humano em 19/09/2026 sobre caso limítrofe apontado pela ficha de elegibilidade (03-textos/fila_humana_tc_resumo.md),
RS1548,Stolwijk2016a,incluir,,"[decisão humana: revisor_humano_1] confirma a proposta em vigor (declaração do autor, 08-revisao-humana/declaracao_autor_2026-09-30.md)",
RS1556,Farjam2020a,incluir,,"[decisão humana: revisor_humano_1] confirma a proposta em vigor (declaração do autor, 08-revisao-humana/declaracao_autor_2026-09-30.md)",
RS1563,Klor2017a,incluir,,"[decisão humana: revisor_humano_1] confirma a proposta em vigor (declaração do autor, 08-revisao-humana/declaracao_autor_2026-09-30.md)",
RS1565,Prosser2015a,excluir,c2_intervencao_estudada,"[decisão humana: revisor_humano_1] confirma a proposta em vigor (declaração do autor, 08-revisao-humana/declaracao_autor_2026-09-30.md) | proposta confirmada: ""uses NEV and PNS national vote shares as if they were large scale opinion polls"" (p. 3)",3
RS1573,Holmes2016a,excluir,c2_intervencao_estudada,"[decisão humana: revisor_humano_1] confirma a proposta em vigor (declaração do autor, 08-revisao-humana/declaracao_autor_2026-09-30.md) | proposta confirmada: ""Reviewing survey data, the dynamics of the campaign"" (p. 17); ""Figure 1 shows the pre-election preferences of the eventual five"" (p. 20)",17
RS1575,Morton2013a,incluir,,"[decisão humana: revisor_humano_1] confirma a proposta em vigor (declaração do autor, 08-revisao-humana/declaracao_autor_2026-09-30.md)",
RS1577,Geers2018,incluir,,"[decisão humana: revisor_humano_1] confirma a proposta em vigor (declaração do autor, 08-revisao-humana/declaracao_autor_2026-09-30.md)",
RS1587,Gerber2020a,incluir,,"[decisão humana: revisor_humano_1] confirma a proposta em vigor (declaração do autor, 08-revisao-humana/declaracao_autor_2026-09-30.md)",
RS1589,Groer2010a,incluir,,"[decisão humana: revisor_humano_1] confirma a proposta em vigor (declaração do autor, 08-revisao-humana/declaracao_autor_2026-09-30.md)",
RS1591,Dahlgaard2015a,incluir,,"[decisão humana: revisor_humano_1] confirma a proposta em vigor (declaração do autor, 08-revisao-humana/declaracao_autor_2026-09-30.md)",
RS1596,Grillo2024c,incluir,,"[decisão humana: revisor_humano_1] confirma a proposta em vigor (declaração do autor, 08-revisao-humana/declaracao_autor_2026-09-30.md)",
RS1601,Bursztyn2023a,incluir,,"[decisão humana: revisor_humano_1] confirma a proposta em vigor (declaração do autor, 08-revisao-humana/declaracao_autor_2026-09-30.md)",
RS1610,Hodgson2012a,excluir,c2_intervencao_estudada,"[decisão humana: revisor_humano_1] confirma a proposta em vigor (declaração do autor, 08-revisao-humana/declaracao_autor_2026-09-30.md) | proposta confirmada: ""the effect of actual votes rather than polls or projections"" (p. 2); ""as a result of previous votes as opposed to opinion polls"" (p. 25)",2
RS1611,Stolwijk2019b,incluir,,[decisão humana: revisor_humano_1] decisão do revisor humano em 19/09/2026 sobre caso limítrofe apontado pela ficha de elegibilidade (03-textos/fila_humana_tc_resumo.md),
RS1621,Lammers2022a,incluir,,"[decisão humana: revisor_humano_1] confirma a proposta em vigor (declaração do autor, 08-revisao-humana/declaracao_autor_2026-09-30.md)",
RS1622,Kaplan2019a,incluir,,"[decisão humana: revisor_humano_1] confirma a proposta em vigor (declaração do autor, 08-revisao-humana/declaracao_autor_2026-09-30.md)",
RS1625,Cornejo2023a,incluir,,"[decisão humana: revisor_humano_1] confirma a proposta em vigor (declaração do autor, 08-revisao-humana/declaracao_autor_2026-09-30.md)",
RS1627,Bursztyn2017b,incluir,,"[decisão humana: revisor_humano_1] confirma a proposta em vigor (declaração do autor, 08-revisao-humana/declaracao_autor_2026-09-30.md)",
RS1637,Stolwijk2017a,incluir,,"[decisão humana: revisor_humano_1] confirma a proposta em vigor (declaração do autor, 08-revisao-humana/declaracao_autor_2026-09-30.md)",
RS1639,Garcia2010a,excluir,c2_intervencao_estudada,"[decisão humana: revisor_humano_1] confirma a proposta em vigor (declaração do autor, 08-revisao-humana/declaracao_autor_2026-09-30.md) | proposta confirmada: ""This paper examines the relationship between nationalism and public opinion"" (p. 1); ""in polls implemented a few days before the referendum"" (p. 19)",1
RS1646,Bursztyn2017c,incluir,,"[decisão humana: revisor_humano_1] confirma a proposta em vigor (declaração do autor, 08-revisao-humana/declaracao_autor_2026-09-30.md)",
RS1652,Unkelbach2022a,incluir,,[decisão humana: revisor_humano_1] decisão do revisor humano em 19/09/2026 sobre caso limítrofe apontado pela ficha de elegibilidade (03-textos/fila_humana_tc_resumo.md),
RS1666,Rai2021b,excluir,c4_desenho_elegivel,"[decisão humana: revisor_humano_1] confirma a proposta em vigor (declaração do autor, 08-revisao-humana/declaracao_autor_2026-09-30.md) | proposta confirmada: ""survey results in multi-phase elections (Chatterjee & Jai, 2020)"" (p. 3)",3
RS1670,Canen2020a,excluir,c2_intervencao_estudada,"[decisão humana: revisor_humano_1] confirma a proposta em vigor (declaração do autor, 08-revisao-humana/declaracao_autor_2026-09-30.md) | proposta confirmada: ""Israeli civilian fatalities in locations as a source of exogenous variation"" (p. 19); ""Using the model, I consider a policy experiment"" (p. 3)",19
RS1689,Freden2016b,incluir,,"[decisão humana: revisor_humano_1] confirma a proposta em vigor (declaração do autor, 08-revisao-humana/declaracao_autor_2026-09-30.md)",
RS1694,Gerber2017b,incluir,,"[decisão humana: revisor_humano_1] confirma a proposta em vigor (declaração do autor, 08-revisao-humana/declaracao_autor_2026-09-30.md)",
RS1705,Brugarolas2021,incluir,,"[decisão humana: revisor_humano_1] confirma a proposta em vigor (declaração do autor, 08-revisao-humana/declaracao_autor_2026-09-30.md)",
RS1707,Mamaraev2017a,excluir,c2_intervencao_estudada,"[decisão humana: revisor_humano_1] confirma a proposta em vigor (declaração do autor, 08-revisao-humana/declaracao_autor_2026-09-30.md) | proposta confirmada: ""through a mass political and sociological survey"" (p. 241); ""socio-economic factors have a great impact on the political attitudes"" (p. 242)",241
RS1780,Chernov2025b,excluir,c2_intervencao_estudada,"[decisão humana: revisor_humano_1] confirma a proposta em vigor (declaração do autor, 08-revisao-humana/declaracao_autor_2026-09-30.md) | proposta confirmada: ""A key data input into these models are polls"" (p. 3); ""we use averages constructed by polling aggregators"" (p. 9)",3
RS1799,Agranov2012a,incluir,,"[decisão humana: revisor_humano_1] confirma a proposta em vigor (declaração do autor, 08-revisao-humana/declaracao_autor_2026-09-30.md)",
RS1803,Fichnova2015a,incluir,,"[decisão humana: revisor_humano_1] confirma a proposta em vigor (declaração do autor, 08-revisao-humana/declaracao_autor_2026-09-30.md)",
RS1876,Timotei2013a,incluir,,"[decisão humana: revisor_humano_1] confirma a proposta em vigor (declaração do autor, 08-revisao-humana/declaracao_autor_2026-09-30.md)",
RS1893,Alabrese2024a,incluir,,"[decisão humana: revisor_humano_1] confirma a proposta em vigor (declaração do autor, 08-revisao-humana/declaracao_autor_2026-09-30.md)",
RS1901,Witsman2016a,incluir,,"[decisão humana: revisor_humano_1] confirma a proposta em vigor (declaração do autor, 08-revisao-humana/declaracao_autor_2026-09-30.md)",
RS1923,Alabrese2022a,incluir,,"[decisão humana: revisor_humano_1] confirma a proposta em vigor (declaração do autor, 08-revisao-humana/declaracao_autor_2026-09-30.md)",
RS1936,Daigle2010a,excluir,c4_desenho_elegivel,"[decisão humana: revisor_humano_1] confirma a proposta em vigor (declaração do autor, 08-revisao-humana/declaracao_autor_2026-09-30.md) | proposta confirmada: ""a pooled cross-section multivariate approach will be employed"" (p. 50); ""the current research will also utilize the pooled cross-section"" (p. 53)",50
RS1939,Lengauer2012a,excluir,c2_intervencao_estudada,"[decisão humana: revisor_humano_1] confirma a proposta em vigor (declaração do autor, 08-revisao-humana/declaracao_autor_2026-09-30.md) | proposta confirmada: ""politics is portrayed as a competitive game or horse race"" (p. 79)",79
RS1970,Magalhaes2012a,excluir,c2_intervencao_estudada,"[decisão humana: revisor_humano_1] confirma a proposta em vigor (declaração do autor, 08-revisao-humana/declaracao_autor_2026-09-30.md) | proposta confirmada: ""other forecasting approaches, such as opinion polls or political markets"" (p. 5); ""we employ this general political situation variable as a workable proxy"" (p. 6)",5
RS1981,Denter2013b,excluir,c2_intervencao_estudada,"[decisão humana: revisor_humano_1] confirma a proposta em vigor (declaração do autor, 08-revisao-humana/declaracao_autor_2026-09-30.md) | proposta confirmada: ""we consider two polar cases: a situation without any poll"" (p. 10); ""In our model voters react only to expenditures of the candidates"" (p. 29)",10
RS1982,Soroceanu2025a,excluir,c2_intervencao_estudada,"[decisão humana: revisor_humano_1] confirma a proposta em vigor (declaração do autor, 08-revisao-humana/declaracao_autor_2026-09-30.md) | proposta confirmada: ""By regularly publishing poll results, voters can observe"" (p. 206)",206
RS1995,Schuck2011a,excluir,c2_intervencao_estudada,"[decisão humana: revisor_humano_1] confirma a proposta em vigor (declaração do autor, 08-revisao-humana/declaracao_autor_2026-09-30.md) | proposta confirmada: ""The core independent variable in this study is news exposure."" (p. 16); ""A strategy frame was considered to be present when a given"" (p. 13)",16
RS1998,Wall2017,excluir,c3_desfecho,"[decisão humana: revisor_humano_1] confirma a proposta em vigor (declaração do autor, 08-revisao-humana/declaracao_autor_2026-09-30.md) | proposta confirmada: ""the dependent variable in this analysis is the daily"" (p. 19); ""the market-adjusted implied probability"" (p. 13)",19
RS2053,Ragozzino2014c,excluir,c1_populacao_contexto,"[decisão humana: revisor_humano_1] confirma a proposta em vigor (declaração do autor, 08-revisao-humana/declaracao_autor_2026-09-30.md) | proposta confirmada: ""To test the effects of opinion polls on policy attitudes"" (p. 13); ""designed to assess their support for the proposed free trade agreement"" (p. 14)",13
RS2144,Graefe2015a,excluir,c2_intervencao_estudada,"[decisão humana: revisor_humano_1] confirma a proposta em vigor (declaração do autor, 08-revisao-humana/declaracao_autor_2026-09-30.md) | proposta confirmada: ""public opinion polls are major predictors in election forecasting models"" (p. 7); ""tests the predictive performance of equal and regression weights"" (p. 7)",7
RS2158,Ognibene2021a,excluir,c2_intervencao_estudada,"[decisão humana: revisor_humano_1] confirma a proposta em vigor (declaração do autor, 08-revisao-humana/declaracao_autor_2026-09-30.md) | proposta confirmada: ""pre-election polls are shown to be a relatively good proxy"" (p. 9); ""Support for a Party in the Home-Country (VoteSharePolls)"" (p. 9)",9
RS2170,Cochrane2017a,excluir,c2_intervencao_estudada,"[decisão humana: revisor_humano_1] confirma a proposta em vigor (declaração do autor, 08-revisao-humana/declaracao_autor_2026-09-30.md) | proposta confirmada: ""it is argued that the publications of voter-intention polls"" (p. 17)",17
RS2200,Strijbis2017a,excluir,c1_populacao_contexto,"[decisão humana: revisor_humano_1] confirma a proposta em vigor (declaração do autor, 08-revisao-humana/declaracao_autor_2026-09-30.md) | proposta confirmada: ""Die Gegenüberstellung von Vorhersagemodellen vor nationalen Wahlen"" (p. 442)",442
RS2240,Gerber2017c,incluir,,"[decisão humana: revisor_humano_1] confirma a proposta em vigor (declaração do autor, 08-revisao-humana/declaracao_autor_2026-09-30.md)",
RS2247,Boukouras2020a,incluir,,"[decisão humana: revisor_humano_1] confirma a proposta em vigor (declaração do autor, 08-revisao-humana/declaracao_autor_2026-09-30.md)",
RS2252,Poland2021a,excluir,c1_populacao_contexto,"[decisão humana: revisor_humano_1] confirma a proposta em vigor (declaração do autor, 08-revisao-humana/declaracao_autor_2026-09-30.md) | proposta confirmada: ""decisions surrounding whether to accept or reject a COVID-19 vaccine"" (p. 1547)",1547
RS2328,Freden2024a,incluir,,"[decisão humana: revisor_humano_1] confirma a proposta em vigor (declaração do autor, 08-revisao-humana/declaracao_autor_2026-09-30.md)",
RS2333,Posavec2015a,excluir,c4_desenho_elegivel,"[decisão humana: revisor_humano_1] confirma a proposta em vigor (declaração do autor, 08-revisao-humana/declaracao_autor_2026-09-30.md) | proposta confirmada: ""u osnovi samoizvještavanje kojim je nemoguće utvrditi stvarni"" (p. 294)",294
RS2444,Membery2021a,excluir,c4_desenho_elegivel,"[decisão humana: revisor_humano_1] confirma a proposta em vigor (declaração do autor, 08-revisao-humana/declaracao_autor_2026-09-30.md) | proposta confirmada: ""This thesis is based on extensive archival research"" (p. 24)",24
RS2496,Tal2015a,incluir,,"[decisão humana: revisor_humano_1] confirma a proposta em vigor (declaração do autor, 08-revisao-humana/declaracao_autor_2026-09-30.md)",
RS2507,Mavridis2016a,excluir,c4_desenho_elegivel,"[decisão humana: revisor_humano_1] Pesquisa entra como contagem agregada em evidencia descritiva e regressao transversal, sem manipulacao, variacao natural identificada nem painel individual. Decisao do revisor humano em 20/09/2026 (03-textos/fila_humana_tc_ciclo2.md, Grupo D).",
RS2511,Kim2018b,excluir,c3_desfecho,"[decisão humana: revisor_humano_1] decisão do revisor humano em 19/09/2026 sobre caso limítrofe apontado pela ficha de elegibilidade (03-textos/fila_humana_tc_resumo.md): efeito de terceira pessoa; desfecho é reforço autorrelatado de preferência, não voto nem comparecimento",
RS2536,Kim2025a,excluir,c1_populacao_contexto,"[decisão humana: revisor_humano_1] decisão do revisor humano em 19/09/2026 sobre caso limítrofe apontado pela ficha de elegibilidade (03-textos/fila_humana_tc_resumo.md): jogos em equipe (dilema do prisioneiro, stag hunt); a escolha não é eleitoral",
RS2692,HashemPesaran2024a,excluir,c2_intervencao_estudada,"[decisão humana: revisor_humano_1] confirma a proposta em vigor (declaração do autor, 08-revisao-humana/declaracao_autor_2026-09-30.md) | proposta confirmada: ""We do not use poll data"" (p. 3); ""do not make use of any polling data"" (p. 2)",3
RS2696,Verdun2025a,excluir,c2_intervencao_estudada,"[decisão humana: revisor_humano_1] confirma a proposta em vigor (declaração do autor, 08-revisao-humana/declaracao_autor_2026-09-30.md) | proposta confirmada: ""the (exit) polls, which predicted success for the far-right PVV"" (p. 420); ""but not as well as polls had predicted"" (p. 420)",420
RS2747,Reveco2026,excluir,c2_intervencao_estudada,"[decisão humana: revisor_humano_1] decisão do revisor humano em 19/09/2026 sobre caso limítrofe apontado pela ficha de elegibilidade (03-textos/fila_humana_tc_resumo.md): a exposição junta boca de urna e contagem parcial oficial, sem separação; o efeito não é atribuível à pesquisa",
RS2794,Hansen2012a,excluir,c2_intervencao_estudada,"[decisão humana: revisor_humano_1] confirma a proposta em vigor (declaração do autor, 08-revisao-humana/declaracao_autor_2026-09-30.md) | proposta confirmada: ""to examine which factors induce or prohibit late decisions"" (p. 133); ""in 1998 the opinion polls consistently predicted"" (p. 130)",133
RS2982,Meffert2010,excluir,c2_intervencao_estudada,"[decisão humana: revisor_humano_1] confirma a proposta em vigor (declaração do autor, 08-revisao-humana/declaracao_autor_2026-09-30.md) | proposta confirmada: ""vignettes presenting hypothetical coalition announcements by Austrian parties"" (p. 8); ""independently and separately from any other factor such as poll results"" (p. 17)",8
RS2984,Matos2013,excluir,c2_intervencao_estudada,"[decisão humana: revisor_humano_1] confirma a proposta em vigor (declaração do autor, 08-revisao-humana/declaracao_autor_2026-09-30.md) | proposta confirmada: ""sequence of poll data will allow us to correctly calibrate the model"" (p. 21)",21
RS2996,Tyszler2015,incluir,,"[decisão humana: revisor_humano_1] confirma a proposta em vigor (declaração do autor, 08-revisao-humana/declaracao_autor_2026-09-30.md)",
RS3007,Leon2017,excluir,c2_intervencao_estudada,"[decisão humana: revisor_humano_1] confirma a proposta em vigor (declaração do autor, 08-revisao-humana/declaracao_autor_2026-09-30.md) | proposta confirmada: ""individual level variation in the cost of abstention"" (p. 12)",12
RS3064,Houser2011,excluir,c2_intervencao_estudada,"[decisão humana: revisor_humano_1] confirma a proposta em vigor (declaração do autor, 08-revisao-humana/declaracao_autor_2026-09-30.md) | proposta confirmada: ""We used two campaign advertisement treatments"" (p. 16)",16
RS3152,Morton2015b,excluir,c2_intervencao_estudada,"[decisão humana: revisor_humano_1] confirma a proposta em vigor (declaração do autor, 08-revisao-humana/declaracao_autor_2026-09-30.md) | proposta confirmada: ""revealing vote distributions after each election"" (p. 24); ""information about previous voting behavior in prior elections"" (p. 24)",24
RS3207,Paola2013,excluir,c2_intervencao_estudada,"[decisão humana: revisor_humano_1] confirma a proposta em vigor (declaração do autor, 08-revisao-humana/declaracao_autor_2026-09-30.md) | proposta confirmada: ""Electoral Margin represents an inverse measure of expected electoral closeness"" (p. 6); ""between the number of votes obtained by the two leading candidates"" (p. 6)",6
RS3236,Straeten2010,excluir,c2_intervencao_estudada,"[decisão humana: revisor_humano_1] confirma a proposta em vigor (declaração do autor, 08-revisao-humana/declaracao_autor_2026-09-30.md) | proposta confirmada: ""treatment is to vary the electoral system"" (p. 6)",6
RS3266,Schonbrodt2013,excluir,c1_populacao_contexto,"[decisão humana: revisor_humano_1] confirma a proposta em vigor (declaração do autor, 08-revisao-humana/declaracao_autor_2026-09-30.md) | proposta confirmada: ""Simulate a bivariate Gaussian distribution"" (p. 6)",6
RS3364,Selb2012,excluir,c2_intervencao_estudada,"[decisão humana: revisor_humano_1] confirma a proposta em vigor (declaração do autor, 08-revisao-humana/declaracao_autor_2026-09-30.md) | proposta confirmada: ""we formally decompose turnout bias in election surveys"" (p. 186)",186
RS3371,Meer2012,excluir,c2_intervencao_estudada,"[decisão humana: revisor_humano_1] confirma a proposta em vigor (declaração do autor, 08-revisao-humana/declaracao_autor_2026-09-30.md) | proposta confirmada: ""whether and how changes in voting behaviour are structured"" (p. 3)",3
RS3410,Meffert2011a,excluir,c2_intervencao_estudada,"[decisão humana: revisor_humano_1] confirma a proposta em vigor (declaração do autor, 08-revisao-humana/declaracao_autor_2026-09-30.md) | proposta confirmada: ""the vote intention for the Left Party was regressed on indicators"" (p. 812); ""a plausible objective benchmark is needed"" (p. 808)",812
RS3446,Hillman2010,excluir,c2_intervencao_estudada,"[decisão humana: revisor_humano_1] confirma a proposta em vigor (declaração do autor, 08-revisao-humana/declaracao_autor_2026-09-30.md) | proposta confirmada: ""I use expressive voting to illustrate expressive behavior"" (p. 2)",2
RS3503,Cancela2016,excluir,c2_intervencao_estudada,"[decisão humana: revisor_humano_1] confirma a proposta em vigor (declaração do autor, 08-revisao-humana/declaracao_autor_2026-09-30.md) | proposta confirmada: ""electoral closeness, campaign expenditures, and political fragmentation"" (p. 8); ""media attention and the publication of opinion polls"" (p. 15)",8
RS3525,Moreno2016,excluir,c2_intervencao_estudada,"[decisão humana: revisor_humano_1] confirma a proposta em vigor (declaração do autor, 08-revisao-humana/declaracao_autor_2026-09-30.md) | proposta confirmada: ""In our treatment with conformity, the additional payoff is received only if"" (p. 3); ""a binary-decision voting game in which agents are heterogeneous"" (p. 21)",3
RS3527,Meffert2012a,incluir,,"[decisão humana: revisor_humano_1] confirma a proposta em vigor (declaração do autor, 08-revisao-humana/declaracao_autor_2026-09-30.md)",
RS3538,Moy2012,excluir,c4_desenho_elegivel,"[decisão humana: revisor_humano_1] confirma a proposta em vigor (declaração do autor, 08-revisao-humana/declaracao_autor_2026-09-30.md) | proposta confirmada: ""We begin with a review of the types of information"" (p. 2)",2
RS3548,Gschwend2016,excluir,c2_intervencao_estudada,"[decisão humana: revisor_humano_1] confirma a proposta em vigor (declaração do autor, 08-revisao-humana/declaracao_autor_2026-09-30.md) | proposta confirmada: ""Do coalition signals influence rental voting behavior?"" (p. 295); ""polling at around 40 percent in both cases"" (p. 296)",295
RS3552,Dassonneville2017,excluir,c2_intervencao_estudada,"[decisão humana: revisor_humano_1] confirma a proposta em vigor (declaração do autor, 08-revisao-humana/declaracao_autor_2026-09-30.md) | proposta confirmada: ""We test for the impact of partisanship, ideological distance,"" (p. 17)",17
RS3553,Dassonneville2014a,excluir,c2_intervencao_estudada,"[decisão humana: revisor_humano_1] confirma a proposta em vigor (declaração do autor, 08-revisao-humana/declaracao_autor_2026-09-30.md) | proposta confirmada: ""The main independent variables in our analyses are election periods"" (p. 9)",9
RS3567,Gschwend2017,excluir,c2_intervencao_estudada,"[decisão humana: revisor_humano_1] confirma a proposta em vigor (declaração do autor, 08-revisao-humana/declaracao_autor_2026-09-30.md) | proposta confirmada: ""to embed coalition signals as vignettes in a representative"" (p. 646); ""Besides preelection polls, coalition signals are the most"" (p. 643)",646
RS3589,Verthe2017,excluir,c2_intervencao_estudada,"[decisão humana: revisor_humano_1] confirma a proposta em vigor (declaração do autor, 08-revisao-humana/declaracao_autor_2026-09-30.md) | proposta confirmada: ""government viability, district viability and party preference"" (p. 396); ""on the basis of the polls released during the campaign"" (p. 397)",396
RS3592,Yosef2017,excluir,c2_intervencao_estudada,"[decisão humana: revisor_humano_1] Exposicao e a contagem corrente de votos do proprio jogo de laboratorio, nao resultado de pesquisa eleitoral, agregador, projecao ou boca de urna. Decisao do revisor humano em 20/09/2026 (03-textos/fila_humana_tc_ciclo2.md, Grupo B). Substitui um registro anterior deste mesmo id gravado por engano com o motivo 'teste' durante a depuracao do comando.",
RS3596,Faravelli2019,excluir,c2_intervencao_estudada,"[decisão humana: revisor_humano_1] confirma a proposta em vigor (declaração do autor, 08-revisao-humana/declaracao_autor_2026-09-30.md) | proposta confirmada: ""the electorate size (30 vs 300) and the probability of being assigned"" (p. 3)",3
RS3602,Gersbach2017,excluir,c2_intervencao_estudada,"[decisão humana: revisor_humano_1] confirma a proposta em vigor (declaração do autor, 08-revisao-humana/declaracao_autor_2026-09-30.md) | proposta confirmada: ""The number of votes in favor of either alternative"" (p. 3); ""Because AV is based on actual votes and not on reported opinions"" (p. 14)",3
RS3605,Velden2017a,excluir,c1_populacao_contexto,"[decisão humana: revisor_humano_1] confirma a proposta em vigor (declaração do autor, 08-revisao-humana/declaracao_autor_2026-09-30.md) | proposta confirmada: ""press releases issued by 15 Dutch national political parties"" (p. 27)",27
RS3626,Draca2018,excluir,c1_populacao_contexto,"[decisão humana: revisor_humano_1] confirma a proposta em vigor (declaração do autor, 08-revisao-humana/declaracao_autor_2026-09-30.md) | proposta confirmada: ""develop a set of 17 countries in Europe and North America"" (p. 7); ""beliefs amongst the general public"" (p. 3)",7
RS3648,Moreno2019,excluir,c2_intervencao_estudada,"[decisão humana: revisor_humano_1] confirma a proposta em vigor (declaração do autor, 08-revisao-humana/declaracao_autor_2026-09-30.md) | proposta confirmada: ""We induce conformity in a binary-decision voting game"" (p. 1); ""the additional payoff of 25 ECUs only if their vote coincided"" (p. 11)",1
RS3656,Scheuerman2019,excluir,c2_intervencao_estudada,"[decisão humana: revisor_humano_1] Exposicao e a contagem corrente de votos do proprio jogo de laboratorio, nao resultado de pesquisa eleitoral, agregador, projecao ou boca de urna. Decisao do revisor humano em 20/09/2026 (03-textos/fila_humana_tc_ciclo2.md, Grupo B). Substitui um registro anterior deste mesmo id gravado por engano com o motivo 'teste' durante a depuracao do comando.",
RS3658,Gandhi2019,incluir,,"[decisão humana: revisor_humano_1] confirma a proposta em vigor (declaração do autor, 08-revisao-humana/declaracao_autor_2026-09-30.md)",
RS3667,Halbach2019,excluir,c1_populacao_contexto,"[decisão humana: revisor_humano_1] confirma a proposta em vigor (declaração do autor, 08-revisao-humana/declaracao_autor_2026-09-30.md) | proposta confirmada: ""Our sample comprised of 163 participants in total"" (p. 7)",7
RS3677,Scheuerman2020,excluir,c2_intervencao_estudada,"[decisão humana: revisor_humano_1] Exposicao e a contagem corrente de votos do proprio jogo de laboratorio, nao resultado de pesquisa eleitoral, agregador, projecao ou boca de urna. Decisao do revisor humano em 20/09/2026 (03-textos/fila_humana_tc_ciclo2.md, Grupo B). Substitui um registro anterior deste mesmo id gravado por engano com o motivo 'teste' durante a depuracao do comando.",
RS3715,Bahnsen2020,excluir,c2_intervencao_estudada,"[decisão humana: revisor_humano_1] confirma a proposta em vigor (declaração do autor, 08-revisao-humana/declaracao_autor_2026-09-30.md) | proposta confirmada: ""respondents were exposed to the following coalition signal vignettes"" (p. 7); ""all major opinion polls suggested that neither the left nor"" (p. 6)",7
RS3728,Granzier2019,excluir,c2_intervencao_estudada,"[decisão humana: revisor_humano_1] confirma a proposta em vigor (declaração do autor, 08-revisao-humana/declaracao_autor_2026-09-30.md) | proposta confirmada: ""a dummy equal to 1 if the candidate had a higher rank"" (p. 16); ""This paper shows that candidate rankings in past contests"" (p. 47)",16
RS3745,Scheuerman2021,excluir,c2_intervencao_estudada,"[decisão humana: revisor_humano_1] Exposicao e a contagem corrente de votos do proprio jogo de laboratorio, nao resultado de pesquisa eleitoral, agregador, projecao ou boca de urna. Decisao do revisor humano em 20/09/2026 (03-textos/fila_humana_tc_ciclo2.md, Grupo B). Substitui um registro anterior deste mesmo id gravado por engano com o motivo 'teste' durante a depuracao do comando.",
RS3761,Boudreau2010,excluir,c1_populacao_contexto,"[decisão humana: revisor_humano_1] confirma a proposta em vigor (declaração do autor, 08-revisao-humana/declaracao_autor_2026-09-30.md) | proposta confirmada: ""We ask subjects to make choices about math problems"" (p. 515); ""A total of 236 adults who were enrolled in undergraduate classes participated"" (p. 520)",515
RS3784,Freden2021,excluir,c4_desenho_elegivel,"[decisão humana: revisor_humano_1] confirma a proposta em vigor (declaração do autor, 08-revisao-humana/declaracao_autor_2026-09-30.md) | proposta confirmada: ""a mixed logit model has been chosen"" (p. 5); ""conducted shortly after the general elections"" (p. 4)",5
RS3796,Araujo2021,incluir,,"[decisão humana: revisor_humano_1] Divulgacao oficial de apuracao parcial enquanto urnas atrasadas ainda votavam; incluido por emenda ao C2 registrada em 00-protocolo/emendas.md. Decisao do revisor humano em 20/09/2026 (03-textos/fila_humana_tc_ciclo2.md, Grupo C).",
RS3802,Urminsky2019,incluir,,"[decisão humana: revisor_humano_1] confirma a proposta em vigor (declaração do autor, 08-revisao-humana/declaracao_autor_2026-09-30.md)",
RS3809,Anon2021,excluir,c1_populacao_contexto,"[decisão humana: revisor_humano_1] confirma a proposta em vigor (declaração do autor, 08-revisao-humana/declaracao_autor_2026-09-30.md) | proposta confirmada: ""державного управління в частині соціального прогнозування"" (p. 257)",257
RS3828,Pekar2021,excluir,c2_intervencao_estudada,"[decisão humana: revisor_humano_1] confirma a proposta em vigor (declaração do autor, 08-revisao-humana/declaracao_autor_2026-09-30.md) | proposta confirmada: ""we use the detected voting intentions as a predictor"" (p. 5); ""we address the task of using social media data to forecast daily opinion polls"" (p. 5)",5
RS3832,Araujo2021a,incluir,,"[decisão humana: revisor_humano_1] Divulgacao oficial de apuracao parcial enquanto urnas atrasadas ainda votavam; incluido por emenda ao C2 registrada em 00-protocolo/emendas.md. Decisao do revisor humano em 20/09/2026 (03-textos/fila_humana_tc_ciclo2.md, Grupo C).",
RS3902,Dahlgaard2015b,incluir,,"[decisão humana: revisor_humano_1] confirma a proposta em vigor (declaração do autor, 08-revisao-humana/declaracao_autor_2026-09-30.md)",
RS3919,Buckley2022,excluir,c3_desfecho,"[decisão humana: revisor_humano_1] confirma a proposta em vigor (declaração do autor, 08-revisao-humana/declaracao_autor_2026-09-30.md) | proposta confirmada: ""coding the top two categories as 1"" (p. 4)",4
RS3921,Misko2022,excluir,c2_intervencao_estudada,"[decisão humana: revisor_humano_1] confirma a proposta em vigor (declaração do autor, 08-revisao-humana/declaracao_autor_2026-09-30.md) | proposta confirmada: ""fókuszában csak a taktikai szavazás elméleti megközelítése áll"" (p. 99)",99
RS3954,Stoetzer2022,excluir,c3_desfecho,"[decisão humana: revisor_humano_1] confirma a proposta em vigor (declaração do autor, 08-revisao-humana/declaracao_autor_2026-09-30.md) | proposta confirmada: ""based on which respondents can infer the winning chances of party A"" (p. 11); ""We again elicit beliefs about the vote share of the winning candidate"" (p. 15)",11
RS3965,Leontiou2023,excluir,c2_intervencao_estudada,"[decisão humana: revisor_humano_1] confirma a proposta em vigor (declaração do autor, 08-revisao-humana/declaracao_autor_2026-09-30.md) | proposta confirmada: ""We introduce loss aversion with respect to the expected equilibrium payoffs"" (p. 3)",3
RS3970,Heeb2023,excluir,c2_intervencao_estudada,"[decisão humana: revisor_humano_1] confirma a proposta em vigor (declaração do autor, 08-revisao-humana/declaracao_autor_2026-09-30.md) | proposta confirmada: ""the opportunity to invest in a climate-conscious fund"" (p. 1); ""Opinion polls surveying voting intentions measured 74% in favor"" (p. 26)",1
RS3978,Yang2023d,incluir,,"[decisão humana: revisor_humano_1] Ficha com os seis criterios atendidos e gate de citacoes limpo; caiu em incerto por falso positivo do classificador da skill, que casa a substring 'incert' e o estudo trata de visualizacao de incerteza. Decisao do revisor humano em 20/09/2026 (03-textos/fila_humana_tc_ciclo2.md, Grupo A).",
RS3980,Erlich2023,incluir,,"[decisão humana: revisor_humano_1] confirma a proposta em vigor (declaração do autor, 08-revisao-humana/declaracao_autor_2026-09-30.md)",
RS3984,Revelli2023,excluir,c2_intervencao_estudada,"[decisão humana: revisor_humano_1] confirma a proposta em vigor (declaração do autor, 08-revisao-humana/declaracao_autor_2026-09-30.md) | proposta confirmada: ""It is the informational consequences of these rare events"" (p. 4); ""on voter turnout rates of exposure for geographical reasons to spill-overs"" (p. 1)",4
RS3994,Schlegel2023,incluir,,"[decisão humana: revisor_humano_1] Ficha com os seis criterios atendidos e gate de citacoes limpo; caiu em incerto por falso positivo do classificador da skill, que casa a substring 'incert' e o estudo trata de visualizacao de incerteza. Decisao do revisor humano em 20/09/2026 (03-textos/fila_humana_tc_ciclo2.md, Grupo A).",
RS4005,Gee2024,excluir,c1_populacao_contexto,"[decisão humana: revisor_humano_1] confirma a proposta em vigor (declaração do autor, 08-revisao-humana/declaracao_autor_2026-09-30.md) | proposta confirmada: ""Students at Tufts University participated in a game"" (p. 4); ""Subjects were alumni or parents of current students of education non-profits"" (p. 8)",4
RS4011,Stoetzer2024,excluir,c3_desfecho,"[decisão humana: revisor_humano_1] confirma a proposta em vigor (declaração do autor, 08-revisao-humana/declaracao_autor_2026-09-30.md) | proposta confirmada: ""expected vote share of the candidates as a percentage"" (p. 6); ""the average expected and final vote share of constituency candidates"" (p. 8)",6
RS4049,Brownback2024,excluir,c1_populacao_contexto,"[decisão humana: revisor_humano_1] confirma a proposta em vigor (declaração do autor, 08-revisao-humana/declaracao_autor_2026-09-30.md) | proposta confirmada: ""subjects recruited from the University of Arkansas"" (p. 452); ""subjects considered binary choices"" (p. 452)",452
RS4053,Magesan2024,excluir,c1_populacao_contexto,"[decisão humana: revisor_humano_1] confirma a proposta em vigor (declaração do autor, 08-revisao-humana/declaracao_autor_2026-09-30.md) | proposta confirmada: ""any citizen can sign and add her name to the petition"" (p. 8)",8
RS4119,Marinovic2013,excluir,c1_populacao_contexto,"[decisão humana: revisor_humano_1] confirma a proposta em vigor (declaração do autor, 08-revisao-humana/declaracao_autor_2026-09-30.md) | proposta confirmada: ""The forecast data is obtained from a survey of professional forecasters"" (p. 22)",22
RS4133,Reuben2015,excluir,c2_intervencao_estudada,"[decisão humana: revisor_humano_1] confirma a proposta em vigor (declaração do autor, 08-revisao-humana/declaracao_autor_2026-09-30.md) | proposta confirmada: ""formation of advocacy groups as an additional channel of information"" (p. 7)",7
RS4157,Lago2015,incluir,,"[decisão humana: revisor_humano_1] confirma a proposta em vigor (declaração do autor, 08-revisao-humana/declaracao_autor_2026-09-30.md)",
RS4203,Tyszler2013,incluir,,"[decisão humana: revisor_humano_1] confirma a proposta em vigor (declaração do autor, 08-revisao-humana/declaracao_autor_2026-09-30.md)",
RS4220,Bischoff2012,excluir,c2_intervencao_estudada,"[decisão humana: revisor_humano_1] autor confirma a extensão da própria regra feita pela IA (Emenda 6a, evento seq 669 a 671); declaração do autor, 08-revisao-humana/declaracao_autor_2026-09-30.md; Emenda 7",
RS4279,Robalo2014,excluir,c2_intervencao_estudada,"[decisão humana: revisor_humano_1] confirma a proposta em vigor (declaração do autor, 08-revisao-humana/declaracao_autor_2026-09-30.md) | proposta confirmada: ""our experiment induces distinct levels of group identity"" (p. 35); ""manipulating two treatment variables: activation by a human subject and a"" (p. 88); ""Our treatments change the way in which this information is made available"" (p. 138)",35
RS4293,Evrenk2015,excluir,c2_intervencao_estudada,"[decisão humana: revisor_humano_1] confirma a proposta em vigor (declaração do autor, 08-revisao-humana/declaracao_autor_2026-09-30.md) | proposta confirmada: ""we use the subjective chance ranking elicited from voter responses"" (p. 8); ""rational expectations grounded in pre-election polls"" (p. 4)",8
RS4295,Guarnieri2015,excluir,c2_intervencao_estudada,"[decisão humana: revisor_humano_1] confirma a proposta em vigor (declaração do autor, 08-revisao-humana/declaracao_autor_2026-09-30.md) | proposta confirmada: ""Cox será aplicada para testar a Lei de Duverger nas"" (p. 78)",78
RS4315,Horowitz2016,excluir,c4_desenho_elegivel,"[decisão humana: revisor_humano_1] confirma a proposta em vigor (declaração do autor, 08-revisao-humana/declaracao_autor_2026-09-30.md) | proposta confirmada: ""we estimate a linear probability model of strategic voting"" (p. 23); ""while correlational in nature, illuminate the potential relationship between misperceptions"" (p. 22)",23
RS4322,Buechel2019,excluir,c2_intervencao_estudada,"[decisão humana: revisor_humano_1] confirma a proposta em vigor (declaração do autor, 08-revisao-humana/declaracao_autor_2026-09-30.md) | proposta confirmada: ""We focus our analysis on vote recommendations that are provided"" (p. 242); ""Each of these networks corresponds to one experimental treatment"" (p. 249)",242
RS4337,Ergin2018,excluir,c2_intervencao_estudada,"[decisão humana: revisor_humano_1] confirma a proposta em vigor (declaração do autor, 08-revisao-humana/declaracao_autor_2026-09-30.md) | proposta confirmada: ""Social choice theory is interested in how to move from these individual"" (p. 21)",21
RS4346,Dillenberger2019,excluir,c2_intervencao_estudada,"[decisão humana: revisor_humano_1] confirma a proposta em vigor (declaração do autor, 08-revisao-humana/declaracao_autor_2026-09-30.md) | proposta confirmada: ""Our main result links violations of expected utility at the individual level"" (p. 8)",8
RS4353,Ambrus2017,excluir,c2_intervencao_estudada,"[decisão humana: revisor_humano_1] confirma a proposta em vigor (declaração do autor, 08-revisao-humana/declaracao_autor_2026-09-30.md) | proposta confirmada: ""the other dimension is whether a nil vote is explicitly provided"" (p. 3); ""We implemented a 2 x 2 factorial design"" (p. 18)",3
RS4361,Corbetta2013,excluir,c2_intervencao_estudada,"[decisão humana: revisor_humano_1] autor confirma a extensão da própria regra feita pela IA (Emenda 6a, evento seq 669 a 671); declaração do autor, 08-revisao-humana/declaracao_autor_2026-09-30.md; Emenda 7",
RS4362,Fehrler2024,excluir,c1_populacao_contexto,"[decisão humana: revisor_humano_1] confirma a proposta em vigor (declaração do autor, 08-revisao-humana/declaracao_autor_2026-09-30.md) | proposta confirmada: ""In Treatment 1, 116 students (average age: 22 years old"" (p. 13)",13
RS4375,Kawai2013,excluir,c4_desenho_elegivel,"[decisão humana: revisor_humano_1] confirma a proposta em vigor (declaração do autor, 08-revisao-humana/declaracao_autor_2026-09-30.md) | proposta confirmada: ""We estimate the model using an inequality-based estimator developed by Pakes"" (p. 28); ""We use municipality-level aggregate data for our estimation."" (p. 41)",28
RS4377,Kawai2012,excluir,c2_intervencao_estudada,"[decisão humana: revisor_humano_1] confirma a proposta em vigor (declaração do autor, 08-revisao-humana/declaracao_autor_2026-09-30.md) | proposta confirmada: ""we study how to identify and estimate a model of strategic voting"" (p. 2); ""information regarding the expected outcome of the election is widely available"" (p. 8)",2
RS4384,Santos2021,excluir,c2_intervencao_estudada,"[decisão humana: revisor_humano_1] confirma a proposta em vigor (declaração do autor, 08-revisao-humana/declaracao_autor_2026-09-30.md) | proposta confirmada: ""an advert reminding voters that voting is a civic duty"" (p. 6)",6
RS4402,Svolik2021,excluir,c2_intervencao_estudada,"[decisão humana: revisor_humano_1] confirma a proposta em vigor (declaração do autor, 08-revisao-humana/declaracao_autor_2026-09-30.md) | proposta confirmada: ""randomly assigned to endorse a measure that violates democratic principles"" (p. 669)",669
RS4448,Feltovich2022,incluir,,"[decisão humana: revisor_humano_1] confirma a proposta em vigor (declaração do autor, 08-revisao-humana/declaracao_autor_2026-09-30.md)",
RS4466,Puppe2023,excluir,c2_intervencao_estudada,"[decisão humana: revisor_humano_1] confirma a proposta em vigor (declaração do autor, 08-revisao-humana/declaracao_autor_2026-09-30.md) | proposta confirmada: ""The treatment variable was the collective decision rule employed."" (p. 1)",1
RS4471,Meyer2023,excluir,c2_intervencao_estudada,"[decisão humana: revisor_humano_1] confirma a proposta em vigor (declaração do autor, 08-revisao-humana/declaracao_autor_2026-09-30.md) | proposta confirmada: ""Whether abstention was permitted was varied on a between-subject basis."" (p. 15)",15
RS4476,Farina2024,excluir,c1_populacao_contexto,"[decisão humana: revisor_humano_1] confirma a proposta em vigor (declaração do autor, 08-revisao-humana/declaracao_autor_2026-09-30.md) | proposta confirmada: ""We recruited 120 subjects from the University"" (p. 10)",10
RS4487,Hizen2025,excluir,c2_intervencao_estudada,"[decisão humana: revisor_humano_1] autor confirma a extensão da própria regra feita pela IA (Emenda 6a, evento seq 669 a 671); declaração do autor, 08-revisao-humana/declaracao_autor_2026-09-30.md; Emenda 7",
RS4548,Crisp2011,excluir,c2_intervencao_estudada,"[decisão humana: revisor_humano_1] confirma a proposta em vigor (declaração do autor, 08-revisao-humana/declaracao_autor_2026-09-30.md) | proposta confirmada: ""We focus on four aspects of the electoral context"" (p. 146)",146
RS4568,Frenkel2012,excluir,c2_intervencao_estudada,"[decisão humana: revisor_humano_1] confirma a proposta em vigor (declaração do autor, 08-revisao-humana/declaracao_autor_2026-09-30.md) | proposta confirmada: ""During the campaign, each candidate makes a declaration regarding the policy"" (p. 9)",9
RS4632,Cheng2025,excluir,c1_populacao_contexto,"[decisão humana: revisor_humano_1] confirma a proposta em vigor (declaração do autor, 08-revisao-humana/declaracao_autor_2026-09-30.md) | proposta confirmada: ""The economy comprises a central leader, two local agents"" (p. 6)",6
