id_rs,id_estudo,id_estudo_anterior,grupo
RS1522,ES1522,ES1522,RS1522|RS1575
RS1575,ES1522,ES1575,RS1522|RS1575
RS1523,ES1523,ES1523,RS1523|RS1535
RS1535,ES1523,ES1535,RS1523|RS1535
RS1524,ES1524,ES1524,RS1524|RS1528|RS1591|RS3902
RS1528,ES1524,ES1528,RS1524|RS1528|RS1591|RS3902
RS1591,ES1524,ES1591,RS1524|RS1528|RS1591|RS3902
RS3902,ES1524,ES3902,RS1524|RS1528|RS1591|RS3902
RS1529,ES1529,ES1529,RS1529|RS1799
RS1799,ES1529,ES1799,RS1529|RS1799
RS1538,ES1538,ES1538,RS1538|RS1546
RS1546,ES1538,ES1546,RS1538|RS1546
RS1544,ES1544,ES1544,RS1544|RS1547|RS2496
RS1547,ES1544,ES1547,RS1544|RS1547|RS2496
RS2496,ES1544,ES2496,RS1544|RS1547|RS2496
RS1548,ES1548,ES1548,RS1548|RS1637
RS1637,ES1548,ES1637,RS1548|RS1637
RS1557,ES1557,ES1557,RS1557|RS1618
RS1618,ES1557,ES1618,RS1557|RS1618
RS1562,ES1562,ES1562,RS1562|RS1697
RS1697,ES1562,ES1697,RS1562|RS1697
RS1587,ES1587,ES1587,RS1587|RS1694|RS2240
RS1694,ES1587,ES1694,RS1587|RS1694|RS2240
RS2240,ES1587,ES2240,RS1587|RS1694|RS2240
RS1601,ES1601,ES1601,RS1601|RS1627|RS1646
RS1627,ES1601,ES1627,RS1601|RS1627|RS1646
RS1646,ES1601,ES1646,RS1601|RS1627|RS1646
RS1623,ES1623,ES1623,RS1623|RS1801
RS1801,ES1623,ES1801,RS1623|RS1801
RS1629,ES1629,ES1629,RS1629|RS1916
RS1916,ES1629,ES1916,RS1629|RS1916
RS1633,ES1633,ES1633,RS1633|RS1673
RS1673,ES1633,ES1673,RS1633|RS1673
RS1672,ES1672,ES1672,RS1672|RS1725
RS1725,ES1672,ES1725,RS1672|RS1725
RS1715,ES1715,ES1715,RS1715|RS1717
RS1717,ES1715,ES1717,RS1715|RS1717
RS1773,ES1773,ES1773,RS1773|RS1964
RS1964,ES1773,ES1964,RS1773|RS1964
RS1780,ES1780,ES1780,RS1780|RS1782
RS1782,ES1780,ES1782,RS1780|RS1782
RS1786,ES1786,ES1786,RS1786|RS2505
RS2505,ES1786,ES2505,RS1786|RS2505
RS1834,ES1834,ES1834,RS1834|RS1981
RS1981,ES1834,ES1981,RS1834|RS1981
RS1871,ES1871,ES1871,RS1871|RS2246
RS2246,ES1871,ES2246,RS1871|RS2246
RS1893,ES1893,ES1893,RS1893|RS1923
RS1923,ES1893,ES1923,RS1893|RS1923
RS1897,ES1897,ES1897,RS1897|RS2208
RS2208,ES1897,ES2208,RS1897|RS2208
RS1906,ES1906,ES1906,RS1906|RS3049
RS3049,ES1906,ES3049,RS1906|RS3049
RS1928,ES1928,ES1928,RS1928|RS2506
RS2506,ES1928,ES2506,RS1928|RS2506
RS1970,ES1970,ES1970,RS1970|RS2726
RS2726,ES1970,ES2726,RS1970|RS2726
RS2015,ES2015,ES2015,RS2015|RS2020
RS2020,ES2015,ES2020,RS2015|RS2020
RS2034,ES2034,ES2034,RS2034|RS2067
RS2067,ES2034,ES2067,RS2034|RS2067
RS2117,ES2117,ES2117,RS2117|RS2119
RS2119,ES2117,ES2119,RS2117|RS2119
RS2149,ES2149,ES2149,RS2149|RS2247
RS2247,ES2149,ES2247,RS2149|RS2247
RS2161,ES2161,ES2161,RS2161|RS2231
RS2231,ES2161,ES2231,RS2161|RS2231
RS2233,ES2233,ES2233,RS2233|RS2581
RS2581,ES2233,ES2581,RS2233|RS2581
RS2350,ES2350,ES2350,RS2350|RS2884
RS2884,ES2350,ES2884,RS2350|RS2884
RS2354,ES2354,ES2354,RS2354|RS2393
RS2393,ES2354,ES2393,RS2354|RS2393
RS2385,ES2385,ES2385,RS2385|RS2808
RS2808,ES2385,ES2808,RS2385|RS2808
RS2979,ES2979,ES2979,RS2979|RS3750
RS3750,ES2979,ES3750,RS2979|RS3750
RS3010,ES3010,ES3010,RS3010|RS3583
RS3583,ES3010,ES3583,RS3010|RS3583
RS3169,ES3169,ES3169,RS3169|RS3765
RS3765,ES3169,ES3765,RS3169|RS3765
RS3399,ES3399,ES3399,RS3399|RS3772
RS3772,ES3399,ES3772,RS3399|RS3772
RS3411,ES3411,ES3411,RS3411|RS3754
RS3754,ES3411,ES3754,RS3411|RS3754
RS3484,ES3484,ES3484,RS3484|RS3709
RS3709,ES3484,ES3709,RS3484|RS3709
RS3555,ES3555,ES3555,RS3555|RS3661
RS3661,ES3555,ES3661,RS3555|RS3661
RS3559,ES3559,ES3559,RS3559|RS3755
RS3755,ES3559,ES3755,RS3559|RS3755
RS3573,ES3573,ES3573,RS3573|RS3779
RS3779,ES3573,ES3779,RS3573|RS3779
RS3593,ES3593,ES3593,RS3593|RS3663
RS3663,ES3593,ES3663,RS3593|RS3663
RS3708,ES3708,ES3708,RS3708|RS3766
RS3766,ES3708,ES3766,RS3708|RS3766
RS3718,ES3718,ES3718,RS3718|RS3762
RS3762,ES3718,ES3762,RS3718|RS3762
RS3722,ES3722,ES3722,RS3722|RS3794
RS3794,ES3722,ES3794,RS3722|RS3794
RS3743,ES3743,ES3743,RS3743|RS4351
RS4351,ES3743,ES4351,RS3743|RS4351
RS3771,ES3771,ES3771,RS3771|RS3951
RS3951,ES3771,ES3951,RS3771|RS3951
RS3796,ES3796,ES3796,RS3796|RS3832
RS3832,ES3796,ES3832,RS3796|RS3832
RS3819,ES3819,ES3819,RS3819|RS3820
RS3820,ES3819,ES3820,RS3819|RS3820
RS3846,ES3846,ES3846,RS3846|RS3947
RS3947,ES3846,ES3947,RS3846|RS3947
RS3857,ES3857,ES3857,RS3857|RS4021
RS4021,ES3857,ES4021,RS3857|RS4021
RS3920,ES3920,ES3920,RS3920|RS4031
RS4031,ES3920,ES4031,RS3920|RS4031
RS3959,ES3959,ES3959,RS3959|RS3966
RS3966,ES3959,ES3966,RS3959|RS3966
RS3962,ES3962,ES3962,RS3962|RS4097
RS4097,ES3962,ES4097,RS3962|RS4097
RS3975,ES3975,ES3975,RS3975|RS3976
RS3976,ES3975,ES3976,RS3975|RS3976
RS3978,ES3978,ES3978,RS3978|RS4000
RS4000,ES3978,ES4000,RS3978|RS4000
RS4023,ES4023,ES4023,RS4023|RS4027
RS4027,ES4023,ES4027,RS4023|RS4027
RS4034,ES4034,ES4034,RS4034|RS4041
RS4041,ES4034,ES4041,RS4034|RS4041
RS4049,ES4049,ES4049,RS4049|RS4445
RS4445,ES4049,ES4445,RS4049|RS4445
RS4254,ES4254,ES4254,RS4254|RS4344
RS4344,ES4254,ES4344,RS4254|RS4344
RS4262,ES4262,ES4262,RS4262|RS4456
RS4456,ES4262,ES4456,RS4262|RS4456
RS4269,ES4269,ES4269,RS4269|RS4369
RS4369,ES4269,ES4369,RS4269|RS4369
RS4296,ES4296,ES4296,RS4296|RS4374
RS4374,ES4296,ES4374,RS4296|RS4374
RS4331,ES4331,ES4331,RS4331|RS4370
RS4370,ES4331,ES4370,RS4331|RS4370
RS4343,ES4343,ES4343,RS4343|RS4372
RS4372,ES4343,ES4372,RS4343|RS4372
RS4348,ES4348,ES4348,RS4348|RS4430
RS4430,ES4348,ES4430,RS4348|RS4430
RS4356,ES4356,ES4356,RS4356|RS4629
RS4629,ES4356,ES4629,RS4356|RS4629
RS4375,ES4375,ES4375,RS4375|RS4377
RS4377,ES4375,ES4377,RS4375|RS4377
RS4438,ES4438,ES4438,RS4438|RS4474
RS4474,ES4438,ES4474,RS4438|RS4474
RS4441,ES4441,ES4441,RS4441|RS4494
RS4494,ES4441,ES4494,RS4441|RS4494
RS4501,ES4501,ES4501,RS4501|RS4515
RS4515,ES4501,ES4515,RS4501|RS4515
RS4503,ES4503,ES4503,RS4503|RS4504
RS4504,ES4503,ES4504,RS4503|RS4504
