chave,id_rs,doi,openalex_is_retracted,crossref_avisos,retratado,status,verificado_em
Morton2015a,RS1522,10.1016/j.euroecorev.2015.03.012,false,nenhum,0,ok,2026-09-20
Westwood2020a,RS1523,10.1086/708682,false,nenhum,0,ok,2026-09-20
Dahlgaard2017a,RS1524,10.1111/1467-9477.12094,false,erratum:10.1111/1467-9477.12105,0,ok,2026-09-20
Meffert2011,RS1527,10.1111/j.1475-6765.2010.01986.x,false,nenhum,0,ok,2026-09-20
Dahlgaard2016a,RS1528,10.1515/wps-2016-0012,false,nenhum,0,ok,2026-09-20
Agranov2017a,RS1529,10.1093/jeea/jvx023,false,nenhum,0,ok,2026-09-20
Gasperoni2015a,RS1534,10.1017/ipo.2015.3,false,nenhum,0,ok,2026-09-20
Meer2015a,RS1536,10.1093/ijpor/edu041,false,nenhum,0,ok,2026-09-20
Fairstein2019a,RS1544,10.65109/srvt6467,false,nenhum,0,ok,2026-09-20
Chatterjee2019a,RS1546,10.2139/ssrn.3332196,false,nenhum,0,ok,2026-09-20
Fairstein2018a,RS1547,10.48550/arxiv.1805.07606,false,nenhum,0,ok,2026-09-20
Stolwijk2016a,RS1548,10.1093/ijpor/edw018,false,nenhum,0,ok,2026-09-20
Farjam2020a,RS1556,10.1093/ijpor/edaa008,false,nenhum,0,ok,2026-09-20
Klor2017a,RS1563,10.1111/jpet.12274,false,nenhum,0,ok,2026-09-20
Morton2013a,RS1575,,false,sem_doi,0,ok,2026-09-20
Geers2018,RS1577,10.1057/s41269-018-0089-x,false,nenhum,0,ok,2026-09-20
Gerber2020a,RS1587,10.1257/app.20180574,false,nenhum,0,ok,2026-09-20
Groer2010a,RS1589,10.1111/j.1540-5907.2010.00455.x,false,nenhum,0,ok,2026-09-20
Dahlgaard2015a,RS1591,10.7146/politica.v47i1.131475,false,nenhum,0,ok,2026-09-20
Grillo2024c,RS1596,10.3917/reco.pr2.0188,false,nenhum,0,ok,2026-09-20
Bursztyn2023a,RS1601,10.1093/jeea/jvad038,false,nenhum,0,ok,2026-09-20
Stolwijk2019b,RS1611,10.1177/1465116519837351,false,nenhum,0,ok,2026-09-20
Lammers2022a,RS1621,10.5964/jspp.9241,false,nenhum,0,ok,2026-09-20
Kaplan2019a,RS1622,10.1184/r1/9338318.v1,false,nenhum,0,ok,2026-09-20
Cornejo2023a,RS1625,10.14201/rlop.29606,false,nenhum,0,ok,2026-09-20
Bursztyn2017b,RS1627,10.3386/w23490,false,nenhum,0,ok,2026-09-20
Stolwijk2017a,RS1637,,false,sem_doi,0,ok,2026-09-20
Bursztyn2017c,RS1646,,false,sem_doi,0,ok,2026-09-20
Unkelbach2022a,RS1652,10.1007/s11615-022-00417-3,false,nenhum,0,ok,2026-09-20
Freden2016b,RS1689,10.13140/rg.2.1.3580.3125,false,nenhum,0,ok,2026-09-20
Gerber2017b,RS1694,10.3386/w23071,false,nenhum,0,ok,2026-09-20
Brugarolas2021,RS1705,10.1017/pan.2020.50,false,nenhum,0,ok,2026-09-20
Agranov2012a,RS1799,10.2139/ssrn.2029598,false,nenhum,0,ok,2026-09-20
Fichnova2015a,RS1803,,false,sem_doi,0,ok,2026-09-20
Timotei2013a,RS1876,,false,sem_doi,0,ok,2026-09-20
Alabrese2024a,RS1893,10.2139/ssrn.4803850,false,nenhum,0,ok,2026-09-20
Witsman2016a,RS1901,,false,sem_doi,0,ok,2026-09-20
Alabrese2022a,RS1923,10.2139/ssrn.4265932,false,nenhum,0,ok,2026-09-20
Gerber2017c,RS2240,,false,sem_doi,0,ok,2026-09-20
Boukouras2020a,RS2247,10.2139/ssrn.3644952,false,nenhum,0,ok,2026-09-20
Tal2015a,RS2496,10.65109/dngc7810,false,nenhum,0,ok,2026-09-20
Tyszler2015,RS2996,10.1007/s10683-015-9443-2,false,nenhum,0,ok,2026-09-20
Meffert2012a,RS3527,10.1057/9781137016645_7,false,nenhum,0,ok,2026-09-20
Gandhi2019,RS3658,10.1111/ajps.12441,false,nenhum,0,ok,2026-09-20
Araujo2021,RS3796,10.33774/apsa-2021-5d090-v2,false,nenhum,0,ok,2026-09-20
Urminsky2019,RS3802,10.2139/ssrn.3448172,false,nenhum,0,ok,2026-09-20
Araujo2021a,RS3832,10.1017/s000712342100034x,false,nenhum,0,ok,2026-09-20
Dahlgaard2015b,RS3902,10.7146/politica.v47i1.131474,false,nenhum,0,ok,2026-09-20
Yang2023d,RS3978,10.31219/osf.io/qpyna,false,nenhum,0,ok,2026-09-20
Erlich2023,RS3980,10.31219/osf.io/mwg7u,false,nenhum,0,ok,2026-09-20
Schlegel2023,RS3994,10.1016/j.electstud.2023.102692,false,nenhum,0,ok,2026-09-20
Lago2015,RS4157,10.1093/poq/nfv036,false,nenhum,0,ok,2026-09-20
Tyszler2013,RS4203,10.3390/g4040624,false,nenhum,0,ok,2026-09-20
Feltovich2022,RS4448,10.1111/ajps.12722,false,nenhum,0,ok,2026-09-20
