chave,titulo,veredito,cobertura_titulo,autor_encontrado
Rodriguez2020,¿Quién se expone a los sondeos preelectorales en campaña? Voto estratégico y competencia electoral en España (2011-2019),confere,1.0,False
Belo2013,"Sondeos electorales, su divulgación y el comportamiento electoral de los portugueses",confere,1.0,True
Moura2010,Pesquisa de intenção de voto: o tigre de papel,confere,1.0,True
Menezes2014,"Sondagens, voto e democracia: pesquisas eleitorais nas eleições municipais de Natal/RN - 2012",confere,1.0,True
Benavente2013,Apuntes sobre encuestas electorales,confere,1.0,True
Duenas2020,El efecto de la exposición a los sondeos preelectorales en el comportamiento de los votantes en las elecciones autonómicas en Andalucía de 2018,confere,1.0,True
Valdez2013,"Efectos, errores y regulación de las encuestas preelectorales: una política de transparencia para el caso mexicano",confere,1.0,True
Duenas2025,La influencia de los sondeos preelectorales en votantes indecisos y decididos durante las campañas electorales en España,confere,1.0,True
BejarAlgazi2022,EFECTOS ELECTORALES SOBRE EL PROCESO LEGISLATIVO Y LAS POLÍTICAS PÚBLICAS: LA NUEVA RELACIÓN ENTRE PODERES,confere,1.0,True
Anon2022b,Los estados en 2018. Desafíos de los procesos locales intermedios,confere,1.0,
CazarinMartinez2022,ESCENARIOS CAMBIANTES. ELECCIONES FEDERALES EN TLAXCALA. 2018,confere,1.0,True
HuescaRodriguez2022,LA PARTICIPACIÓN CIUDADANA EN LOS PROCESOS ELECTORALES DE 2018,confere,1.0,True
RamirezGonzalez2022,SONORA 2018: LA IRRUPCIÓN MORENISTA EN UN SISTEMA BIPARTIDISTA,confere,1.0,True
ManuelReynoso2022,LA FORTALEZA Y EL TSUNAMI. LAS ELECCIONES DE 2018 EN PUEBLA,confere,1.0,True
HernandezNorzagaray2022,"SINALOA, LA SEGUNDA Y MEDIA ALTERNANCIA DE 2018",confere,1.0,True
CarreraBarroso2022,DURANGO 2018: LA PRIMERA ELECCIÓN DESPUÉS DE LA ALTERNANCIA,confere,1.0,True
PootCapetillo2022,YUCATÁN 2018: EL AÑO DE LA TERCERA ALTERNANCIA EN EL GOBIERNO DEL ESTADO,confere,1.0,True
CarreraBarroso2022a,"LA COALICIÓN JUNTOS HAREMOS HISTORIA: IDEOLOGÍA, COMUNICACIÓN Y PRAGMATISMO POLÍTICO",confere,1.0,True
Pena2022,EL PAPEL DE LAS ENCUESTAS EN LOS COMICIOS LOCALES DE 2018,confere,1.0,True
RangelJuarez2022,"2018, LA DISPUTA POR LA GUBERNATURA: JALISCO ENTRE DOS MOVIMIENTOS",confere,1.0,True
AlvarezGomez2022,"LOS COMICIOS EN COAHUILA, 2018",confere,1.0,True
CaballeroAlvarez2022,LA EXPERIENCIA ELECTORAL LOCAL: TAMAULIPAS 2018,confere,1.0,True
Black2012,"Valores humanos fundamentais, valores políticos centrais e voto",confere,1.0,True
Duailibe2023,Opinião pública e surveys servem à democracia? : elementos para uma reflexão,confere,1.0,True
Molina2020,Um pouco da matemática por rás da margem de erro,confere,1.0,True
Duailibe2012,Pesquisas de opinião nas eleições presidenciais de 2010 no Brasil : um estudo da cobertura do jornal O Globo,confere,1.0,True
Mantovani2014,Quem agenda a mídia : um estudo de agenda-setting a partir da tematização do aborto nas eleições de 2010,confere,1.0,True
Morton2015a,"Exit polls, turnout, and bandwagon voting: Evidence from a natural experiment",confere,1.0,True
Westwood2020a,Projecting Confidence: How the Probabilistic Horse Race Confuses and Demobilizes the Public,confere,1.0,True
Dahlgaard2017a,How Election Polls Shape Voting Behaviour,confere,1.0,True
Meffert2011,"Polls, coalition signals and strategic voting: An experimental investigation of perceptions and effects",confere,1.0,True
Dahlgaard2016a,How are Voters Influenced by Opinion Polls? The Effect of Polls on Voting Behavior and Party Sympathy,confere,1.0,True
Agranov2017a,What Makes Voters Turn Out: The Effects of Polls and Beliefs,confere,1.0,True
Herrmann2013,"Polls, coalitions and strategic voting under proportional representation",confere,1.0,True
Gasperoni2015a,The impact of exposure to pre-election polls on voting behaviour,confere,1.0,True
Meer2015a,"Off the Fence, Onto the Bandwagon? A Large-Scale Survey Experiment on Effect of Real-Life Poll Outcomes on Subsequent Vote Intentions",confere,1.0,True
Araujo2010,Tactical Voting in Plurality Elections,confere,1.0,True
Fairstein2019a,Modeling People's Voting Behavior with Poll Information,confere,1.0,True
Chatterjee2019a,Voting for the Underdog or Jumping on the Bandwagon? Evidence from India's Exit Poll Ban,confere,1.0,True
Fairstein2018a,Predicting Strategic Voting Behavior with Poll Information,confere,1.0,True
Stolwijk2016a,How Anxiety and Enthusiasm Help Explain the Bandwagon Effect,confere,1.0,True
Farjam2020a,The Bandwagon Effect in an Online Voting Experiment With Real Political Organizations,confere,1.0,True
Klor2017a,On public opinion polls and voters' turnout,confere,1.0,True
Prosser2015a,Do local elections predict the outcome of the next general election? Forecasting British general elections from local election national vote share estimates,confere,1.0,True
Holmes2016a,The Dark Side of Electoralism: Opinion Polls and Voting in the 2016 Philippine Presidential Election,confere,1.0,True
Morton2013a,"Exit Polls, Turnout, and Bandwagon Voting: Evidence from a Natural Experiment",confere,1.0,True
Louwerse2021,Reporting the polls: the quality of media reporting of vote intention polls in the Netherlands,confere,1.0,True
Geers2018,Effects of issue and poll news on electoral volatility: conversion or crystallization?,confere,1.0,True
Gerber2020a,One in a Million: Field Experiments on Perceived Closeness of the Election and Voter Turnout,confere,1.0,True
Groer2010a,"Public Opinion Polls, Voter Turnout, and Welfare: An Experimental Study",confere,1.0,True
Dahlgaard2015a,How do opinion polls affect voters? The effect of opinion polls on the Danes’ voting behavior and sympathy for parties,conferir_a_mao,0.0,True
Grillo2024c,Exit Polls and Voter Turnout in the 2017 French Elections,confere,1.0,True
Bursztyn2023a,Identifying the Effect of Election Closeness on Voter Turnout: Evidence from Swiss Referenda,confere,1.0,True
Hodgson2012a,"Bandwagon effects in British elections, 1885–1910",confere,1.0,False
Stolwijk2019b,More interest in interest: Does poll coverage help or hurt efforts to make more young voters show up at the ballot box?,confere,1.0,True
Lammers2022a,"Disentangling the factors behind shifting voting intentions: The bandwagon effect reflects heuristic processing, while the underdog effect reflects fairness concerns",confere,1.0,True
Kaplan2019a,Experimental Electionomics: How Election Forecasts Influence Voter Turnout,confere,1.0,True
Cornejo2023a,"Do (Perceptions of) Electoral Polling Affect Voters' Behavior? Campaigns, Partisan Bias, and Strategic Voting",confere,1.0,True
Bursztyn2017b,Identifying the Effect of Election Closeness on Voter Turnout: Evidence from Swiss Referenda,confere,1.0,True
Stolwijk2017a,"Who is driving whom: The media, voters and the bandwagon",confere,1.0,True
Garcia2010a,Nationalism and Public Opinion in Contemporary Spain:The Demobilization of the Working Class in Catalonia,confere,1.0,True
Bursztyn2017c,"Polls, the Press, and Political Participation: The Effects of Anticipated Election Closeness on Voter Turnout",confere,1.0,True
Unkelbach2022a,Jumping on the Bandwagon: The Role of Voters’ Social Class in Poll Effects in the Context of the 2021 German Federal Election,confere,1.0,True
Rai2021b,Demystifying the Bandwagon Effect of Election Opinion Polls in India,confere,1.0,True
Canen2020a,Information Accumulation and the Timing of Voting Decisions,confere,1.0,True
Freden2016b,Strategic Voting under Coalition Governments,confere,1.0,True
Gerber2017b,One in a Million: Field Experiments on Perceived Closeness of the Election and Voter Turnout,confere,1.0,True
Brugarolas2021,The Causal Effect of Polls on Turnout Intention: A Local Randomization Regression Discontinuity Approach,confere,1.0,True
Mamaraev2017a,THE INFLUENCE OF THE SOCIAL AND ECONOMIC FACTORON THE ELECTORAL BEHAVIOR OF PEOPLE OF THE REPUBLIC OF DAGESTAN ACCORDING TO THE RESULTS OF THE OPINION POLL,confere,0.92,True
Burnap2015b,140 characters to victory?: Using Twitter to predict the UK 2015 General Election,confere,1.0,True
Brown2018,When are prediction market prices most informative?,confere,1.0,True
Chernov2025b,The Comovement of Voter Preferences: Insights from U.S. Presidential Election Prediction Markets Beyond Polls,confere,1.0,True
Agranov2012a,What Makes Voters Turn Out: The Effects of Polls and Beliefs,confere,1.0,True
Fichnova2015a,ELECTION OPINION POLLS AND THEIR IMPACTS ON VOTING PREFERENCES OF SLOVAK AND POLISH VOTERS,confere,1.0,True
Timotei2013a,HOW MUCH CAN WE TRUST PUBLIC OPINION POLLS?,confere,1.0,True
Alabrese2024a,"Opinion Polls, Turnout and the Demand for Safe Seats",confere,1.0,True
Witsman2016a,The effect of polling data on independent voting behavior,confere,1.0,True
Alabrese2022a,"National Polls, Local Preferences and Voters' Behaviour: Evidence from the UK General Elections",confere,1.0,True
Daigle2010a,Catching the Big Wave: Public Opinion Polls and Bandwagons in US and Canadian Elections,confere,1.0,True
Lengauer2012a,Contest Framing and its Effects on Voter (DE)Mobilisation,confere,1.0,True
Magalhaes2012a,Forecasting Spanish elections,confere,1.0,True
Denter2013b,Do Polls Create Momentum in Political Competition?,confere,1.0,True
Soroceanu2025a,Opinion polls during the elections,confere,1.0,True
Schuck2011a,Who's afraid of conflict? How conflict framing in campaign news coverage mobilized voters in the 2009 European Parliamentary elections,confere,1.0,True
Wall2017,The miracle of the markets: Identifying key campaign events in the Scottish independence referendum using betting odds,confere,1.0,True
Ragozzino2014c,Funhouse Mirrors: Do Polls Reflect Public Opinion or Refract Democracy?,confere,1.0,True
Graefe2015a,Improving forecasts using equally weighted predictors,confere,1.0,True
Ognibene2021a,"Home, Abroad or both? The hybridity of external voting choices in Europe and the influence of public opinion",confere,0.91,True
Cochrane2017a,"If You Can't Beat 'Em, Join 'Em",confere,1.0,True
Gerber2017c,One in a Million: Field Experiments on Perceived Closeness of the Election and Voter Turnout,confere,1.0,True
Boukouras2020a,Can Biased Polls Distort Electoral Results? Evidence From The Lab,confere,1.0,True
Poland2021a,Improving COVID-19 vaccine acceptance: Including insights from human decision-making under conditions of uncertainty and human-centered design,confere,1.0,True
Posavec2015a,Measuring Public. Methodological and Analytical Approaches to Public Opinion Research,conferir_a_mao,0.0,True
Membery2021a,The making of Orpington,confere,1.0,True
Gadde2024a,Predicting US Elections: A Machine Learning Approach,confere,1.0,True
Tal2015a,A Study of Human Behavior in Online Voting,confere,1.0,True
Mavridis2016a,Essays in political economy,confere,1.0,True
Kim2018b,The Impacts of Perceived Effects of Polling News,conferir_a_mao,0.0,True
Kim2025a,An experimental study of prisoners' dilemma and stag hunt games played by teams of players,confere,1.0,True
Russo2018a,Bayesian inference on group differences in multivariate categorical data,confere,1.0,True
Eyebe2025,Risk factors for colonization and infection by multi drug resistant Pseudomonas aeruginosa in Intensive Care Unit: a Systematic Review and Meta-analysis,confere,1.0,True
HashemPesaran2024a,Forecasting 2024 US Presidential Election by States Using County Level Data: Too Close to Call,confere,1.0,True
Verdun2025a,The Netherlands,confere,1.0,True
Reveco2026,Voting When You Already Know the Results: Electoral Information and Strategic Coordination in Peru’s 2026 Presidential Election,confere,1.0,True
Hansen2012a,Late Deciders: Changing Patterns in Which Voters Make Up Their Mind during Campaigns?,confere,1.0,True
Meffert2010,Coalition Signals as Cues for Party and Coalition Preferences,confere,1.0,True
Tyszler2015,Information and strategic voting,confere,1.0,True
Leon2017,"Turnout, political preferences and information: Experimental evidence from Peru",confere,1.0,True
Houser2011,"Turned on or turned out? Campaign advertising, information and voting",confere,1.0,True
Morton2015b,What motivates bandwagon voting behavior: Altruism or a desire to win?,confere,1.0,True
Paola2013,The impact of closeness on electoral participation exploiting the Italian double ballot system,confere,0.89,True
Straeten2010,"Strategic, sincere, and heuristic voting under four election rules: an experimental study",confere,1.0,True
Meer2012,Bounded volatility in the Dutch electoral battlefield: A panel study on the structure of changing vote intentions in the Netherlands during 2006–2010,confere,0.93,True
Meffert2011a,More than wishful thinking: Causes and consequences of voters’ electoral expectations about parties and coalitions,confere,1.0,True
Hillman2010,Expressive behavior in economics and politics,confere,1.0,True
Moreno2016,"Conformity, Information and Truthful Voting",confere,1.0,True
Meffert2012a,"Experimental Triangulation of Coalition Signals: Varying Designs, Converging Results",confere,1.0,True
Moy2012,Attitudinal and Behavioral Consequences of Published Opinion Polls,confere,1.0,True
Gschwend2016,What drives rental votes? How coalitions signals facilitate strategic coalition voting,confere,1.0,True
Dassonneville2017,Electoral volatility in Belgium (2009–2014). Is there a difference between stable and volatile voters?,confere,1.0,True
Dassonneville2014a,"How Partisanship is Strengthened in Election Times: A Longitudinal Analysis using the German Socio-Economic Panel, 1984-2012",confere,1.0,True
Gschwend2017,Weighting Parties and Coalitions: How Coalition Signals Influence Voting Behavior,confere,1.0,True
Verthe2017,Making votes count in parliament or government?,confere,1.0,True
Yosef2017,Haste makes waste,confere,1.0,True
Faravelli2019,Costly voting: a large-scale real effort experiment,confere,1.0,True
Gersbach2017,Assessment Voting in Large Electorates,confere,1.0,True
Velden2017a,"Political ""Frenemies"". Party Strategies, Electoral Competition & Coalition Cooperation",confere,1.0,True
Draca2018,How Polarized are Citizens? Measuring Ideology from the Ground-Up,confere,1.0,True
Moreno2019,Conformity and truthful voting under different voting rules,confere,1.0,True
Scheuerman2019,Heuristics in Multi-Winner Approval Voting,confere,1.0,True
Gandhi2019,Committed or Conditional Democrats? Opposition Dynamics in Electoral Autocracies,confere,1.0,True
Halbach2019,Follow Me: The Impact of Opinion Majorities in Social Networks and the Role of Digital Maturity,confere,1.0,True
Scheuerman2020,Heuristic Strategies in Uncertain Approval Voting Environments,confere,1.0,True
Bahnsen2020,How do coalition signals shape voting behavior? Revealing the mediating role of coalition expectations,confere,1.0,True
Granzier2019,Coordination and Bandwagon Effects: How Past Rankings Shape the Behavior of Voters and Candidates,confere,1.0,True
Scheuerman2021,Modeling Voters in Multi-Winner Approval Voting,confere,1.0,True
Boudreau2010,The Blind Leading the Blind: Who Gets Polling Information and Does it Improve Decisions?,confere,1.0,True
Freden2021,How Polling Trends Influence Compensational Coalition-Voting,confere,1.0,True
Araujo2021,Casting ballots when knowing results,confere,1.0,True
Urminsky2019,High Chances and Close Margins: How Equivalent Forecasts Yield Different Beliefs,confere,1.0,True
Anon2021,"УЯВНЕ, АРХЕТИПИ І СОЦІАЛЬНЕ ПРОГНОЗУВАННЯ: МОЖЛИВОСТІ ТА ОБМЕЖЕННЯ ЗАСТОСУВАННЯ",suspeito,,
Araujo2021a,Casting Ballots When Knowing Results,confere,1.0,True
Dahlgaard2015b,Hvordan påvirkes vælgerne af meningsmålinger? Effekten af meningsmålinger på danskernes stemmeadfærd og sympati for partierne,confere,1.0,True
Misko2022,Szeretlek és/vagy nem is! – A hazai taktikai szavazás formáinak hipotetikus modellalkotása és azok kutatására tett módszertani kísérlet a hagyományos fókuszcsoportok szemszögéből,confere,1.0,True
Stoetzer2022,Learning from Polls During Electoral Campaigns,confere,1.0,True
Leontiou2023,Bandwagons in costly elections: The role of loss aversion,confere,1.0,True
Yang2023d,"Swaying the Public? Impacts of Election Forecast Visualizations on Emotion, Trust, and Intention in the 2022 U.S. Midterms",confere,1.0,True
Erlich2023,Measuring How Information Changes Electoral Uncertainty in a Developing Democracy: Experimental Evidence from the Country of Georgia,confere,1.0,True
Revelli2023,Ties,confere,1.0,True
Schlegel2023,When information is not enough for strategic voting,confere,1.0,True
Gee2024,Pivotal or popular: The effects of social information and feeling pivotal on civic actions,confere,1.0,True
Stoetzer2024,Voters’ Expectations in Constituency Elections without Local Polls,confere,1.0,True
Brownback2024,Inference from biased polls,confere,1.0,True
Magesan2024,Pivotality,confere,1.0,True
Reuben2015,Advocacy and political convergence under preference uncertainty,confere,1.0,True
Lago2015,Regulating Disinformation,confere,1.0,True
Tyszler2013,Strategic Voting in Heterogeneous Electorates: An Experimental Study,confere,1.0,True
Bischoff2012,Social information and bandwagon behavior in voting: An economic experiment,confere,0.86,True
Robalo2014,Understanding political behavior: Essays in experimental political economy,confere,1.0,True
Evrenk2015,Social interactions in voting behavior: distinguishing between strategic voting and the bandwagon effect,confere,1.0,True
Guarnieri2015,Voto estratégico e coordenação eleitoral testando a Lei de Duverger no Brasil,confere,1.0,True
Horowitz2016,"Strategic voting, information, and ethnicity in emerging democracies: Evidence from Kenya",confere,1.0,True
Buechel2019,The swing voter's curse in social networks,confere,1.0,True
Ergin2018,Strategic voting and social welfare rules,confere,1.0,True
Dillenberger2019,On the consensus effect,confere,1.0,True
Ambrus2017,The case for nil votes: Voter behavior under asymmetric information in compulsory and voluntary voting systems,confere,1.0,True
Corbetta2013,Uso delle euristiche nella scelta elettorale: un approccio basato sulla simulazione della decisione di voto,suspeito,0.0,False
Fehrler2024,Beliefs About Others: A Striking Example of Information Neglect,confere,1.0,True
Kawai2013,Inferring Strategic Voting,confere,1.0,True
Kawai2012,Inferring Strategic Voting,confere,1.0,True
Svolik2021,Voting Against Autocracy,confere,1.0,True
Feltovich2022,"Campaign Messages, Polling, and Elections: Theory and Experimental Evidence",confere,1.0,True
Puppe2023,Participation in Voting Over Budget Allocations: A Field Experiment,confere,1.0,True
Meyer2023,Abstention and informedness in nonpartisan elections,confere,1.0,True
Farina2024,Hiding a Flaw? Experimental Evidence on Multi-Dimensional Information Disclosure,confere,1.0,True
Hizen2025,Jumping on the bandwagon and off the Titanic: An experimental study of turnout in two-tier voting,confere,1.0,True
Crisp2011,Electoral contexts that impede voter coordination,confere,1.0,True
Frenkel2012,Competence and ambiguity in electoral competition,confere,1.0,True
Cheng2025,Policy Vagueness and Reputational Concern,confere,1.0,True
