citekey,ficha,variavel,pagina_indicada,status,pagina_encontrada_impressa,offset_pagina,citacao
Agranov2017a,fichamento_Agranov2017a#apoio_ao_lider.md,unidade_randomizacao,13,OK,,0,Each experimental session implemented one of the information
Agranov2017a,fichamento_Agranov2017a#apoio_ao_lider.md,unidade_randomizacao,11,OK,,0,subjects are randomized into a group of nine subjects
Agranov2017a,fichamento_Agranov2017a#apoio_ao_lider.md,resultado_avaliado,39,OK,,0,the probability of that alternative being elected is 74% when
Agranov2017a,fichamento_Agranov2017a#apoio_ao_lider.md,d1_q3_desequilibrio_base,34,OK,,0,it is not the particular experimental realizations of preferences that
Agranov2017a,fichamento_Agranov2017a#apoio_ao_lider.md,d1_q3_desequilibrio_base,33,OK,,0,there were no persistent biases toward the blue or red
Agranov2017a,fichamento_Agranov2017a#apoio_ao_lider.md,d2_q1_participantes_cientes,12,OK,,0,Subjects are perfectly informed of the realized jar in each period
Agranov2017a,fichamento_Agranov2017a#apoio_ao_lider.md,d2_q2_executores_cientes,13,OK,,0,Each experimental session implemented one of the information
Agranov2017a,fichamento_Agranov2017a#apoio_ao_lider.md,d2_q3_desvios_contexto,12,OK,,0,Subjects are perfectly informed of the realized jar in each period
Agranov2017a,fichamento_Agranov2017a#apoio_ao_lider.md,d2_q3_desvios_contexto,13,OK,,0,These costs were common and known to all subjects
Agranov2017a,fichamento_Agranov2017a#apoio_ao_lider.md,d2_q6_analise_apropriada,13,OK,,0,report results aggregated across all sessions
Agranov2017a,fichamento_Agranov2017a#apoio_ao_lider.md,d3_q1_dados_completos,6,OK,,0,22 groups of 9 subjects each participated in a total of 440
Agranov2017a,fichamento_Agranov2017a#apoio_ao_lider.md,d3_q1_dados_completos,13,OK,,0,"Overall, 198 subjects participated"
Agranov2017a,fichamento_Agranov2017a#apoio_ao_lider.md,d4_q1_metodo_inadequado,13,OK,,0,the alternative receiving the majority of votes is selected
Agranov2017a,fichamento_Agranov2017a#apoio_ao_lider.md,d4_q2_medida_diferiu,13,OK,,0,the alternative receiving the majority of votes is selected
Agranov2017a,fichamento_Agranov2017a#apoio_ao_lider.md,d4_q2_medida_diferiu,12,OK,,0,"At the start of each of 20 periods, one of the jars"
Agranov2017a,fichamento_Agranov2017a#apoio_ao_lider.md,d4_q3_avaliadores_cientes,12,OK,,0,Subjects are perfectly informed of the realized jar in each period
Agranov2017a,fichamento_Agranov2017a#apoio_ao_lider.md,d4_q4_avaliacao_influenciavel,13,OK,,0,the alternative receiving the majority of votes is selected
Agranov2017a,fichamento_Agranov2017a#apoio_ao_lider.md,d5_q2_selecao_medidas,34,OK,,0,As the top panel of Table 5 suggests
Agranov2017a,fichamento_Agranov2017a#apoio_ao_lider.md,d5_q2_selecao_medidas,39,OK,,0,the probability of that alternative being elected is 74% when
Agranov2017a,fichamento_Agranov2017a#apoio_ao_lider.md,d5_q3_selecao_analises,13,OK,,0,report results aggregated across all sessions
Agranov2017a,fichamento_Agranov2017a#mobilizacao.md,unidade_randomizacao,13,OK,,0,Each experimental session implemented one of the information
Agranov2017a,fichamento_Agranov2017a#mobilizacao.md,unidade_randomizacao,11,OK,,0,subjects are randomized into a group of nine subjects
Agranov2017a,fichamento_Agranov2017a#mobilizacao.md,resultado_avaliado,21,OK,,0,Table 3: Observed Participation Propensities
Agranov2017a,fichamento_Agranov2017a#mobilizacao.md,d1_q3_desequilibrio_base,34,OK,,0,it is not the particular experimental realizations of preferences that
Agranov2017a,fichamento_Agranov2017a#mobilizacao.md,d1_q3_desequilibrio_base,33,OK,,0,there were no persistent biases toward the blue or red
Agranov2017a,fichamento_Agranov2017a#mobilizacao.md,d2_q1_participantes_cientes,12,OK,,0,Subjects are perfectly informed of the realized jar in each period
Agranov2017a,fichamento_Agranov2017a#mobilizacao.md,d2_q2_executores_cientes,13,OK,,0,Each experimental session implemented one of the information
Agranov2017a,fichamento_Agranov2017a#mobilizacao.md,d2_q3_desvios_contexto,12,OK,,0,Subjects are perfectly informed of the realized jar in each period
Agranov2017a,fichamento_Agranov2017a#mobilizacao.md,d2_q3_desvios_contexto,13,OK,,0,These costs were common and known to all subjects
Agranov2017a,fichamento_Agranov2017a#mobilizacao.md,d2_q6_analise_apropriada,13,OK,,0,report results aggregated across all sessions
Agranov2017a,fichamento_Agranov2017a#mobilizacao.md,d3_q1_dados_completos,6,OK,,0,22 groups of 9 subjects each participated in a total of 440
Agranov2017a,fichamento_Agranov2017a#mobilizacao.md,d3_q1_dados_completos,13,OK,,0,"Overall, 198 subjects participated"
Agranov2017a,fichamento_Agranov2017a#mobilizacao.md,d4_q1_metodo_inadequado,13,OK,,0,Voting (for either red or blue) entails a cost of either 25
Agranov2017a,fichamento_Agranov2017a#mobilizacao.md,d4_q2_medida_diferiu,13,OK,,0,Voting (for either red or blue) entails a cost of either 25
Agranov2017a,fichamento_Agranov2017a#mobilizacao.md,d4_q2_medida_diferiu,13,OK,,0,These costs were common and known to all subjects
Agranov2017a,fichamento_Agranov2017a#mobilizacao.md,d4_q3_avaliadores_cientes,12,OK,,0,Subjects are perfectly informed of the realized jar in each period
Agranov2017a,fichamento_Agranov2017a#mobilizacao.md,d4_q4_avaliacao_influenciavel,13,OK,,0,Voting (for either red or blue) entails a cost of either 25
Agranov2017a,fichamento_Agranov2017a#mobilizacao.md,d5_q2_selecao_medidas,21,OK,,0,Table 3: Observed Participation Propensities
Agranov2017a,fichamento_Agranov2017a#mobilizacao.md,d5_q3_selecao_analises,13,OK,,0,report results aggregated across all sessions
Boukouras2020a,fichamento_Boukouras2020a#apoio_ao_lider.md,unidade_randomizacao,17,OK,,0,the 15 participants in each control session voted every period
Boukouras2020a,fichamento_Boukouras2020a#apoio_ao_lider.md,unidade_randomizacao,32,OK,,0,All participants will observe the fraction of votes that each
Boukouras2020a,fichamento_Boukouras2020a#apoio_ao_lider.md,resultado_avaliado,50,OK,,0,Number of elections won for each party in each treatment
Boukouras2020a,fichamento_Boukouras2020a#apoio_ao_lider.md,d1b_q1_identificados_antes,16,OK,,0,"one control and one treatment session, with participants being randomly"
Boukouras2020a,fichamento_Boukouras2020a#apoio_ao_lider.md,d1b_q1_identificados_antes,16,OK,,0,and recruited subjects via ORSEE
Boukouras2020a,fichamento_Boukouras2020a#apoio_ao_lider.md,d1b_q3_desequilibrio_participantes,23,OK,,0,since the treatment is different from the control
Boukouras2020a,fichamento_Boukouras2020a#apoio_ao_lider.md,d1b_q3_desequilibrio_participantes,23,OK,,0,only when voters observe poll results
Boukouras2020a,fichamento_Boukouras2020a#apoio_ao_lider.md,d1_q1_sequencia_aleatoria,16,OK,,0,"by containing one control and one treatment session, with participants being randomly"
Boukouras2020a,fichamento_Boukouras2020a#apoio_ao_lider.md,d1_q2_ocultacao,15,OK,,0,taking place at the same time in the lab
Boukouras2020a,fichamento_Boukouras2020a#apoio_ao_lider.md,d1_q3_desequilibrio_base,13,OK,,0,the same random draws for every session and for all experiments
Boukouras2020a,fichamento_Boukouras2020a#apoio_ao_lider.md,d1_q3_desequilibrio_base,23,OK,,0,since the treatment is different from the control
Boukouras2020a,fichamento_Boukouras2020a#apoio_ao_lider.md,d2_q1_participantes_cientes,30,OK,,0,the instructions differ across conditions only in the section Information about Poll
Boukouras2020a,fichamento_Boukouras2020a#apoio_ao_lider.md,d2_q1_participantes_cientes,32,OK,,0,Two biased polls are revealed. Subjects are a priori
Boukouras2020a,fichamento_Boukouras2020a#apoio_ao_lider.md,d2_q2_executores_cientes,15,OK,,0,taking place at the same time in the lab
Boukouras2020a,fichamento_Boukouras2020a#apoio_ao_lider.md,d2_q2_executores_cientes,16,OK,,0,We programmed the experiments using O-tree
Boukouras2020a,fichamento_Boukouras2020a#apoio_ao_lider.md,d2_q3_desvios_contexto,15,OK,,0,The only stage (out of those displayed in Figure III) that differs
Boukouras2020a,fichamento_Boukouras2020a#apoio_ao_lider.md,d2_q3_desvios_contexto,16,OK,,0,"In each session, subjects read instructions from their computer"
Boukouras2020a,fichamento_Boukouras2020a#apoio_ao_lider.md,d2_q6_analise_apropriada,16,OK,,0,Table VI illustrates the number of rounds won by each of
Boukouras2020a,fichamento_Boukouras2020a#apoio_ao_lider.md,d2_q6_analise_apropriada,15,OK,,0,"Experiment E3 had 135 participants, with four control"
Boukouras2020a,fichamento_Boukouras2020a#apoio_ao_lider.md,d3_q1_dados_completos,16,OK,,0,"subjects participated in 18 rounds of play, including three practice rounds"
Boukouras2020a,fichamento_Boukouras2020a#apoio_ao_lider.md,d3_q1_dados_completos,22,OK,,0,"in the control condition, out of 60 elections"
Boukouras2020a,fichamento_Boukouras2020a#apoio_ao_lider.md,d3_q1_dados_completos,22,OK,,0,"In the treatment condition, out of 75"
Boukouras2020a,fichamento_Boukouras2020a#apoio_ao_lider.md,d4_q1_metodo_inadequado,33,OK,,0,winner of the election is determined by simple majority
Boukouras2020a,fichamento_Boukouras2020a#apoio_ao_lider.md,d4_q2_medida_diferiu,15,OK,,0,The only stage (out of those displayed in Figure III) that differs
Boukouras2020a,fichamento_Boukouras2020a#apoio_ao_lider.md,d4_q3_avaliadores_cientes,16,OK,,0,"In each session, subjects read instructions from their computer"
Boukouras2020a,fichamento_Boukouras2020a#apoio_ao_lider.md,d4_q3_avaliadores_cientes,32,OK,,0,Two biased polls are revealed. Subjects are a priori
Boukouras2020a,fichamento_Boukouras2020a#apoio_ao_lider.md,d4_q4_avaliacao_influenciavel,8,OK,,0,decision-making is incentivised with real money
Boukouras2020a,fichamento_Boukouras2020a#apoio_ao_lider.md,d4_q4_avaliacao_influenciavel,33,OK,,0,winner of the election is determined by simple majority
Boukouras2020a,fichamento_Boukouras2020a#apoio_ao_lider.md,d5_q2_selecao_medidas,16,OK,,0,an overall summary of the primary treatment effect across the three
Boukouras2020a,fichamento_Boukouras2020a#apoio_ao_lider.md,d5_q2_selecao_medidas,5,OK,,0,number of rounds that candidate K was elected and in terms
Boukouras2020a,fichamento_Boukouras2020a#apoio_ao_lider.md,d5_q3_selecao_analises,50,OK,,0,The alternative is that the number of rounds won in the treatment
Boukouras2020a,fichamento_Boukouras2020a#apoio_ao_lider.md,d5_q3_selecao_analises,16,OK,,0,but not so in E2 and E3
Cornejo2023a,fichamento_Cornejo2023a#apoio_ao_lider.md,unidade_randomizacao,18,OK,,0,The sample was divided into two randomly-assigned groups that
Cornejo2023a,fichamento_Cornejo2023a#apoio_ao_lider.md,resultado_avaliado,34,OK,,0,Table A6. Logistic Regression Model
Cornejo2023a,fichamento_Cornejo2023a#apoio_ao_lider.md,resultado_avaliado,34,OK,,0,Aggregate Effect
Cornejo2023a,fichamento_Cornejo2023a#apoio_ao_lider.md,d1_q1_sequencia_aleatoria,18,OK,,0,The sample was divided into two randomly-assigned groups
Cornejo2023a,fichamento_Cornejo2023a#apoio_ao_lider.md,d1_q2_ocultacao,18,OK,,0,The survey randomly assigned a question asking if the respondent
Cornejo2023a,fichamento_Cornejo2023a#apoio_ao_lider.md,d1_q3_desequilibrio_base,18,OK,,0,The treatment appears balanced across observed covariates
Cornejo2023a,fichamento_Cornejo2023a#apoio_ao_lider.md,d2_q1_participantes_cientes,18,OK,,0,the respondent was aware of the results of a recently released poll
Cornejo2023a,fichamento_Cornejo2023a#apoio_ao_lider.md,d2_q2_executores_cientes,18,OK,,0,The polling firm BGC Beltrán y Asocs. conducted a telephone survey
Cornejo2023a,fichamento_Cornejo2023a#apoio_ao_lider.md,d2_q3_desvios_contexto,18,OK,,0,the experiment simply provided polling information without any interpretation
Cornejo2023a,fichamento_Cornejo2023a#apoio_ao_lider.md,d2_q6_analise_apropriada,18,OK,,0,Randomization guarantees that the treatment and control groups in the
Cornejo2023a,fichamento_Cornejo2023a#apoio_ao_lider.md,d2_q6_analise_apropriada,20,OK,,0,the analysis focuses on the portion of the sample in which
Cornejo2023a,fichamento_Cornejo2023a#apoio_ao_lider.md,d3_q1_dados_completos,19,OK,,0,(1=support for anti-PRI leading candidate; 0=otherwise)
Cornejo2023a,fichamento_Cornejo2023a#apoio_ao_lider.md,d3_q1_dados_completos,33,OK,,0,Nuevo León (N=290)
Cornejo2023a,fichamento_Cornejo2023a#apoio_ao_lider.md,d3_q1_dados_completos,33,OK,,0,Michoacán (N=255)
Cornejo2023a,fichamento_Cornejo2023a#apoio_ao_lider.md,d4_q1_metodo_inadequado,19,OK,,0,which candidate would you vote for?
Cornejo2023a,fichamento_Cornejo2023a#apoio_ao_lider.md,d4_q2_medida_diferiu,19,OK,,0,"Subsequently, both treatment and control groups were asked a question"
Cornejo2023a,fichamento_Cornejo2023a#apoio_ao_lider.md,d4_q3_avaliadores_cientes,19,OK,,0,"Did you know that an electoral poll, recently released by a"
Cornejo2023a,fichamento_Cornejo2023a#apoio_ao_lider.md,d4_q4_avaliacao_influenciavel,19,OK,,0,"Subsequently, both treatment and control groups were asked a question"
Cornejo2023a,fichamento_Cornejo2023a#apoio_ao_lider.md,d4_q5_avaliacao_provavelmente_influenciada,18,OK,,0,the vignette did not include any message inviting third-party supporters to defect
Cornejo2023a,fichamento_Cornejo2023a#apoio_ao_lider.md,d5_q2_selecao_medidas,19,OK,,0,which constitutes the dependent variable in the
Dahlgaard2016a,fichamento_Dahlgaard2016a#apoio_ao_lider.md,unidade_randomizacao,6,OK,,0,The respondents were randomly split into five groups.
Dahlgaard2016a,fichamento_Dahlgaard2016a#apoio_ao_lider.md,resultado_avaliado,10,OK,,0,Figure 3: Effect of Opinion Polls on Voting Intentions.
Dahlgaard2016a,fichamento_Dahlgaard2016a#apoio_ao_lider.md,resultado_avaliado,10,OK,,0,The group which read the gain article had a 3.4 percentage point
Dahlgaard2016a,fichamento_Dahlgaard2016a#apoio_ao_lider.md,d1_q1_sequencia_aleatoria,6,OK,,0,The respondents were randomly split into five groups.
Dahlgaard2016a,fichamento_Dahlgaard2016a#apoio_ao_lider.md,d1_q2_ocultacao,6,OK,,0,The survey experiment was conducted as an online survey
Dahlgaard2016a,fichamento_Dahlgaard2016a#apoio_ao_lider.md,d1_q3_desequilibrio_base,9,OK,,0,"check, which showed that there was no sign of imbalance"
Dahlgaard2016a,fichamento_Dahlgaard2016a#apoio_ao_lider.md,d2_q1_participantes_cientes,10,OK,,0,who saw an article including a poll that described an advancing party
Dahlgaard2016a,fichamento_Dahlgaard2016a#apoio_ao_lider.md,d2_q2_executores_cientes,6,OK,,0,The survey experiment was conducted as an online survey
Dahlgaard2016a,fichamento_Dahlgaard2016a#apoio_ao_lider.md,d2_q3_desvios_contexto,8,OK,,0,To make sure that the respondents read the article
Dahlgaard2016a,fichamento_Dahlgaard2016a#apoio_ao_lider.md,d2_q6_analise_apropriada,9,OK,,0,The analysis consists of simple comparisons between the experimental groups
Dahlgaard2016a,fichamento_Dahlgaard2016a#apoio_ao_lider.md,d3_q1_dados_completos,6,OK,,0,only include answers from those who completed the entire questionnaire
Dahlgaard2016a,fichamento_Dahlgaard2016a#apoio_ao_lider.md,d3_q1_dados_completos,10,OK,,0,30 respondents in each group did not want to answer the questions
Dahlgaard2016a,fichamento_Dahlgaard2016a#apoio_ao_lider.md,d3_q2_evidencia_sem_vies,6,OK,,0,This does not substantially change the effect sizes or statistical
Dahlgaard2016a,fichamento_Dahlgaard2016a#apoio_ao_lider.md,d3_q3_faltante_pode_depender,10,OK,,0,30 respondents in each group did not want to answer the questions
Dahlgaard2016a,fichamento_Dahlgaard2016a#apoio_ao_lider.md,d3_q4_faltante_provavelmente_depende,6,OK,,0,There were no differences in drop-out rates across the different experimental groups.
Dahlgaard2016a,fichamento_Dahlgaard2016a#apoio_ao_lider.md,d4_q1_metodo_inadequado,10,OK,,0,"If a parliamentary election was held tomorrow, which party would you"
Dahlgaard2016a,fichamento_Dahlgaard2016a#apoio_ao_lider.md,d4_q2_medida_diferiu,6,OK,,0,all of the respondents answered a few identical
Dahlgaard2016a,fichamento_Dahlgaard2016a#apoio_ao_lider.md,d4_q3_avaliadores_cientes,10,OK,,0,who saw an article including a poll that described an advancing party
Dahlgaard2016a,fichamento_Dahlgaard2016a#apoio_ao_lider.md,d4_q4_avaliacao_influenciavel,8,OK,,0,"After having read the articles, the respondents were asked different"
Dahlgaard2016a,fichamento_Dahlgaard2016a#apoio_ao_lider.md,d4_q5_avaliacao_provavelmente_influenciada,7,OK,,0,The articles were set up as real newspaper stories
Dahlgaard2016a,fichamento_Dahlgaard2016a#apoio_ao_lider.md,d4_q5_avaliacao_provavelmente_influenciada,9,OK,,0,the respondents were informed that the polls and the articles had been
Dahlgaard2016a,fichamento_Dahlgaard2016a#apoio_ao_lider.md,d5_q2_selecao_medidas,9,OK,,0,answers to three questions concerning the popularity of the party
Dahlgaard2016a,fichamento_Dahlgaard2016a#apoio_ao_lider.md,d5_q3_selecao_analises,9,OK,,0,The analysis consists of simple comparisons between the experimental groups
Erlich2023,fichamento_Erlich2023#mobilizacao.md,unidade_randomizacao,15,OK,,0,continuous blocking (Moore 2012) to allocate respondents to either the placebo
Erlich2023,fichamento_Erlich2023#mobilizacao.md,resultado_avaliado,56,OK,,0,Outcome of MIPO|X analysis
Erlich2023,fichamento_Erlich2023#mobilizacao.md,resultado_avaliado,56,OK,,0,vote is a binary variable and logistic regression is used
Erlich2023,fichamento_Erlich2023#mobilizacao.md,d1_q1_sequencia_aleatoria,3,OK,,0,I randomize which of the subjects will be exposed
Erlich2023,fichamento_Erlich2023#mobilizacao.md,d1_q1_sequencia_aleatoria,15,OK,,0,continuous blocking (Moore 2012) to allocate respondents to either the placebo
Erlich2023,fichamento_Erlich2023#mobilizacao.md,d1_q2_ocultacao,15,OK,,0,"From the data on this recruitment questionnaire, I used multivariate"
Erlich2023,fichamento_Erlich2023#mobilizacao.md,d1_q3_desequilibrio_base,18,OK,,0,"yielded balance across all variables, with the exception of gender"
Erlich2023,fichamento_Erlich2023#mobilizacao.md,d1_q3_desequilibrio_base,48,OK,,0,p = 0.0034
Erlich2023,fichamento_Erlich2023#mobilizacao.md,d2_q1_participantes_cientes,16,OK,,0,This story served to mask the fact for the treatment groups
Erlich2023,fichamento_Erlich2023#mobilizacao.md,d2_q1_participantes_cientes,18,OK,,0,and debriefed them about the experiment
Erlich2023,fichamento_Erlich2023#mobilizacao.md,d2_q3_desvios_contexto,67,OK,,0,listen to the story only once carefully
Erlich2023,fichamento_Erlich2023#mobilizacao.md,d2_q6_analise_apropriada,25,OK,,0,the models do show relatively lower turnout in both treatment groups
Erlich2023,fichamento_Erlich2023#mobilizacao.md,d3_q1_dados_completos,55,OK,,0,"of the 19 subjects who attrited, or"
Erlich2023,fichamento_Erlich2023#mobilizacao.md,d3_q1_dados_completos,55,OK,,0,none came from the American Treatment Group
Erlich2023,fichamento_Erlich2023#mobilizacao.md,d3_q2_evidencia_sem_vies,55,OK,,0,I cannot rule out that this attrition is not independent
Erlich2023,fichamento_Erlich2023#mobilizacao.md,d3_q3_faltante_pode_depender,25,OK,,0,could be related to potential outcomes
Erlich2023,fichamento_Erlich2023#mobilizacao.md,d3_q4_faltante_provavelmente_depende,55,OK,,0,none came from the American Treatment Group
Erlich2023,fichamento_Erlich2023#mobilizacao.md,d3_q4_faltante_provavelmente_depende,55,OK,,0,it is unclear why priming an American polling firm
Erlich2023,fichamento_Erlich2023#mobilizacao.md,d4_q1_metodo_inadequado,18,OK,,0,"In this survey, I asked respondents about their voting"
Erlich2023,fichamento_Erlich2023#mobilizacao.md,d4_q2_medida_diferiu,18,OK,,0,recontacted subjects via a post-election phone survey
Erlich2023,fichamento_Erlich2023#mobilizacao.md,d4_q3_avaliadores_cientes,16,OK,,0,This story served to mask the fact for the treatment groups
Erlich2023,fichamento_Erlich2023#mobilizacao.md,d5_q2_selecao_medidas,56,OK,,0,vote is a binary variable and logistic regression is used
Erlich2023,fichamento_Erlich2023#mobilizacao.md,d5_q3_selecao_analises,25,OK,,0,the same ATE is present as when I do not attempt
Farjam2020a,fichamento_Farjam2020a#apoio_ao_lider.md,unidade_randomizacao,3,OK,,0,"assigned to groups of approximately 190 participants, with each group"
Farjam2020a,fichamento_Farjam2020a#apoio_ao_lider.md,resultado_avaliado,6,OK,,0,Bayesian Estimates for Mixed-Effect Models Predicting Votes for the Most Popular
Farjam2020a,fichamento_Farjam2020a#apoio_ao_lider.md,d1_q1_sequencia_aleatoria,3,OK,,0,"assigned to groups of approximately 190 participants, with each group"
Farjam2020a,fichamento_Farjam2020a#apoio_ao_lider.md,d1_q2_ocultacao,3,OK,,0,the experiment was programed using oTree
Farjam2020a,fichamento_Farjam2020a#apoio_ao_lider.md,d2_q1_participantes_cientes,3,OK,,0,"For treatments that included the poll, participants were informed that"
Farjam2020a,fichamento_Farjam2020a#apoio_ao_lider.md,d2_q2_executores_cientes,3,OK,,0,the experiment was programed using oTree
Farjam2020a,fichamento_Farjam2020a#apoio_ao_lider.md,d2_q3_desvios_contexto,3,OK,,0,"Participants were compensated with 2$, and the average duration of the"
Farjam2020a,fichamento_Farjam2020a#apoio_ao_lider.md,d2_q6_analise_apropriada,5,OK,,0,groups that saw the poll results and those that did not.
Farjam2020a,fichamento_Farjam2020a#apoio_ao_lider.md,d3_q1_dados_completos,3,OK,,0,"All 1,113 participants in this study were recruited via Amazon Mechanical Turk"
Farjam2020a,fichamento_Farjam2020a#apoio_ao_lider.md,d3_q1_dados_completos,3,OK,,0,and not receiving any reward (which only two participants did).
Farjam2020a,fichamento_Farjam2020a#apoio_ao_lider.md,d4_q1_metodo_inadequado,3,OK,,0,"based on votes within the group, $200 was distributed among the"
Farjam2020a,fichamento_Farjam2020a#apoio_ao_lider.md,d4_q2_medida_diferiu,5,OK,,0,"Voting for the minority option was coded as 0, voting for the"
Farjam2020a,fichamento_Farjam2020a#apoio_ao_lider.md,d4_q3_avaliadores_cientes,3,OK,,0,"For treatments that included the poll, participants were informed that"
Farjam2020a,fichamento_Farjam2020a#apoio_ao_lider.md,d4_q4_avaliacao_influenciavel,4,OK,,0,we ensured and emphasized the anonymity of participants at all stages of
Farjam2020a,fichamento_Farjam2020a#apoio_ao_lider.md,d5_q2_selecao_medidas,5,OK,,0,"As the bandwagon effect describes popular opinions becoming more popular, we"
Farjam2020a,fichamento_Farjam2020a#apoio_ao_lider.md,d5_q3_selecao_analises,5,OK,,0,The models only differ in that model 1 does
Fichnova2015a,fichamento_Fichnova2015a#apoio_ao_lider.md,unidade_randomizacao,5,OK,,0,the respondents were put into groups randomly
Fichnova2015a,fichamento_Fichnova2015a#apoio_ao_lider.md,resultado_avaliado,8,OK,,0,R = 0.909 (α 0.05)
Fichnova2015a,fichamento_Fichnova2015a#apoio_ao_lider.md,resultado_avaliado,8,OK,,0,R = 0.973 (α 0.05)
Fichnova2015a,fichamento_Fichnova2015a#apoio_ao_lider.md,d1_q1_sequencia_aleatoria,5,OK,,0,the respondents were put into groups randomly
Fichnova2015a,fichamento_Fichnova2015a#apoio_ao_lider.md,d2_q1_participantes_cientes,5,OK,,0,The experimental group received written and graphical information
Fichnova2015a,fichamento_Fichnova2015a#apoio_ao_lider.md,d2_q3_desvios_contexto,6,OK,,0,The respondents were divided into four groups (A-D)
Fichnova2015a,fichamento_Fichnova2015a#apoio_ao_lider.md,d2_q6_analise_apropriada,6,OK,,0,"consisted of 79 respondents, including 37 Slovak"
Fichnova2015a,fichamento_Fichnova2015a#apoio_ao_lider.md,d3_q1_dados_completos,6,OK,,0,"consisted of 79 respondents, including 37 Slovak"
Fichnova2015a,fichamento_Fichnova2015a#apoio_ao_lider.md,d3_q1_dados_completos,6,OK,,0,questionnaire identifying which candidates the respondents would elect
Fichnova2015a,fichamento_Fichnova2015a#apoio_ao_lider.md,d4_q1_metodo_inadequado,6,OK,,0,respondent's task was to order the candidates based on his/her preference
Fichnova2015a,fichamento_Fichnova2015a#apoio_ao_lider.md,d4_q2_medida_diferiu,6,OK,,0,The research tool was an unstandardised questionnaire
Fichnova2015a,fichamento_Fichnova2015a#apoio_ao_lider.md,d4_q3_avaliadores_cientes,5,OK,,0,The experimental group received written and graphical information
Fichnova2015a,fichamento_Fichnova2015a#apoio_ao_lider.md,d4_q4_avaliacao_influenciavel,6,OK,,0,respondent's task was to order the candidates based on his/her preference
Fichnova2015a,fichamento_Fichnova2015a#apoio_ao_lider.md,d4_q5_avaliacao_provavelmente_influenciada,6,OK,,0,voted almost without an exception in accord with the presented poll
Fichnova2015a,fichamento_Fichnova2015a#apoio_ao_lider.md,d5_q3_selecao_analises,8,OK,,0,R = 0.683 (n.s.)
Fichnova2015a,fichamento_Fichnova2015a#apoio_ao_lider.md,d5_q3_selecao_analises,8,OK,,0,R = 0.783 (n.s.)
Freden2024a,fichamento_Freden2024a#apoio_ao_lider.md,unidade_randomizacao,4,OK,,0,"After this, the participants were randomized into nine"
Freden2024a,fichamento_Freden2024a#apoio_ao_lider.md,resultado_avaliado,6,OK,,0,for Each of the Nine Different States
Freden2024a,fichamento_Freden2024a#apoio_ao_lider.md,resultado_avaliado,6,OK,,0,"Yet, none of the differences is"
Freden2024a,fichamento_Freden2024a#apoio_ao_lider.md,d1_q1_sequencia_aleatoria,4,OK,,0,"After this, the participants were randomized into nine"
Freden2024a,fichamento_Freden2024a#apoio_ao_lider.md,d1_q2_ocultacao,4,OK,,0,Each group received a separate edition of a
Freden2024a,fichamento_Freden2024a#apoio_ao_lider.md,d1_q2_ocultacao,4,OK,,0,"Their choice of device (computer, mobile, or tablet) was"
Freden2024a,fichamento_Freden2024a#apoio_ao_lider.md,d1_q3_desequilibrio_base,4,OK,,0,The randomization check revealed no significant differences between
Freden2024a,fichamento_Freden2024a#apoio_ao_lider.md,d2_q1_participantes_cientes,5,OK,,0,"After being exposed to the opinion poll, respondents were"
Freden2024a,fichamento_Freden2024a#apoio_ao_lider.md,d2_q1_participantes_cientes,5,OK,,0,"In the study you participated in, you were exposed to a"
Freden2024a,fichamento_Freden2024a#apoio_ao_lider.md,d2_q2_executores_cientes,4,OK,,0,"Their choice of device (computer, mobile, or tablet) was"
Freden2024a,fichamento_Freden2024a#apoio_ao_lider.md,d2_q2_executores_cientes,4,OK,,0,Each group received a separate edition of a
Freden2024a,fichamento_Freden2024a#apoio_ao_lider.md,d2_q3_desvios_contexto,5,OK,,0,"After being exposed to the opinion poll, respondents were"
Freden2024a,fichamento_Freden2024a#apoio_ao_lider.md,d2_q3_desvios_contexto,5,OK,,0,asked which party they would vote for in the elections given
Freden2024a,fichamento_Freden2024a#apoio_ao_lider.md,d2_q6_analise_apropriada,5,OK,,0,"In Table 1, we use row-wise percentages for each of"
Freden2024a,fichamento_Freden2024a#apoio_ao_lider.md,d2_q6_analise_apropriada,5,OK,,0,"For the remainder of our article, we draw upon this group."
Freden2024a,fichamento_Freden2024a#apoio_ao_lider.md,d3_q2_evidencia_sem_vies,5,OK,,0,"From those, 3,259 respondents completed the questionnaire."
Freden2024a,fichamento_Freden2024a#apoio_ao_lider.md,d3_q2_evidencia_sem_vies,5,OK,,0,"For the remainder of our article, we draw upon this group."
Freden2024a,fichamento_Freden2024a#apoio_ao_lider.md,d3_q3_faltante_pode_depender,5,OK,,0,of which 471 only took part in the first wave
Freden2024a,fichamento_Freden2024a#apoio_ao_lider.md,d3_q4_faltante_provavelmente_depende,5,OK,,0,of which 471 only took part in the first wave
Freden2024a,fichamento_Freden2024a#apoio_ao_lider.md,d3_q4_faltante_provavelmente_depende,5,OK,,0,"From those, 3,259 respondents completed the questionnaire."
Freden2024a,fichamento_Freden2024a#apoio_ao_lider.md,d4_q1_metodo_inadequado,5,OK,,0,asked which party they would vote for in the elections given
Freden2024a,fichamento_Freden2024a#apoio_ao_lider.md,d4_q2_medida_diferiu,4,OK,,0,"shown for each party was similar, except for L, KD,"
Freden2024a,fichamento_Freden2024a#apoio_ao_lider.md,d4_q2_medida_diferiu,6,OK,,0,for Each of the Nine Different States
Freden2024a,fichamento_Freden2024a#apoio_ao_lider.md,d4_q3_avaliadores_cientes,5,OK,,0,"After being exposed to the opinion poll, respondents were"
Freden2024a,fichamento_Freden2024a#apoio_ao_lider.md,d4_q3_avaliadores_cientes,6,OK,,0,"Given This State of Opinion, Which"
Freden2024a,fichamento_Freden2024a#apoio_ao_lider.md,d4_q4_avaliacao_influenciavel,5,OK,,0,asked which party they would vote for in the elections given
Freden2024a,fichamento_Freden2024a#apoio_ao_lider.md,d4_q5_avaliacao_provavelmente_influenciada,5,OK,,0,"In the study you participated in, you were exposed to a"
Freden2024a,fichamento_Freden2024a#apoio_ao_lider.md,d5_q2_selecao_medidas,5,OK,,0,"In Table 1, we use row-wise percentages for each of"
Freden2024a,fichamento_Freden2024a#apoio_ao_lider.md,d5_q2_selecao_medidas,6,OK,,0,for Each of the Nine Different States
Freden2024a,fichamento_Freden2024a#apoio_ao_lider.md,d5_q3_selecao_analises,6,OK,,0,"Yet, none of the differences is"
Gandhi2019,fichamento_Gandhi2019#apoio_ao_lider.md,unidade_randomizacao,7,OK,,0,Respondents were randomly assigned to one of the three groups
Gandhi2019,fichamento_Gandhi2019#apoio_ao_lider.md,resultado_avaliado,10,OK,,0,Difference-in-Difference Estimation of Coalition Support for Supporters of BERSATU
Gandhi2019,fichamento_Gandhi2019#apoio_ao_lider.md,resultado_avaliado,11,OK,,0,Difference-in-Difference Estimation of Coalition Support for Supporters of DAP versus
Gandhi2019,fichamento_Gandhi2019#apoio_ao_lider.md,d1_q1_sequencia_aleatoria,7,OK,,0,via a random number generator
Gandhi2019,fichamento_Gandhi2019#apoio_ao_lider.md,d1_q2_ocultacao,7,OK,,0,via a random number generator
Gandhi2019,fichamento_Gandhi2019#apoio_ao_lider.md,d1_q2_ocultacao,7,OK,,0,We randomly assign our sample into one of three
Gandhi2019,fichamento_Gandhi2019#apoio_ao_lider.md,d1_q3_desequilibrio_base,8,OK,,0,There is substantial balance in pretreatment
Gandhi2019,fichamento_Gandhi2019#apoio_ao_lider.md,d1_q3_desequilibrio_base,8,OK,,0,similar balance (see SI Tables A.4 and A.5).
Gandhi2019,fichamento_Gandhi2019#apoio_ao_lider.md,d2_q1_participantes_cientes,7,OK,,0,treatment group receives an additional two sentences as
Gandhi2019,fichamento_Gandhi2019#apoio_ao_lider.md,d2_q2_executores_cientes,7,OK,,0,52 respondents were found to have been wrongly asked questions
Gandhi2019,fichamento_Gandhi2019#apoio_ao_lider.md,d2_q3_desvios_contexto,7,OK,,0,"error was low. Out of the initial sample of 2,298"
Gandhi2019,fichamento_Gandhi2019#apoio_ao_lider.md,d2_q6_analise_apropriada,7,OK,,0,full responses to all questions and who were correctly assigned to
Gandhi2019,fichamento_Gandhi2019#apoio_ao_lider.md,d2_q6_analise_apropriada,7,OK,,0,"as well as removing observations with missing responses,"
Gandhi2019,fichamento_Gandhi2019#apoio_ao_lider.md,d2_q7_impacto_analise,7,OK,,0,52 respondents were found to have been wrongly asked questions
Gandhi2019,fichamento_Gandhi2019#apoio_ao_lider.md,d2_q7_impacto_analise,7,OK,,0,"error was low. Out of the initial sample of 2,298"
Gandhi2019,fichamento_Gandhi2019#apoio_ao_lider.md,d3_q2_evidencia_sem_vies,7,OK,,0,"as well as removing observations with missing responses,"
Gandhi2019,fichamento_Gandhi2019#apoio_ao_lider.md,d3_q3_faltante_pode_depender,7,OK,,0,who provided full responses to all questions
Gandhi2019,fichamento_Gandhi2019#apoio_ao_lider.md,d3_q4_faltante_provavelmente_depende,9,OK,,0,(N = 736)
Gandhi2019,fichamento_Gandhi2019#apoio_ao_lider.md,d3_q4_faltante_provavelmente_depende,9,OK,,0,(N = 743)
Gandhi2019,fichamento_Gandhi2019#apoio_ao_lider.md,d4_q1_metodo_inadequado,9,OK,,0,somewhat likely to vote for PH or 0 if he
Gandhi2019,fichamento_Gandhi2019#apoio_ao_lider.md,d4_q2_medida_diferiu,7,OK,,0,Responses to these questions provide a posttreatment
Gandhi2019,fichamento_Gandhi2019#apoio_ao_lider.md,d4_q2_medida_diferiu,8,OK,,0,Posttreatment outcome
Gandhi2019,fichamento_Gandhi2019#apoio_ao_lider.md,d4_q3_avaliadores_cientes,7,OK,,0,treatment group receives an additional two sentences as
Gandhi2019,fichamento_Gandhi2019#apoio_ao_lider.md,d4_q4_avaliacao_influenciavel,7,OK,,0,group gets a message that is a repetition of what they
Gandhi2019,fichamento_Gandhi2019#apoio_ao_lider.md,d4_q5_avaliacao_provavelmente_influenciada,8,OK,,0,Placebo text
Gandhi2019,fichamento_Gandhi2019#apoio_ao_lider.md,d4_q5_avaliacao_provavelmente_influenciada,7,OK,,0,group gets a message that is a repetition of what they
Gandhi2019,fichamento_Gandhi2019#apoio_ao_lider.md,d5_q2_selecao_medidas,10,OK,,0,similar substantive results. We collapse the dependent variable into
Gandhi2019,fichamento_Gandhi2019#apoio_ao_lider.md,d5_q2_selecao_medidas,10,OK,,0,Our results also hold using binary logistic regression.
Gandhi2019,fichamento_Gandhi2019#apoio_ao_lider.md,d5_q3_selecao_analises,10,OK,,0,controls that were found to reach conventional levels of
Gandhi2019,fichamento_Gandhi2019#apoio_ao_lider.md,d5_q3_selecao_analises,10,OK,,0,similar results emerge if we remove DAP supporters
Gerber2020a,fichamento_Gerber2020a#mobilizacao.md,unidade_randomizacao,27,OK,,0,"we randomly selected roughly 11,500 households to receive a mailing"
Gerber2020a,fichamento_Gerber2020a#mobilizacao.md,unidade_randomizacao,28,OK,,0,we consider all registered voters within a household
Gerber2020a,fichamento_Gerber2020a#mobilizacao.md,resultado_avaliado,53,OK,,0,"Beliefs About the Closeness of the Election and Voter Turnout, IV Results"
Gerber2020a,fichamento_Gerber2020a#mobilizacao.md,resultado_avaliado,54,OK,,0,Impact of Close/Not Close Postcard Treatments on Turnout (2014 Experiment)
Gerber2020a,fichamento_Gerber2020a#mobilizacao.md,d1b_q1_identificados_antes,27,OK,,0,The randomization was conducted using voter
Gerber2020a,fichamento_Gerber2020a#mobilizacao.md,d1b_q1_identificados_antes,27,OK,,0,had not yet requested a ballot or voted as of Oct
Gerber2020a,fichamento_Gerber2020a#mobilizacao.md,d1b_q3_desequilibrio_participantes,28,OK,,0,show that the samples are well-balanced in terms of
Gerber2020a,fichamento_Gerber2020a#mobilizacao.md,d1_q1_sequencia_aleatoria,17,OK,,0,"gender, race, age, and a random number), thereby stratifying"
Gerber2020a,fichamento_Gerber2020a#mobilizacao.md,d1_q1_sequencia_aleatoria,27,OK,,0,"we randomly selected roughly 11,500 households to receive a mailing"
Gerber2020a,fichamento_Gerber2020a#mobilizacao.md,d1_q2_ocultacao,17,OK,,0,Randomization was carried out by
Gerber2020a,fichamento_Gerber2020a#mobilizacao.md,d1_q2_ocultacao,13,OK,,0,The experiment was administered by Knowledge Networks
Gerber2020a,fichamento_Gerber2020a#mobilizacao.md,d1_q2_ocultacao,27,OK,,0,The randomization was conducted using voter
Gerber2020a,fichamento_Gerber2020a#mobilizacao.md,d1_q3_desequilibrio_base,18,OK,,0,There is only one characteristic which
Gerber2020a,fichamento_Gerber2020a#mobilizacao.md,d1_q3_desequilibrio_base,28,OK,,0,show that the samples are well-balanced in terms of
Gerber2020a,fichamento_Gerber2020a#mobilizacao.md,d2_q1_participantes_cientes,15,OK,,0,we continued to display the two poll numbers at the bottom
Gerber2020a,fichamento_Gerber2020a#mobilizacao.md,d2_q1_participantes_cientes,28,OK,,0,"The postcards were mailed out on Friday, October 24."
Gerber2020a,fichamento_Gerber2020a#mobilizacao.md,d2_q2_executores_cientes,16,OK,,0,sent a brief email reminding them of the poll numbers they saw
Gerber2020a,fichamento_Gerber2020a#mobilizacao.md,d2_q3_desvios_contexto,32,OK,,0,had no impact on self-reported tendency to pay greater attention
Gerber2020a,fichamento_Gerber2020a#mobilizacao.md,d2_q6_analise_apropriada,16,OK,,0,"we perform our analyses restricting to these 6,705"
Gerber2020a,fichamento_Gerber2020a#mobilizacao.md,d2_q6_analise_apropriada,15,OK,,0,The rate was 62% both among those assigned to receive
Gerber2020a,fichamento_Gerber2020a#mobilizacao.md,d2_q6_analise_apropriada,54,OK,,0,Standard errors clustered by household are in parentheses.
Gerber2020a,fichamento_Gerber2020a#mobilizacao.md,d3_q1_dados_completos,17,OK,,0,We obtained administrative voting data on the voters in the sample
Gerber2020a,fichamento_Gerber2020a#mobilizacao.md,d3_q1_dados_completos,54,OK,,0,is based on merging by date of birth
Gerber2020a,fichamento_Gerber2020a#mobilizacao.md,d4_q1_metodo_inadequado,18,OK,,0,we do not use the self-reported information on whether someone voted
Gerber2020a,fichamento_Gerber2020a#mobilizacao.md,d4_q2_medida_diferiu,54,OK,,0,The dependent variable is turnout (0-1) from administrative voting records
Gerber2020a,fichamento_Gerber2020a#mobilizacao.md,d4_q3_avaliadores_cientes,17,OK,,0,whether people voted from the Secretaries of State
Gerber2020a,fichamento_Gerber2020a#mobilizacao.md,d5_q2_selecao_medidas,18,OK,,0,we do not use the self-reported information on whether someone voted
Gerber2020a,fichamento_Gerber2020a#mobilizacao.md,d5_q3_selecao_analises,24,OK,,0,"Among columns 4-12, we have the most power in column 12."
Gerber2020a,fichamento_Gerber2020a#mobilizacao.md,d5_q3_selecao_analises,29,OK,,0,Results are similar with further controls.
Groer2010a,fichamento_Groer2010a#mobilizacao.md,unidade_randomizacao,9,OK,,0,a full 2×2 between subject treatment design with three sessions
Groer2010a,fichamento_Groer2010a#mobilizacao.md,unidade_randomizacao,9,OK,,0,each session provides us with two independent observations
Groer2010a,fichamento_Groer2010a#mobilizacao.md,resultado_avaliado,16,OK,,0,Polls increase turnout levels by 22-28%.
Groer2010a,fichamento_Groer2010a#mobilizacao.md,resultado_avaliado,16,OK,,0,comparison and at the 10% level for IM-UM
Groer2010a,fichamento_Groer2010a#mobilizacao.md,d1b_q2_recrutamento_afetado,9,OK,,0,students were recruited in 12 sessions of 24 subjects
Groer2010a,fichamento_Groer2010a#mobilizacao.md,d2_q1_participantes_cientes,9,OK,,0,This information was either given at the beginning of each round
Groer2010a,fichamento_Groer2010a#mobilizacao.md,d2_q1_participantes_cientes,10,OK,,0,subjects knew the actual levels of support in each group
Groer2010a,fichamento_Groer2010a#mobilizacao.md,d2_q2_executores_cientes,9,OK,,0,the online appendix for the read-aloud instructions
Groer2010a,fichamento_Groer2010a#mobilizacao.md,d2_q3_desvios_contexto,9,OK,,0,The experimental software was programmed using RatImage
Groer2010a,fichamento_Groer2010a#mobilizacao.md,d2_q3_desvios_contexto,10,OK,,0,were announced at the beginning of each round
Groer2010a,fichamento_Groer2010a#mobilizacao.md,d2_q6_analise_apropriada,11,OK,,0,We have observations from 6 independent electorates per treatment.
Groer2010a,fichamento_Groer2010a#mobilizacao.md,d2_q6_analise_apropriada,15,OK,,0,these tests are conducted at the electorate level
Groer2010a,fichamento_Groer2010a#mobilizacao.md,d3_q1_dados_completos,11,OK,,0,We have observations from 6 independent electorates per treatment.
Groer2010a,fichamento_Groer2010a#mobilizacao.md,d3_q1_dados_completos,10,OK,,0,one session had to be stopped after 94 rounds
Groer2010a,fichamento_Groer2010a#mobilizacao.md,d4_q1_metodo_inadequado,15,OK,,0,Figure 2 shows turnout rates averaged over blocks of 20 rounds each
Groer2010a,fichamento_Groer2010a#mobilizacao.md,d4_q1_metodo_inadequado,9,OK,,0,The experimental software was programmed using RatImage
Groer2010a,fichamento_Groer2010a#mobilizacao.md,d4_q2_medida_diferiu,11,OK,,0,All treatments had 100 rounds and electorates of 12 voters
Groer2010a,fichamento_Groer2010a#mobilizacao.md,d4_q3_avaliadores_cientes,9,OK,,0,This information was either given at the beginning of each round
Groer2010a,fichamento_Groer2010a#mobilizacao.md,d4_q4_avaliacao_influenciavel,11,OK,,0,A victory (defeat) payed 4 (1) to each voter in the group
Groer2010a,fichamento_Groer2010a#mobilizacao.md,d4_q4_avaliacao_influenciavel,9,OK,,0,The experimental software was programmed using RatImage
Groer2010a,fichamento_Groer2010a#mobilizacao.md,d5_q2_selecao_medidas,16,OK,,0,the null hypothesis of no difference in average
Groer2010a,fichamento_Groer2010a#mobilizacao.md,d5_q2_selecao_medidas,15,OK,,0,Figure 2 shows turnout rates averaged over blocks of 20 rounds each
Groer2010a,fichamento_Groer2010a#mobilizacao.md,d5_q3_selecao_analises,15,OK,,0,these tests are conducted at the electorate level
Groer2010a,fichamento_Groer2010a#mobilizacao.md,d5_q3_selecao_analises,15,OK,,0,qualitative conclusions are based on one-tailed tests
Klor2017a,fichamento_Klor2017a#apoio_ao_lider.md,unidade_randomizacao,38,OK,,0,computer performs a separate draw for each participant as to his
Klor2017a,fichamento_Klor2017a#apoio_ao_lider.md,resultado_avaliado,46,OK,,0,Random Effect Probit Estimates of Voting Decisions in the Second Stage
Klor2017a,fichamento_Klor2017a#apoio_ao_lider.md,resultado_avaliado,46,OK,,0,0.305***
Klor2017a,fichamento_Klor2017a#apoio_ao_lider.md,d1_q1_sequencia_aleatoria,12,OK,,0,equal probability rule randomly assigned each subject to one of two teams
Klor2017a,fichamento_Klor2017a#apoio_ao_lider.md,d1_q2_ocultacao,38,OK,,0,each participant receives a message from the computer
Klor2017a,fichamento_Klor2017a#apoio_ao_lider.md,d1_q3_desequilibrio_base,13,OK,,0,preferred color is again randomly decided
Klor2017a,fichamento_Klor2017a#apoio_ao_lider.md,d2_q1_participantes_cientes,13,OK,,0,In this stage subjects are told the
Klor2017a,fichamento_Klor2017a#apoio_ao_lider.md,d2_q2_executores_cientes,11,OK,,0,The experiments were conducted
Klor2017a,fichamento_Klor2017a#apoio_ao_lider.md,d2_q2_executores_cientes,12,OK,,0,Throughout the experiment we ensured anonymity
Klor2017a,fichamento_Klor2017a#apoio_ao_lider.md,d2_q3_desvios_contexto,12,OK,,0,Communication among subjects was not allowed throughout the
Klor2017a,fichamento_Klor2017a#apoio_ao_lider.md,d2_q6_analise_apropriada,14,OK,,0,we use all the available data
Klor2017a,fichamento_Klor2017a#apoio_ao_lider.md,d3_q1_dados_completos,12,OK,,0,Each experimental session entailed 20 independent rounds
Klor2017a,fichamento_Klor2017a#apoio_ao_lider.md,d3_q1_dados_completos,46,OK,,0,854
Klor2017a,fichamento_Klor2017a#apoio_ao_lider.md,d4_q1_metodo_inadequado,38,OK,,0,decisions that you make during the experiment will be implemented by
Klor2017a,fichamento_Klor2017a#apoio_ao_lider.md,d4_q2_medida_diferiu,38,OK,,0,the computer will collect the seven decisions of the
Klor2017a,fichamento_Klor2017a#apoio_ao_lider.md,d4_q3_avaliadores_cientes,38,OK,,0,you will receive information about the color
Klor2017a,fichamento_Klor2017a#apoio_ao_lider.md,d4_q4_avaliacao_influenciavel,12,OK,,0,Voting entails a cost of 4 tokens.
Klor2017a,fichamento_Klor2017a#apoio_ao_lider.md,d4_q4_avaliacao_influenciavel,12,OK,,0,paid the subjects in cash in private at the end of
Klor2017a,fichamento_Klor2017a#apoio_ao_lider.md,d5_q1_plano_previo,15,OK,,0,masks important and unexpected
Klor2017a,fichamento_Klor2017a#apoio_ao_lider.md,d5_q2_selecao_medidas,17,OK,,0,participation decision in the second stage of round t
Klor2017a,fichamento_Klor2017a#apoio_ao_lider.md,d5_q3_selecao_analises,18,OK,,0,test the same model including the interaction between majority and number
Lammers2022a,fichamento_Lammers2022a#apoio_ao_lider.md,unidade_randomizacao,9,OK,,0,Participants were randomly assigned to one of four cells
Lammers2022a,fichamento_Lammers2022a#apoio_ao_lider.md,resultado_avaliado,10,OK,,0,Study 2a (Americans): Self-Reported Likelihood (Likert Score Between 1 and
Lammers2022a,fichamento_Lammers2022a#apoio_ao_lider.md,resultado_avaliado,10,OK,,0,"t(99) = 3.67, p < .001, d = .73"
Lammers2022a,fichamento_Lammers2022a#apoio_ao_lider.md,resultado_avaliado,10,OK,,0,Study 2b (EU Replication): Self-Reported Likelihood (Likert Score Between 1
Lammers2022a,fichamento_Lammers2022a#apoio_ao_lider.md,resultado_avaliado,10,OK,,0,"t(98) = 2.88, p = .005, d = .58"
Lammers2022a,fichamento_Lammers2022a#apoio_ao_lider.md,d1_q1_sequencia_aleatoria,9,OK,,0,Participants were randomly assigned to one of four cells
Lammers2022a,fichamento_Lammers2022a#apoio_ao_lider.md,d1_q2_ocultacao,9,OK,,0,Participants in Study 2a were 202 American Amazon Mechanical Turk users
Lammers2022a,fichamento_Lammers2022a#apoio_ao_lider.md,d2_q1_participantes_cientes,9,OK,,0,participants read that they had forgotten a little about the elections
Lammers2022a,fichamento_Lammers2022a#apoio_ao_lider.md,d2_q2_executores_cientes,9,OK,,0,Participants in Study 2a were 202 American Amazon Mechanical Turk users
Lammers2022a,fichamento_Lammers2022a#apoio_ao_lider.md,d2_q3_desvios_contexto,9,OK,,0,Participants then indicated on two items the likelihood
Lammers2022a,fichamento_Lammers2022a#apoio_ao_lider.md,d2_q6_analise_apropriada,10,OK,,0,"F(1, 198) = 29.71, p < .0001"
Lammers2022a,fichamento_Lammers2022a#apoio_ao_lider.md,d2_q6_analise_apropriada,10,OK,,0,"F(1, 196) = 11.46, p < .0001"
Lammers2022a,fichamento_Lammers2022a#apoio_ao_lider.md,d3_q1_dados_completos,9,OK,,0,Participants in Study 2a were 202 American Amazon Mechanical Turk users
Lammers2022a,fichamento_Lammers2022a#apoio_ao_lider.md,d3_q1_dados_completos,10,OK,,0,"F(1, 198) = 29.71, p < .0001"
Lammers2022a,fichamento_Lammers2022a#apoio_ao_lider.md,d3_q1_dados_completos,10,OK,,0,"F(1, 196) = 11.46, p < .0001"
Lammers2022a,fichamento_Lammers2022a#apoio_ao_lider.md,d4_q1_metodo_inadequado,9,OK,,0,which after recoding we combined into one index of the likelihood
Lammers2022a,fichamento_Lammers2022a#apoio_ao_lider.md,d4_q2_medida_diferiu,9,OK,,0,Participants then indicated on two items the likelihood
Lammers2022a,fichamento_Lammers2022a#apoio_ao_lider.md,d4_q3_avaliadores_cientes,9,OK,,0,while in the distributive equality condition they read that they
Lammers2022a,fichamento_Lammers2022a#apoio_ao_lider.md,d4_q4_avaliacao_influenciavel,9,OK,,0,be fair if both candidates were included in important decisions
Lammers2022a,fichamento_Lammers2022a#apoio_ao_lider.md,d4_q5_avaliacao_provavelmente_influenciada,12,OK,,0,"but instead instruct participants to imagine being in a specific, hypothetical"
Lammers2022a,fichamento_Lammers2022a#apoio_ao_lider.md,d4_q5_avaliacao_provavelmente_influenciada,9,OK,,0,be fair if both candidates were included in important decisions
Lammers2022a,fichamento_Lammers2022a#apoio_ao_lider.md,d5_q1_plano_previo,9,OK,,0,We preregistered the studies (see Supplementary Materials).
Lammers2022a,fichamento_Lammers2022a#apoio_ao_lider.md,d5_q1_plano_previo,13,OK,,0,Preregistration protocols for Study 1 and 2a / 2b
Lammers2022a,fichamento_Lammers2022a#apoio_ao_lider.md,d5_q2_selecao_medidas,5,OK,,0,"determined the sample size, all data exclusions, manipulations, and measures"
Lammers2022a,fichamento_Lammers2022a#apoio_ao_lider.md,d5_q2_selecao_medidas,9,OK,,0,which after recoding we combined into one index of the likelihood
Lammers2022a,fichamento_Lammers2022a#apoio_ao_lider.md,d5_q3_selecao_analises,10,OK,,0,(factor: heuristic vs. moral) ANOVA on the likelihood of switching
Lammers2022a,fichamento_Lammers2022a#apoio_ao_lider.md,direcao_vies_proposta,9,OK,,0,be fair if both candidates were included in important decisions
Meer2015a,fichamento_Meer2015a#apoio_ao_lider.md,unidade_randomizacao,9,OK,,0,randomly (and automatically) assigned
Meer2015a,fichamento_Meer2015a#apoio_ao_lider.md,resultado_avaliado,29,OK,,0,Treatment (ref: dry poll outcome)
Meer2015a,fichamento_Meer2015a#apoio_ao_lider.md,resultado_avaliado,29,OK,,0,0.23 (0.13)
Meer2015a,fichamento_Meer2015a#apoio_ao_lider.md,d1_q1_sequencia_aleatoria,9,OK,,0,randomly (and automatically) assigned
Meer2015a,fichamento_Meer2015a#apoio_ao_lider.md,d1_q2_ocultacao,9,OK,,0,randomly (and automatically) assigned
Meer2015a,fichamento_Meer2015a#apoio_ao_lider.md,d1_q2_ocultacao,13,OK,,0,the survey was not conducted using an interviewer
Meer2015a,fichamento_Meer2015a#apoio_ao_lider.md,d1_q3_desequilibrio_base,10,OK,,0,no significant or substantive differences
Meer2015a,fichamento_Meer2015a#apoio_ao_lider.md,d1_q3_desequilibrio_base,10,OK,,0,between the ten groups on key characteristics
Meer2015a,fichamento_Meer2015a#apoio_ao_lider.md,d2_q1_participantes_cientes,9,OK,,0,respondents cannot realistically be expecting to receive a treatment
Meer2015a,fichamento_Meer2015a#apoio_ao_lider.md,d2_q2_executores_cientes,13,OK,,0,the survey was not conducted using an interviewer
Meer2015a,fichamento_Meer2015a#apoio_ao_lider.md,d2_q6_analise_apropriada,14,OK,,0,differs across each treatment compared to the relevant control group
Meer2015a,fichamento_Meer2015a#apoio_ao_lider.md,d3_q1_dados_completos,14,OK,,0,We therefore had to exclude this category.
Meer2015a,fichamento_Meer2015a#apoio_ao_lider.md,d3_q1_dados_completos,28,OK,,0,2353
Meer2015a,fichamento_Meer2015a#apoio_ao_lider.md,d3_q1_dados_completos,29,OK,,0,10643
Meer2015a,fichamento_Meer2015a#apoio_ao_lider.md,d3_q2_evidencia_sem_vies,32,OK,,0,"leads, as expected, to substantially the same effects"
Meer2015a,fichamento_Meer2015a#apoio_ao_lider.md,d3_q2_evidencia_sem_vies,32,OK,,0,from p=.045 to p=.071
Meer2015a,fichamento_Meer2015a#apoio_ao_lider.md,d4_q1_metodo_inadequado,12,OK,,0,This exact question is commonly asked at the end of surveys
Meer2015a,fichamento_Meer2015a#apoio_ao_lider.md,d4_q2_medida_diferiu,12,OK,,0,all respondents received the same question on their current
Meer2015a,fichamento_Meer2015a#apoio_ao_lider.md,d4_q3_avaliadores_cientes,9,OK,,0,respondents cannot realistically be expecting to receive a treatment
Meer2015a,fichamento_Meer2015a#apoio_ao_lider.md,d4_q3_avaliadores_cientes,12,OK,,0,question to divert attention from the specific nature our
Meer2015a,fichamento_Meer2015a#apoio_ao_lider.md,d5_q2_selecao_medidas,12,OK,,0,This vote intention question forms our dependent variable.
Meer2015a,fichamento_Meer2015a#apoio_ao_lider.md,d5_q3_selecao_analises,32,OK,,0,"leads, as expected, to substantially the same effects"
Meffert2011,fichamento_Meffert2011#apoio_ao_lider.md,unidade_randomizacao,12,OK,,0,participants were randomly assigned to one of three poll conditions
Meffert2011,fichamento_Meffert2011#apoio_ao_lider.md,resultado_avaliado,26,OK,,0,Table 4. Effect of close polls and coalition signals on insincere voting
Meffert2011,fichamento_Meffert2011#apoio_ao_lider.md,resultado_avaliado,26,OK,,0,Close poll (manipulation)
Meffert2011,fichamento_Meffert2011#apoio_ao_lider.md,d1_q1_sequencia_aleatoria,12,OK,,0,participants were randomly assigned to one of three poll conditions
Meffert2011,fichamento_Meffert2011#apoio_ao_lider.md,d1_q1_sequencia_aleatoria,13,OK,,0,were assigned randomly with even probability and independent of the poll
Meffert2011,fichamento_Meffert2011#apoio_ao_lider.md,d1_q2_ocultacao,9,OK,,0,participated in the computer-based experiment
Meffert2011,fichamento_Meffert2011#apoio_ao_lider.md,d1_q2_ocultacao,14,OK,,0,used for the systematic assignment to the poll and signal conditions
Meffert2011,fichamento_Meffert2011#apoio_ao_lider.md,d2_q1_participantes_cientes,9,OK,,0,Participants were told that the purpose of the study was to investigate
Meffert2011,fichamento_Meffert2011#apoio_ao_lider.md,d2_q1_participantes_cientes,10,OK,,0,the manipulated and unobtrusively embedded polls and coalition signals
Meffert2011,fichamento_Meffert2011#apoio_ao_lider.md,d2_q2_executores_cientes,9,OK,,0,participated in the computer-based experiment
Meffert2011,fichamento_Meffert2011#apoio_ao_lider.md,d2_q2_executores_cientes,14,OK,,0,Only the names of the parties were automatically substituted
Meffert2011,fichamento_Meffert2011#apoio_ao_lider.md,d2_q6_analise_apropriada,25,OK,,0,include not only the objective poll or closeness manipulation in the model
Meffert2011,fichamento_Meffert2011#apoio_ao_lider.md,d2_q6_analise_apropriada,27,OK,,0,objective conditions affect the respective perceptions and thus exert an indirect effect
Meffert2011,fichamento_Meffert2011#apoio_ao_lider.md,d2_q7_impacto_analise,20,OK,,0,"Overall, the poll manipulation can be considered successful."
Meffert2011,fichamento_Meffert2011#apoio_ao_lider.md,d2_q7_impacto_analise,25,OK,,0,the model is reported with and without the perceptions
Meffert2011,fichamento_Meffert2011#apoio_ao_lider.md,d3_q1_dados_completos,9,OK,,0,only the 200 participants who were eligible to vote in German elections
Meffert2011,fichamento_Meffert2011#apoio_ao_lider.md,d3_q1_dados_completos,30,OK,,0,The data from six participants were lost due to technical computer
Meffert2011,fichamento_Meffert2011#apoio_ao_lider.md,d4_q1_metodo_inadequado,16,OK,,0,"After the information search ended, participants were asked to vote"
Meffert2011,fichamento_Meffert2011#apoio_ao_lider.md,d4_q2_medida_diferiu,16,OK,,0,"After the information search ended, participants were asked to vote"
Meffert2011,fichamento_Meffert2011#apoio_ao_lider.md,d4_q2_medida_diferiu,30,OK,,0,"randomised, but because no order effects were found"
Meffert2011,fichamento_Meffert2011#apoio_ao_lider.md,d4_q3_avaliadores_cientes,9,OK,,0,Participants were told that the purpose of the study was to investigate
Meffert2011,fichamento_Meffert2011#apoio_ao_lider.md,d4_q3_avaliadores_cientes,3,OK,,0,were unobtrusively manipulated
Meffert2011,fichamento_Meffert2011#apoio_ao_lider.md,d5_q2_selecao_medidas,25,OK,,0,"insincere voters in our sample, the number drops to only 10"
Meffert2011,fichamento_Meffert2011#apoio_ao_lider.md,d5_q3_selecao_analises,25,OK,,0,the model is reported with and without the perceptions
Meffert2011,fichamento_Meffert2011#apoio_ao_lider.md,d5_q3_selecao_analises,13,OK,,0,the different conditions are combined in two categories
Schlegel2023,fichamento_Schlegel2023#apoio_ao_lider.md,unidade_randomizacao,4,OK,,0,We randomly assign respondents to one of the eight
Schlegel2023,fichamento_Schlegel2023#apoio_ao_lider.md,resultado_avaliado,5,OK,,0,high information/cognitive resources condition (17 percentage points
Schlegel2023,fichamento_Schlegel2023#apoio_ao_lider.md,d1_q1_sequencia_aleatoria,4,OK,,0,We randomly assign respondents to one of the eight
Schlegel2023,fichamento_Schlegel2023#apoio_ao_lider.md,d1_q2_ocultacao,5,OK,,0,collected through the online survey platform
Schlegel2023,fichamento_Schlegel2023#apoio_ao_lider.md,d1_q3_desequilibrio_base,4,OK,,0,SM IV shows that randomization assured balance with respect to
Schlegel2023,fichamento_Schlegel2023#apoio_ao_lider.md,d2_q1_participantes_cientes,5,OK,,0,to simultaneously count the number of times they blink
Schlegel2023,fichamento_Schlegel2023#apoio_ao_lider.md,d2_q2_executores_cientes,5,OK,,0,collected through the online survey platform
Schlegel2023,fichamento_Schlegel2023#apoio_ao_lider.md,d2_q3_desvios_contexto,4,OK,,0,results from three separate polls as part of an animated visualization
Schlegel2023,fichamento_Schlegel2023#apoio_ao_lider.md,d2_q6_analise_apropriada,5,OK,,0,treatment effects of information and cognitive resources for different
Schlegel2023,fichamento_Schlegel2023#apoio_ao_lider.md,d3_q1_dados_completos,5,OK,,0,pre-registered main study with 2500 respondents
Schlegel2023,fichamento_Schlegel2023#apoio_ao_lider.md,d3_q1_dados_completos,4,OK,,0,survey (<10 min) and a potential bonus
Schlegel2023,fichamento_Schlegel2023#apoio_ao_lider.md,d4_q1_metodo_inadequado,4,OK,,0,participants are asked to cast their vote for one of the candidates
Schlegel2023,fichamento_Schlegel2023#apoio_ao_lider.md,d4_q2_medida_diferiu,4,OK,,0,participants are asked to cast their vote for one of the candidates
Schlegel2023,fichamento_Schlegel2023#apoio_ao_lider.md,d4_q3_avaliadores_cientes,5,OK,,0,to simultaneously count the number of times they blink
Schlegel2023,fichamento_Schlegel2023#apoio_ao_lider.md,d4_q4_avaliacao_influenciavel,4,OK,,0,Subjects participate in a mock
Schlegel2023,fichamento_Schlegel2023#apoio_ao_lider.md,d4_q5_avaliacao_provavelmente_influenciada,4,OK,,0,we employ a 2 × 2 × 2 between-subject
Schlegel2023,fichamento_Schlegel2023#apoio_ao_lider.md,d5_q1_plano_previo,4,OK,,0,for the main-study is pre-registered and can be accessed here:
Schlegel2023,fichamento_Schlegel2023#apoio_ao_lider.md,d5_q2_selecao_medidas,4,OK,,0,strategic vote in this scenario would imply supporting the Candidate
Schlegel2023,fichamento_Schlegel2023#apoio_ao_lider.md,d5_q3_selecao_analises,5,OK,,0,See SM A.VI for full regression tables and marginal effect calculations.
Tal2015a,fichamento_Tal2015a#apoio_ao_lider.md,unidade_randomizacao,5,OK,,0,Each game sampled a random poll
Tal2015a,fichamento_Tal2015a#apoio_ao_lider.md,unidade_randomizacao,5,OK,,0,"In addition, the subject was assigned a random preference order"
Tal2015a,fichamento_Tal2015a#apoio_ao_lider.md,resultado_avaliado,6,OK,,0,"Figure 5: Voting behavior for 1,009 voters."
Tal2015a,fichamento_Tal2015a#apoio_ao_lider.md,resultado_avaliado,7,OK,,0,"Voting behavior for 1,009 voters when"
Tal2015a,fichamento_Tal2015a#apoio_ao_lider.md,d1_q1_sequencia_aleatoria,5,OK,,0,Each game sampled a random poll
Tal2015a,fichamento_Tal2015a#apoio_ao_lider.md,d1_q1_sequencia_aleatoria,5,OK,,0,"In addition, the subject was assigned a random preference order"
Tal2015a,fichamento_Tal2015a#apoio_ao_lider.md,d1_q2_ocultacao,2,OK,,0,"In both settings, voters are automatically assigned"
Tal2015a,fichamento_Tal2015a#apoio_ao_lider.md,d2_q1_participantes_cientes,3,OK,,0,was presented to each subject prior to casting his or her vote
Tal2015a,fichamento_Tal2015a#apoio_ao_lider.md,d2_q2_executores_cientes,3,OK,,0,we designed an online infrastructure for voting that allows us to
Tal2015a,fichamento_Tal2015a#apoio_ao_lider.md,d2_q2_executores_cientes,5,OK,,0,The other votes were determined by
Tal2015a,fichamento_Tal2015a#apoio_ao_lider.md,d2_q3_desvios_contexto,4,OK,,0,"For every instance of the game, a poll was generated"
Tal2015a,fichamento_Tal2015a#apoio_ao_lider.md,d2_q6_analise_apropriada,6,OK,,0,we focused our analysis on group C.
Tal2015a,fichamento_Tal2015a#apoio_ao_lider.md,d2_q6_analise_apropriada,6,OK,,0,Thus the remaining results in this section refer
Tal2015a,fichamento_Tal2015a#apoio_ao_lider.md,d2_q7_impacto_analise,6,OK,,0,which consistently voted for their most-preferred candidate.
Tal2015a,fichamento_Tal2015a#apoio_ao_lider.md,d2_q7_impacto_analise,6,OK,,0,whose voting pattern was close to random
Tal2015a,fichamento_Tal2015a#apoio_ao_lider.md,d3_q1_dados_completos,2,OK,,0,and record her voting behavior under conditions that vary
Tal2015a,fichamento_Tal2015a#apoio_ao_lider.md,d4_q1_metodo_inadequado,2,OK,,0,and record her voting behavior under conditions that vary
Tal2015a,fichamento_Tal2015a#apoio_ao_lider.md,d4_q1_metodo_inadequado,5,OK,,0,The reward to the subject was determined solely by the
Tal2015a,fichamento_Tal2015a#apoio_ao_lider.md,d4_q2_medida_diferiu,4,OK,,0,"For every instance of the game, a poll was generated"
Tal2015a,fichamento_Tal2015a#apoio_ao_lider.md,d4_q3_avaliadores_cientes,3,OK,,0,was presented to each subject prior to casting his or her vote
Tal2015a,fichamento_Tal2015a#apoio_ao_lider.md,d4_q4_avaliacao_influenciavel,2,OK,,0,and record her voting behavior under conditions that vary
Tal2015a,fichamento_Tal2015a#apoio_ao_lider.md,d5_q1_plano_previo,6,OK,,0,This prompted us to check whether this irrational behavior
Tal2015a,fichamento_Tal2015a#apoio_ao_lider.md,d5_q2_selecao_medidas,6,OK,,0,Fig. 5 shows the voting ratio for
Tal2015a,fichamento_Tal2015a#apoio_ao_lider.md,d5_q3_selecao_analises,6,OK,,0,we focused our analysis on group C.
Tal2015a,fichamento_Tal2015a#apoio_ao_lider.md,d5_q3_selecao_analises,5,OK,,0,"for the n = 1009 condition, highlighting the"
Timotei2013a,fichamento_Timotei2013a#apoio_ao_lider.md,unidade_randomizacao,8,OK,,0,The subjects were divided into six groups of 20 people.
Timotei2013a,fichamento_Timotei2013a#apoio_ao_lider.md,unidade_randomizacao,8,OK,,0,Two groups got the information that candidate A is the expected winner
Timotei2013a,fichamento_Timotei2013a#apoio_ao_lider.md,resultado_avaliado,8,OK,,0,in favour of candidate A has increase from 40% to 46%
Timotei2013a,fichamento_Timotei2013a#apoio_ao_lider.md,resultado_avaliado,8,OK,,0,Figure 8: Answers from the group A
Timotei2013a,fichamento_Timotei2013a#apoio_ao_lider.md,d1b_q1_identificados_antes,8,OK,,0,The sampling has been done by randomly selecting students from a list
Timotei2013a,fichamento_Timotei2013a#apoio_ao_lider.md,d1b_q1_identificados_antes,8,OK,,0,The subjects were divided into six groups of 20 people.
Timotei2013a,fichamento_Timotei2013a#apoio_ao_lider.md,d2_q1_participantes_cientes,8,OK,,0,They were told that they just have to complete a normal questioner
Timotei2013a,fichamento_Timotei2013a#apoio_ao_lider.md,d2_q2_executores_cientes,8,OK,,0,The other groups received information about the expected winner supposedly
Timotei2013a,fichamento_Timotei2013a#apoio_ao_lider.md,d2_q2_executores_cientes,8,OK,,0,Two groups got the information that candidate A is the expected winner
Timotei2013a,fichamento_Timotei2013a#apoio_ao_lider.md,d2_q6_analise_apropriada,8,OK,,0,After all the data was collected the results were analysed using SPSS
Timotei2013a,fichamento_Timotei2013a#apoio_ao_lider.md,d2_q6_analise_apropriada,8,OK,,0,Their answers will be compared with the answers of the other groups.
Timotei2013a,fichamento_Timotei2013a#apoio_ao_lider.md,d3_q1_dados_completos,8,OK,,0,1% non-response (NR)
Timotei2013a,fichamento_Timotei2013a#apoio_ao_lider.md,d3_q1_dados_completos,8,OK,,0,in favour of candidate A has increase from 40% to 46%
Timotei2013a,fichamento_Timotei2013a#apoio_ao_lider.md,d4_q1_metodo_inadequado,9,OK,,0,If presidential elections took place next
Timotei2013a,fichamento_Timotei2013a#apoio_ao_lider.md,d4_q2_medida_diferiu,8,OK,,0,Their answers will be compared with the answers of the other groups.
Timotei2013a,fichamento_Timotei2013a#apoio_ao_lider.md,d4_q3_avaliadores_cientes,8,OK,,0,They were told that they just have to complete a normal questioner
Timotei2013a,fichamento_Timotei2013a#apoio_ao_lider.md,d5_q2_selecao_medidas,9,OK,,0,If presidential elections took place next
Timotei2013a,fichamento_Timotei2013a#apoio_ao_lider.md,d5_q3_selecao_analises,9,OK,,0,Pearson's chi-squared test showed that we can reject the alternative
Tyszler2015,fichamento_Tyszler2015#apoio_ao_lider.md,unidade_randomizacao,15,OK,,0,The value of the intermediate option is constant for a given electorate
Tyszler2015,fichamento_Tyszler2015#apoio_ao_lider.md,unidade_randomizacao,15,OK,,0,using average numbers per electorate as units of observation
Tyszler2015,fichamento_Tyszler2015#apoio_ao_lider.md,resultado_avaliado,28,OK,,0,Figure 4: Majoritarian Set and Majoritarian Candidate
Tyszler2015,fichamento_Tyszler2015#apoio_ao_lider.md,resultado_avaliado,28,OK,,0,Bars show for each treatment the fraction of election outcomes
Tyszler2015,fichamento_Tyszler2015#apoio_ao_lider.md,d1b_q3_desequilibrio_participantes,14,OK,,0,Every experimental electorate experienced the same realization of the random draws
Tyszler2015,fichamento_Tyszler2015#apoio_ao_lider.md,d1b_q3_desequilibrio_participantes,14,OK,,0,288 student subjects participated in 24 independent electorates
Tyszler2015,fichamento_Tyszler2015#apoio_ao_lider.md,d1_q3_desequilibrio_base,14,OK,,0,Every experimental electorate experienced the same realization of the random draws
Tyszler2015,fichamento_Tyszler2015#apoio_ao_lider.md,d2_q1_participantes_cientes,15,OK,,0,participants know the aggregate induced preferences of all voters before casting
Tyszler2015,fichamento_Tyszler2015#apoio_ao_lider.md,d2_q2_executores_cientes,14,OK,,0,The experiment was computerized using Z-tree (Fischbacher 2007).
Tyszler2015,fichamento_Tyszler2015#apoio_ao_lider.md,d2_q3_desvios_contexto,15,OK,,0,they are told how many other voters where appointed
Tyszler2015,fichamento_Tyszler2015#apoio_ao_lider.md,d2_q3_desvios_contexto,14,OK,,0,The experiment was computerized using Z-tree (Fischbacher 2007).
Tyszler2015,fichamento_Tyszler2015#apoio_ao_lider.md,d2_q6_analise_apropriada,15,OK,,0,"For each cell, we have observations from six electorates."
Tyszler2015,fichamento_Tyszler2015#apoio_ao_lider.md,d2_q6_analise_apropriada,28,OK,,0,Bars show for each treatment the fraction of election outcomes
Tyszler2015,fichamento_Tyszler2015#apoio_ao_lider.md,d3_q1_dados_completos,14,OK,,0,288 student subjects participated in 24 independent electorates
Tyszler2015,fichamento_Tyszler2015#apoio_ao_lider.md,d3_q1_dados_completos,14,OK,,0,Each electorate faces 40 independent elections.
Tyszler2015,fichamento_Tyszler2015#apoio_ao_lider.md,d4_q1_metodo_inadequado,15,OK,,0,"determines the winner, with ties broken by equal probability random draw"
Tyszler2015,fichamento_Tyszler2015#apoio_ao_lider.md,d4_q1_metodo_inadequado,28,OK,,0,Bars show for each treatment the fraction of election outcomes
Tyszler2015,fichamento_Tyszler2015#apoio_ao_lider.md,d4_q2_medida_diferiu,16,OK,,0,"In case of ties (i.e., randomly chosen winner), we did as follows."
Tyszler2015,fichamento_Tyszler2015#apoio_ao_lider.md,d4_q2_medida_diferiu,14,OK,,0,Every experimental electorate experienced the same realization of the random draws
Tyszler2015,fichamento_Tyszler2015#apoio_ao_lider.md,d4_q3_avaliadores_cientes,15,OK,,0,participants know the aggregate induced preferences of all voters before casting
Tyszler2015,fichamento_Tyszler2015#apoio_ao_lider.md,d4_q4_avaliacao_influenciavel,15,OK,,0,"determines the winner, with ties broken by equal probability random draw"
Tyszler2015,fichamento_Tyszler2015#apoio_ao_lider.md,d4_q4_avaliacao_influenciavel,15,OK,,0,Subjects are paid in each round according to the rank of the
Tyszler2015,fichamento_Tyszler2015#apoio_ao_lider.md,d5_q2_selecao_medidas,16,OK,,0,fraction of elections where the winner was the Majoritarian Candidate or
Tyszler2015,fichamento_Tyszler2015#apoio_ao_lider.md,d5_q3_selecao_analises,16,OK,,0,"In case of ties (i.e., randomly chosen winner), we did as follows."
Urminsky2019,fichamento_Urminsky2019#mobilizacao.md,unidade_randomizacao,9,OK,,0,saw an election forecast that displayed either the chance of Clinton
Urminsky2019,fichamento_Urminsky2019#mobilizacao.md,resultado_avaliado,49,OK,,0,in the self-reported likelihood of voting (Study 1:
Urminsky2019,fichamento_Urminsky2019#mobilizacao.md,d1_q1_sequencia_aleatoria,45,OK,,0,six experiments reported here plus twelve replication experiments
Urminsky2019,fichamento_Urminsky2019#mobilizacao.md,d1_q1_sequencia_aleatoria,12,OK,,0,Participants in each wave were randomly assigned to one of two conditions.
Urminsky2019,fichamento_Urminsky2019#mobilizacao.md,d1_q2_ocultacao,9,OK,,0,valid participants from Amazon Mechanical Turk
Urminsky2019,fichamento_Urminsky2019#mobilizacao.md,d2_q1_participantes_cientes,9,OK,,0,saw an election forecast that displayed either the chance of Clinton
Urminsky2019,fichamento_Urminsky2019#mobilizacao.md,d2_q2_executores_cientes,9,OK,,0,valid participants from Amazon Mechanical Turk
Urminsky2019,fichamento_Urminsky2019#mobilizacao.md,d2_q3_desvios_contexto,9,OK,,0,Participants were asked to rate their opinion of the prediction
Urminsky2019,fichamento_Urminsky2019#mobilizacao.md,d2_q6_analise_apropriada,49,OK,,0,"t(223) = 1.47, d = - 0.20, p = .143"
Urminsky2019,fichamento_Urminsky2019#mobilizacao.md,d3_q2_evidencia_sem_vies,9,OK,,0,excluding those with duplicate IP addresses and failed attention checks
Urminsky2019,fichamento_Urminsky2019#mobilizacao.md,d3_q3_faltante_pode_depender,9,OK,,0,excluding those with duplicate IP addresses and failed attention checks
Urminsky2019,fichamento_Urminsky2019#mobilizacao.md,d3_q4_faltante_provavelmente_depende,9,OK,,0,excluding those with duplicate IP addresses and failed attention checks
Urminsky2019,fichamento_Urminsky2019#mobilizacao.md,d4_q1_metodo_inadequado,49,OK,,0,in the self-reported likelihood of voting (Study 1:
Urminsky2019,fichamento_Urminsky2019#mobilizacao.md,d4_q2_medida_diferiu,10,OK,,0,the same attitudinal outcome measurement in both
Urminsky2019,fichamento_Urminsky2019#mobilizacao.md,d4_q3_avaliadores_cientes,9,OK,,0,saw an election forecast that displayed either the chance of Clinton
Urminsky2019,fichamento_Urminsky2019#mobilizacao.md,d4_q4_avaliacao_influenciavel,49,OK,,0,in the self-reported likelihood of voting (Study 1:
Urminsky2019,fichamento_Urminsky2019#mobilizacao.md,d4_q5_avaliacao_provavelmente_influenciada,9,OK,,0,along with answering several other questions (see Appendix 1)
Urminsky2019,fichamento_Urminsky2019#mobilizacao.md,d5_q1_plano_previo,7,OK,,0,the majority of which are pre-registered
Urminsky2019,fichamento_Urminsky2019#mobilizacao.md,d5_q1_plano_previo,87,OK,,0,The pre-registrations associated with the studies can be found online
Urminsky2019,fichamento_Urminsky2019#mobilizacao.md,d5_q2_selecao_medidas,56,OK,,0,conditions for all behavioral intention measures in Studies 1 and A1
Urminsky2019,fichamento_Urminsky2019#mobilizacao.md,d5_q2_selecao_medidas,56,OK,,0,representing all relevant data not reported in the paper
Urminsky2019,fichamento_Urminsky2019#mobilizacao.md,d5_q3_selecao_analises,49,OK,,0,"t(223) = 1.47, d = - 0.20, p = .143"
Westwood2020a,fichamento_Westwood2020a#mobilizacao.md,unidade_randomizacao,10,OK,,0,assigned to either team A or team B
Westwood2020a,fichamento_Westwood2020a#mobilizacao.md,unidade_randomizacao,10,OK,,0,randomly assigned to 40–60
Westwood2020a,fichamento_Westwood2020a#mobilizacao.md,resultado_avaliado,10,OK,,0,As the probability of winning diverged from 50:50
Westwood2020a,fichamento_Westwood2020a#mobilizacao.md,resultado_avaliado,11,OK,,0,an increase of 20% over even odds in this study
Westwood2020a,fichamento_Westwood2020a#mobilizacao.md,d1_q1_sequencia_aleatoria,10,OK,,0,randomly assigned to 40–60
Westwood2020a,fichamento_Westwood2020a#mobilizacao.md,d1_q1_sequencia_aleatoria,10,OK,,0,assigned to either team A or team B
Westwood2020a,fichamento_Westwood2020a#mobilizacao.md,d1_q2_ocultacao,10,OK,,0,Participants were then shown the results ostensibly
Westwood2020a,fichamento_Westwood2020a#mobilizacao.md,d2_q1_participantes_cientes,10,OK,,0,Participants were then shown the results ostensibly
Westwood2020a,fichamento_Westwood2020a#mobilizacao.md,d2_q1_participantes_cientes,10,OK,,0,Presentation of vote share and probability of victory.
Westwood2020a,fichamento_Westwood2020a#mobilizacao.md,d2_q2_executores_cientes,10,OK,,0,survey panel recruited by Qualtrics Panels
Westwood2020a,fichamento_Westwood2020a#mobilizacao.md,d2_q2_executores_cientes,10,OK,,0,Participants were told this would be used along with the responses
Westwood2020a,fichamento_Westwood2020a#mobilizacao.md,d2_q3_desvios_contexto,10,OK,,0,Presentation of vote share and probability of victory.
Westwood2020a,fichamento_Westwood2020a#mobilizacao.md,d2_q6_analise_apropriada,10,OK,,0,"Our data come from 1,171 respondents"
Westwood2020a,fichamento_Westwood2020a#mobilizacao.md,d2_q6_analise_apropriada,11,OK,,0,because of repeated observations
Westwood2020a,fichamento_Westwood2020a#mobilizacao.md,d3_q1_dados_completos,10,OK,,0,"Our data come from 1,171 respondents"
Westwood2020a,fichamento_Westwood2020a#mobilizacao.md,d3_q1_dados_completos,10,OK,,0,"(5,845 trials)"
Westwood2020a,fichamento_Westwood2020a#mobilizacao.md,d4_q1_metodo_inadequado,10,OK,,0,Decision to vote ($1 cost) or not vote (no cost).
Westwood2020a,fichamento_Westwood2020a#mobilizacao.md,d4_q2_medida_diferiu,11,OK,,0,they were asked to decide whether they wanted to actually vote
Westwood2020a,fichamento_Westwood2020a#mobilizacao.md,d4_q3_avaliadores_cientes,10,OK,,0,Presentation of vote share and probability of victory.
Westwood2020a,fichamento_Westwood2020a#mobilizacao.md,d4_q4_avaliacao_influenciavel,10,OK,,0,"In our setup, $1 is the cost to"
Westwood2020a,fichamento_Westwood2020a#mobilizacao.md,d4_q4_avaliacao_influenciavel,10,OK,,0,Participants were told this would be used along with the responses
Westwood2020a,fichamento_Westwood2020a#mobilizacao.md,d5_q2_selecao_medidas,10,OK,,0,Decision to vote ($1 cost) or not vote (no cost).
Westwood2020a,fichamento_Westwood2020a#mobilizacao.md,d5_q3_selecao_analises,11,OK,,0,We found no evidence of directional differences; see table A16.
Witsman2016a,fichamento_Witsman2016a#apoio_ao_lider.md,unidade_randomizacao,29,OK,,0,was assigned at random to the participant
Witsman2016a,fichamento_Witsman2016a#apoio_ao_lider.md,resultado_avaliado,33,OK,,0,Voted for Independent Candidate Crosstabulation
Witsman2016a,fichamento_Witsman2016a#apoio_ao_lider.md,d1_q1_sequencia_aleatoria,29,OK,,0,assigned at random to the participant from a set of 15 options
Witsman2016a,fichamento_Witsman2016a#apoio_ao_lider.md,d1_q2_ocultacao,26,OK,,0,complete the survey online using Qualtrics
Witsman2016a,fichamento_Witsman2016a#apoio_ao_lider.md,d1_q3_desequilibrio_base,43,OK,,0,no significant differences between the groups of respondents
Witsman2016a,fichamento_Witsman2016a#apoio_ao_lider.md,d2_q1_participantes_cientes,29,OK,,0,"using a table, the scenario explained the percentages at which"
Witsman2016a,fichamento_Witsman2016a#apoio_ao_lider.md,d2_q2_executores_cientes,26,OK,,0,complete the survey online using Qualtrics
Witsman2016a,fichamento_Witsman2016a#apoio_ao_lider.md,d2_q3_desvios_contexto,30,OK,,0,Participants answered the three scenario based questions by indicating
Witsman2016a,fichamento_Witsman2016a#apoio_ao_lider.md,d2_q6_analise_apropriada,32,OK,,0,A chi-square test of independence was conducted for scenario one
Witsman2016a,fichamento_Witsman2016a#apoio_ao_lider.md,d3_q1_dados_completos,26,OK,,0,"In total, 444 people started the survey, however only 377 surveys"
Witsman2016a,fichamento_Witsman2016a#apoio_ao_lider.md,d3_q2_evidencia_sem_vies,32,OK,,0,a chi square test for independence was performed
Witsman2016a,fichamento_Witsman2016a#apoio_ao_lider.md,d3_q3_faltante_pode_depender,26,OK,,0,only 377 surveys were completed
Witsman2016a,fichamento_Witsman2016a#apoio_ao_lider.md,d4_q1_metodo_inadequado,30,OK,,0,indicating which candidate they would likely vote for given the information provided
Witsman2016a,fichamento_Witsman2016a#apoio_ao_lider.md,d4_q2_medida_diferiu,29,OK,,0,The five versions of the first scenario have the independent candidate polling
Witsman2016a,fichamento_Witsman2016a#apoio_ao_lider.md,d4_q3_avaliadores_cientes,29,OK,,0,Independent voting behaviors were measured by three scenario-based questions
Witsman2016a,fichamento_Witsman2016a#apoio_ao_lider.md,d4_q4_avaliacao_influenciavel,47,OK,,0,which was to be expected given the instructions
Witsman2016a,fichamento_Witsman2016a#apoio_ao_lider.md,d4_q5_avaliacao_provavelmente_influenciada,29,OK,,0,the participant could have received one of 15
Witsman2016a,fichamento_Witsman2016a#apoio_ao_lider.md,d5_q2_selecao_medidas,32,OK,,0,"changed from three possible values (Republican, Democrat, Independent) to binary values"
Witsman2016a,fichamento_Witsman2016a#apoio_ao_lider.md,d5_q3_selecao_analises,32,OK,,0,a chi square test for independence was performed
