dimensao,variavel,descricao,prompt,tipo,aplicavel_se
00_Resultado,desenho_epoc,Desenho EPOC (classificador),"Classifique em: grupo_controle | its. grupo_controle = antes-depois controlado (inclusive DiD com unidades agregadas), ensaio não randomizado ou randomizado avaliado pelos critérios EPOC; its = série temporal interrompida (vários pontos antes e depois, sem grupo controle separado ou com ele só como apoio).",categorica,
00_Resultado,resultado_avaliado,Resultado avaliado,"Resultado numérico avaliado, informado pelo coordenador (construto e modelo principal). Na evidência, copie um trecho literal curto que identifica esse resultado.",textual,
C_Grupo_controle,cg_sequencia_aleatoria,Geração da sequência aleatória,PROPOSTA para julgamento humano. Classifique em: proposta_baixo | proposta_alto | proposta_incerto. baixo se há componente aleatório descrito; alto se método não aleatório. Não randomizados e antes-depois controlados são SEMPRE proposta_alto.,categorica,desenho_epoc=grupo_controle
C_Grupo_controle,cg_ocultacao_alocacao,Ocultação da alocação,"PROPOSTA para julgamento humano. Classifique em: proposta_baixo | proposta_alto | proposta_incerto. baixo se a alocação foi por unidade (instituição, equipe) com todas as unidades alocadas no início, ou houve alocação central. Antes-depois controlado é SEMPRE proposta_alto.",categorica,desenho_epoc=grupo_controle
C_Grupo_controle,cg_linha_base_outcome,Outcome semelhante na linha de base,"PROPOSTA para julgamento humano. Classifique em: proposta_baixo | proposta_alto | proposta_incerto. baixo se o outcome foi medido antes da intervenção sem diferenças importantes entre grupos; em ensaio randomizado, também baixo com desequilíbrio e análise ajustada adequada (ex.: ANCOVA); alto se há diferença importante não ajustada na análise; incerto se ensaio randomizado sem medida do outcome na linha de base.",categorica,desenho_epoc=grupo_controle
C_Grupo_controle,cg_caracteristicas_base,Características de base semelhantes,PROPOSTA para julgamento humano. Classifique em: proposta_baixo | proposta_alto | proposta_incerto. baixo se as características de base dos grupos são relatadas e semelhantes; incerto se só mencionadas sem dados; alto se não relatadas ou diferentes.,categorica,desenho_epoc=grupo_controle
C_Grupo_controle,cg_dados_incompletos,Dados de outcome incompletos,PROPOSTA para julgamento humano. Classifique em: proposta_baixo | proposta_alto | proposta_incerto. baixo se as perdas provavelmente não enviesam (proporção semelhante entre grupos ou menor que o efeito); incerto se não informado. Não presuma seguimento completo sem declaração.,categorica,desenho_epoc=grupo_controle
C_Grupo_controle,cg_conhecimento_alocacao,Conhecimento da alocação evitado,PROPOSTA para julgamento humano. Classifique em: proposta_baixo | proposta_alto | proposta_incerto. baixo se os outcomes principais foram avaliados de forma mascarada ou são objetivos (registros administrativos); alto se não mascarados e subjetivos.,categorica,desenho_epoc=grupo_controle
C_Grupo_controle,cg_contaminacao,Proteção contra contaminação,PROPOSTA para julgamento humano. Classifique em: proposta_baixo | proposta_alto | proposta_incerto. baixo se a alocação foi por comunidade ou instituição e é improvável que o controle tenha recebido a intervenção; alto se provável; incerto se houve contato possível.,categorica,desenho_epoc=grupo_controle
C_Grupo_controle,cg_relato_seletivo,Relato seletivo de outcomes,PROPOSTA para julgamento humano. Classifique em: proposta_baixo | proposta_alto | proposta_incerto. baixo se todos os outcomes relevantes dos métodos aparecem nos resultados; alto se outcomes importantes foram omitidos.,categorica,desenho_epoc=grupo_controle
C_Grupo_controle,cg_outros_riscos,Outros riscos de viés,PROPOSTA para julgamento humano. Classifique em: proposta_baixo | proposta_alto | proposta_incerto. Descreva o risco depois do travessão (ex.: mudança simultânea de política só num grupo).,categorica,desenho_epoc=grupo_controle
C_ITS,its_teste_t_sem_tendencia,ITS analisada com teste t simples,"Responda Sim ou Não. Sim se a série ignora a tendência e compara pré e pós só com teste t (ou equivalente) sem justificativa: pelo EPOC, o estudo não entra salvo reanálise.",categorica,desenho_epoc=its
C_ITS,its_intervencao_independente,Intervenção independente de outras mudanças,PROPOSTA para julgamento humano. Classifique em: proposta_baixo | proposta_alto | proposta_incerto. baixo se há argumentos fortes de que a intervenção ocorreu independentemente de outras mudanças e eventos no período; alto se não. Liste eventos concorrentes depois do travessão.,categorica,desenho_epoc=its
C_ITS,its_forma_efeito_pre_especificada,Forma do efeito pré-especificada,PROPOSTA para julgamento humano. Classifique em: proposta_baixo | proposta_alto | proposta_incerto. baixo se o ponto de análise é o ponto da intervenção ou há justificativa para a forma do efeito (inclusive defasagem); alto se o ponto parece escolhido pelos dados.,categorica,desenho_epoc=its
C_ITS,its_coleta_nao_afetada,Intervenção não afetou a coleta,PROPOSTA para julgamento humano. Classifique em: proposta_baixo | proposta_alto | proposta_incerto. baixo se fontes e métodos de coleta foram os mesmos antes e depois; alto se a intervenção mudou a forma de registrar o outcome.,categorica,desenho_epoc=its
C_ITS,its_conhecimento_alocacao,Conhecimento da intervenção evitado,PROPOSTA para julgamento humano. Classifique em: proposta_baixo | proposta_alto | proposta_incerto. baixo se outcomes principais são objetivos ou avaliados de forma mascarada; alto se não.,categorica,desenho_epoc=its
C_ITS,its_dados_incompletos,Dados incompletos,PROPOSTA para julgamento humano. Classifique em: proposta_baixo | proposta_alto | proposta_incerto. baixo se perdas semelhantes antes e depois ou menores que o efeito; incerto se não informado.,categorica,desenho_epoc=its
C_ITS,its_relato_seletivo,Relato seletivo,PROPOSTA para julgamento humano. Classifique em: proposta_baixo | proposta_alto | proposta_incerto. baixo se todos os outcomes relevantes são relatados.,categorica,desenho_epoc=its
C_ITS,its_outros_riscos,"Outros riscos (sazonalidade, antecipação)","PROPOSTA para julgamento humano. Classifique em: proposta_baixo | proposta_alto | proposta_incerto. Considere sazonalidade, antecipação da política antes da data formal e pontos pré-intervenção insuficientes; descreva depois do travessão.",categorica,desenho_epoc=its
