dimensao,variavel,descricao,prompt,tipo,aplicavel_se
Identificacao,texto_confere,PDF corresponde ao registro,"Compare o título e o primeiro autor que aparecem no próprio documento com os metadados fornecidos pelo coordenador (título, autores, ano). Responda 'Sim' se batem; 'Não' se o documento é de outro trabalho; 'parcial' se é outra versão do mesmo trabalho (preprint, working paper, tese, capítulo). Evidência: o título como aparece no documento, com a página.",categorica,
Identificacao,tipo_documento,Tipo de documento,"Classifique o documento em exatamente uma destas categorias: artigo | tese | dissertacao | capitulo | livro | relatorio | working_paper | preprint | evento | outro. Baseie-se no que o próprio documento declara (folha de rosto, cabeçalho, nota de publicação).",categorica,
Criterios de elegibilidade,c1_populacao_contexto,População e contexto do protocolo,"O estudo analisa eleitores ou participantes que escolhem entre candidatos, partidos ou opções de referendo ou plebiscito (em eleição real, hipotética ou de laboratório, inclusive com preferências induzidas), em qualquer país, ou unidades eleitorais agregadas (seções, municípios, distritos)? 'Não' para escolhas de consumo, mercado, tecnologia ou finanças e para votações de órgãos deliberativos reais (júri, comitê, conselho, legislativo). Jogos eleitorais de laboratório com informação de pesquisa atendem, qualquer que seja o tamanho do grupo ou da sessão. Responda começando por 'Sim' (atende), 'Não' (não atende) ou 'parcial' (ambíguo ou só parte da amostra), seguido de uma frase curta. Use 999 se o documento não informa. Evidência: trecho que descreve a amostra ou o contexto.",categorica,
Criterios de elegibilidade,c2_intervencao_estudada,Intervenção estudada como objeto empírico,"O resultado de pesquisa eleitoral (pesquisa pré-eleitoral publicada, agregador ou projeção baseada em pesquisas, pesquisa de boca de urna ou projeção divulgada antes do fechamento das urnas) é a exposição analisada: manipulada em experimento, com variação natural identificada (proibição ou embargo de divulgação, fuso horário, calendário de publicação) ou medida no indivíduo em painel? Responda 'Não' quando a pesquisa aparece só como contexto, motivação, fonte de dados para medir intenção de voto, objeto de análise de precisão ou metodologia, ou tema de cobertura de mídia sem desfecho de voto; também 'Não' para resultados de eleições passadas, mercados de apostas ou métricas de redes sociais como exposição. Comece por 'Sim', 'Não' ou 'parcial', seguido de uma frase curta. Use 999 se o documento não permite dizer. Evidência: trecho que define o tratamento, a exposição ou o objeto.",categorica,
Criterios de elegibilidade,c3_desfecho,Desfecho do protocolo medido ou analisado,"O estudo mede ou analisa (a) intenção de voto, escolha de voto ou votação agregada de candidato, partido ou opção, de modo que se possa comparar o apoio ao que a pesquisa mostra à frente com o apoio ao que mostra atrás; ou (b) comparecimento (real, validado, agregado ou intenção de comparecer), que entra na célula de mobilização? Responda 'Não' quando o único desfecho é avaliação ou simpatia pelo candidato sem medida de voto nem de comparecimento, expectativa de quem vence, busca de informação ou financiamento de campanha. Não responda 'Não' só porque faltam dados numéricos utilizáveis: isso não é motivo de exclusão. Comece por 'Sim', 'Não' ou 'parcial', seguido de uma frase curta e diga se o desfecho é de voto, de comparecimento ou ambos. Use 999 se o documento não informa. Evidência: trecho que define o desfecho ou a variável dependente.",categorica,
Criterios de elegibilidade,c4_desenho_elegivel,Desenho ou tipo de evidência elegível,"O desenho do estudo está entre os aceitos no protocolo: experimento aleatorizado (survey experiment, laboratório, campo ou online), experimento natural ou quase-experimento com variação identificada da exposição (proibição ou embargo, fuso horário, calendário de divulgação, diferenças em diferenças, descontinuidade, série interrompida), ou painel individual com exposição medida antes do desfecho e comparação entre níveis de exposição? Responda 'Não' para estudo observacional agregado sem variação identificada da exposição (tendência de pesquisas comparada ao resultado, 'momentum'), percepção autodeclarada de influência sem comparação, simulação ou modelo teórico sem dados, estudo qualitativo, normativo, teórico ou só de jurisprudência. Comece por 'Sim', 'Não' ou 'parcial', seguido de uma frase curta. Use 999 se o documento não descreve o método. Evidência: trecho da seção de método ou de dados.",categorica,
Criterios de elegibilidade,c5_estudo_primario,Estudo primário,"O documento relata um estudo primário com análise própria de dados? Responda 'Não' para revisão de literatura, revisão sistemática, meta-análise, editorial ou comentário, e escreva 'revisão: usar na bola de neve' na frase. Comece por 'Sim', 'Não' ou 'parcial', seguido de uma frase curta. Evidência: trecho que descreve os dados ou o tipo de trabalho.",categorica,
Criterios de elegibilidade,c6_nao_retratado,Sem aviso de retratação no documento,"O documento está livre de aviso de retratação (marca 'RETRACTED', nota ou página de retratação)? Responda 'Sim' se não há aviso, usando como evidência o título na primeira página do documento; 'Não' se há aviso, citando o aviso como evidência. A checagem externa (OpenAlex e Crossref; para textos sem DOI, a página da editora ou do repositório) não é sua: ela é feita pelo coordenador, que a registra e a aplica.",categorica,
Ligacao de relatos,outros_relatos_mesmo_estudo,Outros relatos do mesmo estudo,"O documento menciona outros relatos do mesmo estudo (versão anterior, tese ou dissertação que originou o artigo, working paper, relatório técnico, artigo com os mesmos dados)? Cite o trecho e a referência mencionada; 999 se não há menção.",textual,
Ligacao de relatos,fonte_dados_amostra,Fonte de dados e amostra,"Descreva em uma frase a fonte de dados, o período e o tamanho da amostra (ex.: survey experiment online com 2.000 eleitores em 2017; 1.200 seções eleitorais em 2012). Serve para ligar relatos do mesmo estudo.",textual,
Ligacao de relatos,registro_financiamento,Registro prévio ou financiamento,"Transcreva identificadores de pré-registro (OSF, AEA RCT Registry, RIDIE, EGAP) ou de projeto financiado (número de processo ou edital) citados no documento; 999 se não há.",textual,
