id_efeito,ficha_id,chave,id_estudo,desenho,estimando,outcome,construto_outcome,direcao_desejada,modelo,modelo_principal,subgrupo,tipo_estatistica,m1,sd1,n1,m2,sd2,n2,t,df,f,beta,se,sdy,or_,ci_lo,ci_hi,r,p,n_total,cluster,icc,evidencia,pagina,verificado_humano,yi,vi,sei,formula_id,aproximado,sinal_alinhado,aviso,q1_1,q3_1,q1_2,q3_2,m_preditores,p0,p1,efeito_pp,se_pp,familia_intervencao,comparador_tipo,alvo_efeito,desenho_fino,regiao,tipo_eleicao,realismo_contexto,ano_eleicao_pre2010,sistema_eleitoral,rob_geral,celula_alvo,beta_proxy_sinal
Agranov2017a-E05,Agranov2017a,Agranov2017a,ES1529,"RCT por cluster (experimento de laboratório; tratamento informacional por sessão, grupos fixos de 9)",ATE,Observed Vote Prob if Majority (propensão individual a votar),mobilizacao,aumentar,"Tabela 3, Perfect Polls (maioria esperada) vs. No Polls (Observed Vote Prob), linha Cost = 50",sim,maioria esperada; custo de votar = 50 centavos,dif_prop,,,72,,,63,,,,,,,,,,,,,9,0.05,Cost%=%50 0.43%(0.04) 0.52%(0.05) 0.27%(0.04) 0.50%(0.05) 0.31%(0.04),21,,0.198395295991519,0.0506613060275899,0.225080665601446,dif_prop_contagens+de_cluster,0,mantido,d via log OR (Chinn 2000): pressupõe distribuição logística latente; variância multiplicada pelo efeito de desenho 1 + (9 − 1)·0.05,,,,,,0.43,0.52,,,pesquisa_pre_eleitoral,sem_pesquisa,nao_se_aplica,lab_preferencias_induzidas,outro,simulada_abstrata,induzido,nao,regra_do_experimento,algumas_preocupacoes,mobilizacao,
Agranov2017a-E13,Agranov2017a,Agranov2017a,ES1529,"RCT por cluster (experimento de laboratório; tratamento informacional por sessão, grupos fixos de 9)",ATE,alternativa preferida pela maioria ex ante (cor da urna sorteada) eleita,apoio_ao_lider,aumentar,"Seção 7 (Conclusões), probabilidade de eleger a alternativa majoritária ex ante: Perfect Polls vs. No Polls, agregado nos dois custos",sim,,dif_prop,,,160,,,140,,,,,,,,,,,,,20,0.05,"the probability of that alternative being elected is 74% when no polls are available, 91% when perfect polls are available, and 83% when endogenous polls are utilized.",39,,0.697140645563968,0.0668994519577815,0.258649283698566,dif_prop_contagens+de_cluster,0,mantido,d via log OR (Chinn 2000): pressupõe distribuição logística latente; variância multiplicada pelo efeito de desenho 1 + (20 − 1)·0.05,,,,,,0.74,0.91,,,pesquisa_pre_eleitoral,sem_pesquisa,lider,lab_preferencias_induzidas,outro,simulada_abstrata,induzido,nao,regra_do_experimento,algumas_preocupacoes,principal,
Alabrese2024a-E002,Alabrese2024a,Alabrese2024a,ES1893,painel com efeitos fixos,outro,Turnout (votos/eleitores aptos do distrito),mobilizacao,aumentar,"Tabela 2, coluna 2: interacao NationalPollmargin w1 x LocalSafety t-1; EF distrito + EF regiao*ano; EP cluster distrito",sim,,beta_sd,,,,,,,,,,-0.1763,0.0275,0.0824,,,,,<0.01,4676,,,NationalPollmarginw1 * LocalSafetyt−1 -0.1775*** -0.1763*** (0.0291) (0.0275),30,,-2.13921976957652,0.111345218022288,0.333684308924301,beta_sd,0,mantido,"|g| > 2: conferir extração (EP lido como DP, unidades, sinal)",,,,,,,,,,pesquisa_pre_eleitoral,outro,nao_se_aplica,outro,outro,candidato_partido,real,nao,pluralidade,grave,mobilizacao,
Alabrese2024a-E129,Alabrese2024a,Alabrese2024a,ES1893,painel com efeitos fixos,outro,Pr. of Winning: partido incumbente local vence o distrito,apoio_ao_lider,aumentar,"Tabela A.7, coluna 5: interacao NationalPollmargin w1 x LocalSafety t-1; EF partido + EF distrito + EF regiao*ano; LPM [coordenador: coeficiente de interação impresso em escala de probabilidade por unidade de margem nacional × segurança local (ambas 0-1); estava ×100 como efeito_pp, o que gerava |pp|>100; não é contraste binário e não é convertível em d]",sim,I = P: partido do incumbente local lidera as pesquisas nacionais (desfecho do partido a frente),beta_sd,,,,,,,,,,-1.6799,0.5166,,,,,,<0.01,2026,,,NationalPollmarginw1 * LocalSafetyt−1 -0.0634 -0.0984 0.5588*** -1.3001*** -1.6799*** 7.5263*** 3.2762*** -12.0562*** (0.0821) (0.0623) (0.0719) (0.1808) (0.5166) (0.6207) (0.6366) (1.1657),57,,,,,sem_calculo,,,beta_sd exige sdy > 0 (DP de Y no grupo de controle),,,,,,,,,,pesquisa_pre_eleitoral,outro,lider,outro,outro,candidato_partido,real,nao,pluralidade,grave,principal,
Araujo2021a-E01,Araujo2021a,Araujo2021a,ES3796,experimento natural,ITT,share of votes for Bolsonaro (frontrunner),apoio_ao_lider,aumentar,"Figura 2, Modelo 1 (frontrunner), OLS, primeiro turno",sim,,dif_prop,,,,,,,,,,,,,,,,,,452656,,,support for the announced frontrunner is 5.69 pp higher in treated units,12,,0.12748538855049,1.09410620895786e-05,0.00330772763231476,dif_prop_lpm,1,mantido,d via log OR (Chinn 2000): pressupõe distribuição logística latente; p1 reconstruído como p0 + efeito_pp/100; grupos assumidos iguais (n_total/2),,,,,,0.4112,,5.69,,outro,unidades_nao_expostas,lider,experimento_natural,brasil,candidato_partido,real,nao,maioria_dois_turnos,grave,principal,
Araujo2021a-E06,Araujo2021a,Araujo2021a,ES3796,experimento natural,ITT,share of votes for Bolsonaro (frontrunner),apoio_ao_lider,aumentar,"Figura 3, Modelo 1 (frontrunner), OLS, segundo turno",sim,,dif_prop,,,,,,,,,,,,,,,,,,453016,,,Bolsonaro’s vote share increases by 11.76 pp in voting machines where,14,,0.263115974647232,1.09984126508281e-05,0.00331638547983012,dif_prop_lpm,1,mantido,d via log OR (Chinn 2000): pressupõe distribuição logística latente; p1 reconstruído como p0 + efeito_pp/100; grupos assumidos iguais (n_total/2),,,,,,0.49,,11.76,,outro,unidades_nao_expostas,lider,experimento_natural,brasil,candidato_partido,real,nao,maioria_dois_turnos,grave,principal,
Boukouras2020a-E01,Boukouras2020a,Boukouras2020a,ES2149,RCT por cluster (laboratório; condição atribuída por sessão de 15 sujeitos),ATE,rounds won by party K (rate of electoral success),apoio_ao_lider,aumentar,"E1: Tabela VI, teste exato de Fisher unilateral; tratamento = só as 2 pesquisas (de 5) mais favoráveis a K reveladas, sem aviso da regra; controle = as 5 pesquisas reveladas; a exposição enviesada favorece o candidato do partido K; desfecho = fração de rodadas (eleições) vencidas por K; unidade = rodada",sim,,dif_prop,,,60,,,60,,,,,,,,,,,0.0138,120,15,0.05,in E1 party K won 60% of all rounds in the control condition but 80% of the rounds in the treatment,16,,0.537315180579698,0.0885722830351444,0.297610959198656,dif_prop_contagens+de_cluster,0,mantido,d via log OR (Chinn 2000): pressupõe distribuição logística latente; variância multiplicada pelo efeito de desenho 1 + (15 − 1)·0.05,,,,,,0.60,0.80,,,pesquisa_pre_eleitoral,outro,lider,lab_preferencias_induzidas,outro,candidato_partido,induzido,nao,regra_do_experimento,algumas_preocupacoes,principal,
Boukouras2020a-E02,Boukouras2020a,Boukouras2020a,ES2149,RCT por cluster (laboratório; condição atribuída por sessão de 15 sujeitos),ATE,rounds won by party K (rate of electoral success),apoio_ao_lider,aumentar,"E2: Tabela VI, teste exato de Fisher unilateral; tratamento = só as 2 pesquisas (de 5) mais favoráveis a K reveladas, sem aviso da regra; controle = 2 pesquisas sorteadas ao acaso; a exposição enviesada favorece o candidato do partido K; desfecho = fração de rodadas (eleições) vencidas por K; unidade = rodada",sim,,dif_prop,,,60,,,60,,,,,,,,,,,0.121,120,15,0.05,In E2 party K won 61.6% of all rounds in the control but 73.3% of the rounds in the treatment,16,,0.294338170472824,0.0793929474300322,0.28176754147707,dif_prop_contagens+de_cluster,0,mantido,d via log OR (Chinn 2000): pressupõe distribuição logística latente; variância multiplicada pelo efeito de desenho 1 + (15 − 1)·0.05,,,,,,0.616,0.733,,,pesquisa_pre_eleitoral,outro,lider,lab_preferencias_induzidas,outro,candidato_partido,induzido,nao,regra_do_experimento,algumas_preocupacoes,principal,
Boukouras2020a-E03,Boukouras2020a,Boukouras2020a,ES2149,RCT por cluster (laboratório; condição atribuída por sessão de 15 sujeitos),ATE,rounds won by party K (rate of electoral success),apoio_ao_lider,aumentar,"E3: Tabela VI, teste exato de Fisher unilateral; tratamento = só as 2 pesquisas (de 5) mais favoráveis a K reveladas, com aviso prévio da regra; controle = as 5 pesquisas reveladas; a exposição enviesada favorece o candidato do partido K; desfecho = fração de rodadas (eleições) vencidas por K; unidade = rodada",sim,,dif_prop,,,75,,,60,,,,,,,,,,,0.245,135,15,0.05,in E3 party K won 56.7% of all rounds in the control but 64% of the rounds in the treatment,16,,0.167612369937485,0.0642507081114319,0.253477233911513,dif_prop_contagens+de_cluster,0,mantido,d via log OR (Chinn 2000): pressupõe distribuição logística latente; variância multiplicada pelo efeito de desenho 1 + (15 − 1)·0.05,,,,,,0.567,0.64,,,pesquisa_pre_eleitoral,outro,lider,lab_preferencias_induzidas,outro,candidato_partido,induzido,nao,regra_do_experimento,algumas_preocupacoes,principal,
Brugarolas2021-E01,Brugarolas2021,Brugarolas2021,ES1705,RDD (experimento natural),ITT,turnout intention (proporção de entrevistados que disseram que votariam nas eleições nacionais),mobilizacao,aumentar,"Seção 3.2 ""Main Result"": diferença de médias entre tratados e controles na janela [-0.8, 0.8] dias em torno da divulgação do Poll1, estimada por métodos de randomização local (pacote rdrandinf), sem controles; janela escolhida pelo algoritmo de seleção por testes de balanceamento aninhados; Figura 2 (p. 5 do PDF); IC estimado pelo mesmo pacote. Não há tabela numerada no corpo (Tabelas A2-A6 estão no SI Appendix, não anexado a este PDF)",sim,,dif_prop,,,,,,,,,,,,,,2.0,9.0,,,,,,"We found that ... release increased the turnout intention by 5.1% (CI: [2.0,9.0]).",6,,0.259370047821368,0.0119667549303224,0.109392663969401,dif_prop_lpm,1,mantido,"d via log OR (Chinn 2000): pressupõe distribuição logística latente; p1 reconstruído como p0 + efeito_pp/100; Var(ln OR) pelo EP do efeito em pp (método delta, p0 fixo); efeito de LPM/DiD/RDD: conversão aproximada (sensibilidade sem aproximados); gl indisponível: sem correção J (valor é d, não g)",,,,,,0.849,,5.1,,pesquisa_pre_eleitoral,unidades_nao_expostas,nao_se_aplica,experimento_natural,outro,candidato_partido,real,nao,999,moderado,mobilizacao,
Bursztyn2023a-E01,Bursztyn2023a,Bursztyn2023a,ES1601,DiD (estudo de eventos),ATT,Net Turnout (%),mobilizacao,aumentar,"Tabela 3, coluna 1 (comparecimento liquido diario em Genebra), coeficiente do dia +1 apos a divulgacao",sim,,beta_sd,,,,,,,,,,0.3905,0.1737,1.99,,,,,0.045,766,,,1 day after poll × Ex Ante Closeness (std.) ... 0.3905** ... (0.1737) ... [0.045],39,,0.196038457426247,0.00760396507498653,0.0872007171701387,beta_sd,0,mantido,estimando ATT: não comparável diretamente a ATE; analisar em separado ou em sensibilidade,,,,,,,,,,pesquisa_pre_eleitoral,outro,azarao,experimento_natural,outro,referendo,real,nao,referendo,baixo,mobilizacao,
Bursztyn2023a-E17,Bursztyn2023a,Bursztyn2023a,ES1601,painel com efeitos fixos,ATT,Vote Share for Trailing Side,apoio_ao_lider,reduzir,"Tabela 6, coluna 2 (interacao proximidade × apoio estimado ao lado atras; parcela municipal de votos do lado atras)",sim,,beta_sd,,,,,,,,,,0.0634,0.0213,18.25,,,,,,124032,,,Ex Ante Closeness (std.) × Trailing Side’s Estimated Support ... 0.0634∗∗∗ ... (0.0213),42,,-0.00347395159584862,1.36216029468196e-06,0.00116711623015104,beta_sd,0,invertido,estimando ATT: não comparável diretamente a ATE; analisar em separado ou em sensibilidade,,,,,,,,,,pesquisa_pre_eleitoral,outro,azarao,experimento_natural,outro,referendo,real,nao,referendo,alto,principal,
Chatterjee2019a-E02,Chatterjee2019a,Chatterjee2019a,ES1538,"DiD (experimento natural: proibicao de divulgacao de resultados de boca de urna na India, Representation of the People (Amendment) Act 2009, em vigor desde 1/2/2010)",ATT,"Winner - vote share of the eventual winner (Vote Share Winner, pontos percentuais)",apoio_ao_lider,aumentar,"Tabela 3, bloco Winner, coluna 2 (com controles: population, sex ratio, literacy, total electors, urban employment); DiD Y = a + b*alwaysmulti + g*after + d*(alwaysmulti x after) (+ controles), MQO com EP robusto; eleicoes de assembleia estadual (4 estados, 2004-2010)",sim,,beta_sd,,,,,,,,,,-2.921,1.196,9.97,,,,,,1352,,,Winner Runner-Up Others ˆδ 0.652 2.921* -2.278*** 0.738 1.781 -2.934* (1.012) (1.196) (0.778) (0.987) (1.349) (1.461) Controls No Yes No Yes No Yes ... Obs 1352 1352 1352 1352 1352 1352,21,,-0.292816140586977,0.0143743849015459,0.119893222917502,beta_sd,0,mantido,estimando ATT: não comparável diretamente a ATE; analisar em separado ou em sensibilidade,,,,,,0.4404,,-2.921,1.196,boca_de_urna,antes_depois_proibicao,lider,experimento_natural,outro,candidato_partido,real,nao,pluralidade,alto,principal,
Chatterjee2019a-E14,Chatterjee2019a,Chatterjee2019a,ES1538,"DiD (experimento natural: proibicao de divulgacao de resultados de boca de urna na India, Representation of the People (Amendment) Act 2009, em vigor desde 1/2/2010)",ATT,"Voter Turnout (Poll Percentage) - comparecimento na constituencia, pontos percentuais",mobilizacao,aumentar,"Tabela 7, bloco Voter Turnout, coluna 2 (com controles: population, sex ratio, literacy, total electors, urban employment); DiD Y = a + b*alwaysmulti + g*after + d*(alwaysmulti x after) (+ controles), MQO com EP robusto; eleicoes de assembleia estadual (4 estados, 2004-2010)",sim,,beta_sd,,,,,,,,,,-4.706,1.290,13.28,,,,,,1355,,,Voter Turnout Winning Margin ˆδ 9.492*** 4.706*** 2.930** 2.183 (0.944) (1.290) (1.194) (1.593) Controls No Yes No Yes ... Obs 1355 1355 1352 1352,28,,-0.354170999280805,0.00942543859747885,0.0970846980603991,beta_sd,0,mantido,estimando ATT: não comparável diretamente a ATE; analisar em separado ou em sensibilidade,,,,,,0.6050,,-4.706,1.290,boca_de_urna,antes_depois_proibicao,nao_se_aplica,experimento_natural,outro,candidato_partido,real,nao,pluralidade,alto,mobilizacao,
Cornejo2023a-E05,Cornejo2023a,Cornejo2023a,ES1625,"RCT (survey experiment, aleatorizacao individual)",ATE,Support for the anti-PRI candidate with better standing in the polls,apoio_ao_lider,reduzir,"Tabela A6 (Logistic Regression Model - Vote Choice Effect, among opposition and undecided voters), col. (1) «Aggregate Effect» (figura 4, painel «3rd Parties + DK»); coeficiente de «Strategic Voting Effect»; controle: State dummy",sim,,or,,,,,,,,,,0.35,0.19,,1.419068,,,,<0.1,545,,,Strategic Voting Effect 0.35* 0.60** 0.65* 0.16 0.66** -0.09 (0.19) (0.28) (0.36) (0.26) (0.30) (1.44)...Observations 545 257 198 288 218 73,34,,-0.192698639367129,0.0109427787920551,0.104607737725539,or_logit,0,invertido,assume distribuição logística latente (d = ln(OR)·√3/π); se interpretado como EP de ln(OR),,,,,,,,,,pesquisa_pre_eleitoral,sem_pesquisa,segundo_viavel,survey_experiment,america_latina,candidato_partido,real,nao,pluralidade,algumas_preocupacoes,viabilidade,
Dahlgaard2016a-E01,Dahlgaard2016a,Dahlgaard2016a,ES1524,RCT (survey experiment),ITT,"intenção de voto no Partido Social-Democrata (support in pct., Figura 3)",apoio_ao_lider,aumentar,"Figura 3, painel esquerdo (Social-Democratas): artigo de ganho vs. grupo de controle",sim,,dif_prop,,,600,,,600,,,,,,,,,,,0.14,1700,,,"In the control group, the support for the Social Democrats is 18.1% ... The group which read the gain article had a 3.4 percentage point higher support than the control group, which corresponds to a support of 21.5%.",10,,0.11820878699185,0.00641112211902608,0.080069483069557,dif_prop_contagens,0,mantido,d via log OR (Chinn 2000): pressupõe distribuição logística latente,,,,,,0.181,0.215,3.4,,pesquisa_pre_eleitoral,sem_pesquisa,nao_se_aplica,survey_experiment,outro,candidato_partido,real,nao,proporcional,algumas_preocupacoes,momentum_outro,
Erlich2023-E01,Erlich2023,Erlich2023,ES3980,RCT (lab-in-the-field com blocagem multivariada contínua e randomização sequencial; 3 braços: placebo e dois tratamentos),ATE,Vote (comparecimento autodeclarado na pesquisa telefônica pós-eleitoral; binário),mobilizacao,aumentar,"Tabela N.12 (Apêndice N.2, 'Outcome of MIPO|X analysis'), coluna Vote, regressão logística; controles: Female; coeficiente em log-odds, placebo como categoria de referência; tratamento = American Treatment (previsão da pesquisa atribuída a 'an American university'); comparador = Placebo (mesmas notícias sem a previsão)",sim,,or,,,,,,,,,,-0.09,0.54,,0.9139,,,,,181,,,Legitimacy Vote ... American Treatment −0.87∗ −0.09 (0.40) (0.54) ... Num. obs. 172 181,56,,-0.0494301403573525,0.0878935351794406,0.296468438757721,or_logit,0,mantido,assume distribuição logística latente (d = ln(OR)·√3/π); se interpretado como EP de ln(OR),,,,,,,,,,pesquisa_pre_eleitoral,sem_pesquisa,lider,lab_candidatos_reais,outro,candidato_partido,real,nao,maioria_dois_turnos,alto,mobilizacao,
Farjam2020a-E02,Farjam2020a,Farjam2020a,ES1556,RCT (experimento online em oTree; participantes alocados aleatoriamente a seis tratamentos cruzando exposicao ou nao aos resultados da pesquisa com tres sistemas eleitorais),ATE,"votes for the most popular option (voto recodificado pela posicao da organizacao na pesquisa: minority = 0, middle = 1, majority = 2; variavel dependente ordinal)",apoio_ao_lider,aumentar,"Tabela 2 (p. 417), Modelo 2, linha Poll: mesma regressao ordinal de efeitos mistos bayesiana, acrescentando atitude politica (termo linear e quadratico) aos controles do Modelo 1; especificacao com mais controles no corpo do artigo",sim,,beta_sd,,,,,,,,,,0.31,,,,0.07,0.58,,,1113,4,0.05,"Poll ... 0.31 [0.07, 0.58] 166:1",6,,,,,sem_calculo,,,beta_sd exige sdy > 0 (DP de Y no grupo de controle),,,,,,,,,,pesquisa_pre_eleitoral,sem_pesquisa,lider,lab_candidatos_reais,outro,candidato_partido,real,nao,regra_do_experimento,algumas_preocupacoes,principal,
Feltovich2022-E01,Feltovich2022,Feltovich2022,ES4448,regressão com controles dentro de experimento de laboratório (conteúdo da prévia não aleatorizado),associacao,"Vote for Incumbent (voto individual no incumbente na eleição, excluindo candidatos)",apoio_ao_lider,aumentar,"Tabela 9 (probit, efeitos marginais médios, EP agrupado por sessão), coluna 'Vote for Incumbent (Election-Only)'; células só-eleição EH+EL; regressor = parcela de votos do INCUMBENTE na prévia (0-1, com termo quadrático no modelo); coeficiente positivo = mais apoio a quem tem mais apoio na prévia (bandwagon)",sim,células só-eleição (EH+EL),beta_sd,,,,,,,,,,0.248,0.037,,,,,,<0.01,,,,Incumbent straw vote share 0.248∗∗∗ 0.998∗∗ 0.442∗∗ 0.692∗∗ (0.037) (0.134) (0.059) (0.056),16,,,,,sem_calculo,,,beta_sd exige sdy > 0 (DP de Y no grupo de controle),,,,,,,,,,pesquisa_pre_eleitoral,outro,lider,lab_preferencias_induzidas,outro,candidato_partido,induzido,nao,regra_do_experimento,grave,principal,
Feltovich2022-E02,Feltovich2022,Feltovich2022,ES4448,regressão com controles dentro de experimento de laboratório (conteúdo da prévia não aleatorizado),associacao,"Vote for Incumbent (voto individual no incumbente na eleição, excluindo candidatos)",apoio_ao_lider,aumentar,"Tabela 9 (probit, efeitos marginais médios, EP agrupado por sessão), coluna 'Vote for Incumbent (Message)'; células de mensagens MH+ML; regressor = parcela de votos do INCUMBENTE na prévia (0-1, com termo quadrático e interações com mensagens no modelo); coeficiente positivo = mais apoio a quem tem mais apoio na prévia (bandwagon)",sim,células de mensagens (MH+ML),beta_sd,,,,,,,,,,0.442,0.059,,,,,,<0.01,,,,Incumbent straw vote share 0.248∗∗∗ 0.998∗∗ 0.442∗∗ 0.692∗∗ (0.037) (0.134) (0.059) (0.056),16,,,,,sem_calculo,,,beta_sd exige sdy > 0 (DP de Y no grupo de controle),,,,,,,,,,pesquisa_pre_eleitoral,outro,lider,lab_preferencias_induzidas,outro,candidato_partido,induzido,nao,regra_do_experimento,grave,principal,
Fichnova2015a-E01,Fichnova2015a,Fichnova2015a,ES1803,RCT (alocação aleatória dos respondentes às versões A-D),associacao,"candidate ranking: 'how would you vote?' (concordância de postos entre o ranking da pesquisa forjada apresentada e a ordenação dos candidatos pelos respondentes, R de Spearman)",apoio_ao_lider,aumentar,"Tabela 1 (arquivo eslovaco), Versão A: linha final da tabela, R de Spearman entre o ranking da pesquisa forjada e a ordenação dos respondentes (f = n-2 = 5, ou seja, 7 candidatos)",sim,arquivo eslovaco (37 respondentes),r,,,,,,,,5,,,,,,,,0.909,<0.05,7,,,Table 1. Comparing candidate ranking in four poll variations ... with respondents from the Slovak file. ... Version A ... R = 0.909 (α 0.05),8,,3.67313254572566,1.36893092088392,1.17001321397834,r_d_n_total,1,mantido,"r→d pressupõe X dicotômico (ponto-bisserial); r entre variáveis contínuas vai para z de Fisher; sem n1 e n2: grupos assumidos iguais (p1 = 0,5); |g| > 2: conferir extração (EP lido como DP, unidades, sinal)",,,,,,,,,,pesquisa_pre_eleitoral,mesmo_candidato_atras,lider,survey_experiment,outro,candidato_partido,hipotetico,nao,regra_do_experimento,alto,principal,
Fichnova2015a-E05,Fichnova2015a,Fichnova2015a,ES1803,RCT (alocação aleatória dos respondentes às versões A-D),associacao,"candidate ranking: 'how would you vote?' (concordância de postos entre o ranking da pesquisa forjada apresentada e a ordenação dos candidatos pelos respondentes, R de Spearman)",apoio_ao_lider,aumentar,"Tabela 2 (arquivo polonês), Versão A: linha final da tabela, R de Spearman entre o ranking da pesquisa forjada e a ordenação dos respondentes (f = n-2 = 5, ou seja, 7 candidatos)",sim,arquivo polonês (42 respondentes),r,,,,,,,,5,,,,,,,,0.973,<0.05,7,,,Table 2. Comparing candidate ranking in four poll variations ... with respondents from the Polish file. ... Version A ... R = 0.973 (α 0.05),8,,7.10008900444356,4.00602814749473,2.00150646951108,r_d_n_total,1,mantido,"r→d pressupõe X dicotômico (ponto-bisserial); r entre variáveis contínuas vai para z de Fisher; sem n1 e n2: grupos assumidos iguais (p1 = 0,5); |g| > 2: conferir extração (EP lido como DP, unidades, sinal)",,,,,,,,,,pesquisa_pre_eleitoral,mesmo_candidato_atras,lider,survey_experiment,outro,candidato_partido,hipotetico,nao,regra_do_experimento,alto,principal,
Freden2024a-E01,Freden2024a,Freden2024a,ES2328,"RCT (survey experiment, aleatorização individual em 9 condições)",ATE,Voto declarado no partido-alvo KD 'given this state of opinion' (% da linha por condição),apoio_ao_lider,aumentar,"Tabela 1, coluna KD, grupo KD: 5,5% (tratamento) vs 2,5% (comparação); teste t no texto p. 6",sim,partido-alvo KD,dif_prop,,,368,,,376,-4.88,,,,,,,,,,<0.05,,,,"between 2.5% and 5.5% (t(1,744) = 4.88, p < .05) ... KD 2.5% 15.16 2.93 8.24 4.0% 14.62 5.74 7.31 5.5% 11.96 4.62 4.08",6,,-0.411559214129529,0.031733507705929,0.178139012307605,dif_prop_contagens,0,mantido,d via log OR (Chinn 2000): pressupõe distribuição logística latente,,,,,,0.0824,0.0408,,,pesquisa_pre_eleitoral,outro,partido_abaixo_clausula,survey_experiment,outro,candidato_partido,real,nao,proporcional,algumas_preocupacoes,viabilidade,
Freden2024a-E04,Freden2024a,Freden2024a,ES2328,"RCT (survey experiment, aleatorização individual em 9 condições)",ATE,Voto declarado no partido-alvo L 'given this state of opinion' (% da linha por condição),apoio_ao_lider,aumentar,"Tabela 1, coluna L, grupo L: 5,5% (tratamento) vs 2,5% (comparação); teste t no texto p. 6",sim,partido-alvo L,dif_prop,,,365,,,339,-0.79,,,,,,,,,,0.19,,,,"nor between 2.5% and 5.5% (t(1,704) = 0.79, p = .19) ... L 2.5% 12.98 6.78 5.01 4.0% 14.40 4.80 6.13 5.5% 11.78 4.93 6.03",6,,-0.186309325636659,0.0318864733404929,0.178567839603028,dif_prop_contagens,0,mantido,d via log OR (Chinn 2000): pressupõe distribuição logística latente,,,,,,0.0678,0.0493,,,pesquisa_pre_eleitoral,outro,partido_abaixo_clausula,survey_experiment,outro,candidato_partido,real,nao,proporcional,algumas_preocupacoes,viabilidade,
Freden2024a-E07,Freden2024a,Freden2024a,ES2328,"RCT (survey experiment, aleatorização individual em 9 condições)",ATE,Voto declarado no partido-alvo MP 'given this state of opinion' (% da linha por condição),apoio_ao_lider,aumentar,"Tabela 1, coluna MP, grupo MP: 5,5% (tratamento) vs 2,5% (comparação); teste t no texto p. 6",sim,partido-alvo MP,dif_prop,,,345,,,349,0.03,,,,,,,,,,0.86,,,,"nor between 2.5% and 5.5% (t(1,694) = 0.03, p = .86) ... MP 2.5% 11.46 4.30 5.16 4.0% 11.17 6.98 6.42 5.5% 12.17 5.80 4.64",6,,0.0375392086881616,0.0167898720020697,0.129575738477809,dif_prop_contagens,0,mantido,d via log OR (Chinn 2000): pressupõe distribuição logística latente,,,,,,0.1146,0.1217,,,pesquisa_pre_eleitoral,outro,partido_abaixo_clausula,survey_experiment,outro,candidato_partido,real,nao,proporcional,algumas_preocupacoes,viabilidade,
Gandhi2019-E01,Gandhi2019,Gandhi2019,ES3658,"RCT (survey experiment telefônico aleatorizado, 3 grupos) com DiD pré/pós dentro do sujeito",associacao,Support PH (dummy: 1 = muito/algo provável votar na Pakatan Harapan; medida pré e pós-vinheta),apoio_ao_lider,aumentar,"Tabela 3 (braço DAP: vinheta diz que o DAP terá mais cadeiras na PH e o líder do DAP será PM; controle placebo), Modelo 2 (controles: Alternation important, Coalition chances, DAP/BERSATU/PKR likely winner): coeficiente da interação tripla DAP Treatment × Time × BERSATU Supporter (diferença no efeito DiD entre apoiadores do BERSATU e dos demais partidos da PH); Vinheta mostra a coalizão PH à frente do BN (capaz de formar o próximo governo); desfecho contado = apoio à PH, a coalizão mostrada à frente; LPM por MQO, EP agrupados no estado (tamanho médio do cluster não informado); efeito_pp convertido de proporção (x100); p ajustado Bonferroni = .032",sim,apoiadores do BERSATU vs. apoiadores dos demais partidos da PH (interação tripla),dif_prop,,,,,,,,,,,,,,,,,0.003,1277,,,DAP Treatment × Time × BERSATU Supporter –0.303 0.079 .003 .019 –0.303 0.079 .003 .032,10,,-0.990340662645167,0.0326820475053105,0.180781767624145,dif_prop_lpm,1,mantido,"d via log OR (Chinn 2000): pressupõe distribuição logística latente; p1 reconstruído como p0 + efeito_pp/100; Var(ln OR) pelo EP do efeito em pp (método delta, p0 fixo); efeito de LPM/DiD/RDD: conversão aproximada (sensibilidade sem aproximados)",,,,,,0.899,,-30.3,7.9,pesquisa_pre_eleitoral,outro,lider,survey_experiment,outro,candidato_partido,real,nao,pluralidade,algumas_preocupacoes,principal,
Gandhi2019-E03,Gandhi2019,Gandhi2019,ES3658,"RCT (survey experiment telefônico aleatorizado, 3 grupos) com DiD pré/pós dentro do sujeito",associacao,Support PH (dummy: 1 = muito/algo provável votar na Pakatan Harapan; medida pré e pós-vinheta),apoio_ao_lider,aumentar,"Tabela 4 (braço BERSATU: vinheta diz que o BERSATU terá mais cadeiras na PH e o líder do BERSATU será PM; controle placebo), Modelo 2 (controles: Alternation important, Coalition chances, DAP/BERSATU/PKR likely winner): coeficiente da interação tripla BERSATU Treatment × Time × DAP Supporter (diferença no efeito DiD entre apoiadores do DAP e dos demais partidos da PH); Vinheta mostra a coalizão PH à frente do BN (capaz de formar o próximo governo); desfecho contado = apoio à PH, a coalizão mostrada à frente; LPM por MQO, EP agrupados no estado (tamanho médio do cluster não informado); efeito_pp convertido de proporção (x100)",sim,apoiadores do DAP vs. apoiadores dos demais partidos da PH (interação tripla),dif_prop,,,,,,,,,,,,,,,,,0.107,1277,,,BERSATU Treatment × Time × DAP Supporter –0.078 0.044 0.107 0.747 –0.078 0.044 0.107,11,,-0.370043031602715,0.0276993433640713,0.166431197087779,dif_prop_lpm,1,mantido,"d via log OR (Chinn 2000): pressupõe distribuição logística latente; p1 reconstruído como p0 + efeito_pp/100; Var(ln OR) pelo EP do efeito em pp (método delta, p0 fixo); efeito de LPM/DiD/RDD: conversão aproximada (sensibilidade sem aproximados)",,,,,,0.901,,-7.8,4.4,pesquisa_pre_eleitoral,outro,lider,survey_experiment,outro,candidato_partido,real,nao,pluralidade,algumas_preocupacoes,principal,
Gasperoni2015a-E01,Gasperoni2015a,Gasperoni2015a,ES1534,antes-depois intrassujeito dentro de experimento aleatorizado (não randomizado quanto ao contraste),associacao,Incidence of Voters Who Transferred Their Vote from the Most Preferred to the Second Preferred Candidate,apoio_ao_lider,aumentar,"Tabela 5, linha Total (Grupos 1 e 2 agrupados; percentual que transferiu o voto do candidato mais preferido, declarado aos 9 minutos, para o segundo preferido após duas pesquisas desfavoráveis; sem controles, sem teste de significância)",sim,,dif_prop,,,188,,,,,,,,,,,,,,,188,,,Incidence of Voters Who Transferred Their Vote from the Most Preferred to the Second Preferred Candidate ... Total 10 (188),37,,,,,sem_calculo,,,"d via log OR (Chinn 2000): pressupõe distribuição logística latente; dif_prop exige p0 (proporção no controle) em (0, 1); percentual vira proporção",,,,,,,0.10,,,pesquisa_pre_eleitoral,outro,segundo_viavel,outro,outro,candidato_partido,hipotetico,nao,regra_do_experimento,critico,viabilidade,
Geers2018-E01,Geers2018,Geers2018,ES1577,"painel individual com controles (observacional, nao randomizado)",associacao,Crystallization (vs abstention),mobilizacao,aumentar,"Tabela 2 (p. 533 impressa; folha 13 do PDF), regressao logistica multinomial, coluna “Crystallization (vs abstention)”, linha Poll news / In newspapers (exposicao continua a noticias sobre pesquisas em jornais); controles: sex, education, age, ideology, ideological extremity, political interest, issue news em jornais, issue news na televisao, poll news no outro meio",sim,,or,,,,,,,,,,-30.835,15.597,,,,,,<0.05,765,,,Crystallization (vs abstention) ... Poll news In newspapers − 30.835 (15.597)*,13,,,,,sem_calculo,,,or_ ausente ou <= 0,,,,,,,,,,pesquisa_pre_eleitoral,outro,nao_se_aplica,painel_individual,outro,candidato_partido,real,nao,999,grave,mobilizacao,
Gerber2020a-E12,Gerber2020a,Gerber2020a,ES1587,RCT (aleatorizado no indivíduo) com IV,LATE,comparecimento (turnout 0-1) em registros administrativos,mobilizacao,aumentar,"Tabela 6, coluna 12 (rodada 2010): MQ2E do comparecimento sobre Pr(margem < 100 ou 1.000 votos) pós-tratamento, instrumentada pelo dummy de pesquisa apertada; EF de estado e 5 dummies de voto passado; crença pré-tratamento e controles demográficos; F do instrumento excluído = 42.93; coeficiente em p.p. de comparecimento por 1 p.p. da crença",sim,,dif_prop,,,,,,,,,,,,,,,,,,6688,,,"<100 or 1,000 votes, post ... 0.08 ... (0.33)",53,,0.00219429492091282,8.20736862112115e-05,0.00905945286489264,dif_prop_lpm,1,mantido,"d via log OR (Chinn 2000): pressupõe distribuição logística latente; p1 reconstruído como p0 + efeito_pp/100; Var(ln OR) pelo EP do efeito em pp (método delta, p0 fixo)",,,,,,0.721,,0.08,0.33,pesquisa_pre_eleitoral,outro,azarao,experimento_campo,outro,candidato_partido,real,nao,999,algumas_preocupacoes,mobilizacao,
Gerber2020a-E31,Gerber2020a,Gerber2020a,ES1587,RCT por cluster (aleatorizado no domicílio),ITT,comparecimento (turnout 0-1) em registros administrativos,mobilizacao,aumentar,"Tabela 7, coluna 4 (rodada 2014): postal com pesquisa apertada vs. postal com pesquisa folgada, no modelo que acrescenta o tratamento cruzado de tamanho do eleitorado; dummies dos 8 estratos de aleatorização, de voto em 2008, 2010 e 2012 e de estado; EP agrupados por domicílio; com controles adicionais",sim,,dif_prop,,,,,,,,,,,,,,,,,,126126,,,Close poll (vs. not close poll) ... 0.29 ... (0.25),54,,0.00775937621203611,3.07501939344051e-05,0.00554528573965355,dif_prop_lpm,1,mantido,"d via log OR (Chinn 2000): pressupõe distribuição logística latente; Var(ln OR) pelo EP do efeito em pp (método delta, p0 fixo)",,,,,,0.5345,0.538,0.29,0.25,pesquisa_pre_eleitoral,outro,azarao,experimento_campo,outro,candidato_partido,real,nao,999,algumas_preocupacoes,mobilizacao,
Grillo2024c-E02,Grillo2024c,Grillo2024c,ES1596,DiD,ATT,Voter turnout at closure (end of the day),mobilizacao,aumentar,"Tabela 1, coluna 1 (baseline DiD ponderado por eleitores registrados, sem controles de clima); coeficiente Closure X 2nd Round",sim,,dif_prop,,,,,,,,,,,,2.648,,,,,0.000,576,,,Closure X 2nd Round -3.440∗∗∗ ... (0.000),13,,-0.111857858773376,0.0124754577540336,0.111693588688132,dif_prop_lpm,1,mantido,d via log OR (Chinn 2000): pressupõe distribuição logística latente; p1 reconstruído como p0 + efeito_pp/100; grupos assumidos iguais (n_total/2); efeito de LPM/DiD/RDD: conversão aproximada (sensibilidade sem aproximados),,,,,,0.80072,,-3.440,,boca_de_urna,outro,nao_se_aplica,experimento_natural,outro,candidato_partido,real,nao,maioria_dois_turnos,alto,mobilizacao,
Groer2010a-E01,Groer2010a,Groer2010a,ES1589,"RCT por cluster (experimento de laboratorio, entre sujeitos)",ATE,aggregate turnout rate (taxa de comparecimento por eleitorado),mobilizacao,aumentar,"ER1, teste de Wilcoxon-Mann-Whitney no nivel do eleitorado, comparacao IF-UF (eleitorados so de flutuantes; Figura 2)",sim,,mann_whitney,0.40,,6,0.31,,6,,,,,,,,,,,<0.05,12,12,0.05,"at the 5% significance level for the IF-UF comparison ... The increase in turnout is approximately 28% when all voters float ... the 31% (37%) observed ... the observed 40% and 45%, respectively",16,,,,,sem_calculo,,,"Mann-Whitney via z (normal), não via t: r = z/√N, depois r → d com p1 = n1/N; exige z (coluna t) ou p",,,,,,0.31,0.40,,,pesquisa_pre_eleitoral,sem_pesquisa,nao_se_aplica,lab_preferencias_induzidas,999,simulada_abstrata,induzido,nao,regra_do_experimento,algumas_preocupacoes,mobilizacao,
Groer2010a-E02,Groer2010a,Groer2010a,ES1589,"RCT por cluster (experimento de laboratorio, entre sujeitos)",ATE,aggregate turnout rate (taxa de comparecimento por eleitorado),mobilizacao,aumentar,"ER1, teste de Wilcoxon-Mann-Whitney no nivel do eleitorado, comparacao IM-UM (eleitorados mistos; Figura 2)",sim,,mann_whitney,0.45,,6,0.37,,6,,,,,,,,,,,<0.10,12,12,0.05,"and at the 10% level for IM-UM ... 22% when there are allied voters ... the 31% (37%) observed ... the observed 40% and 45%, respectively",16,,,,,sem_calculo,,,"Mann-Whitney via z (normal), não via t: r = z/√N, depois r → d com p1 = n1/N; exige z (coluna t) ou p",,,,,,0.37,0.45,,,pesquisa_pre_eleitoral,sem_pesquisa,nao_se_aplica,lab_preferencias_induzidas,999,simulada_abstrata,induzido,nao,regra_do_experimento,algumas_preocupacoes,mobilizacao,
Kaplan2019a-E01,Kaplan2019a,Kaplan2019a,ES1622,"RCT (experimento em survey com 4 braços de prognóstico; medida antes-depois intra-sujeito, sem braço sem prognóstico)",associacao,changed their initial turnout decision after being exposed to an election forecast,mobilizacao,aumentar,"Seção 5 Results (p. 24 impressa; folha 25 do PDF), texto: percentual global de troca da decisão de comparecer sobre N = 186; o artigo não traz tabela de regressão nem modelo numerado",sim,,dif_prop,,,186,,,,,,,,,,,,,,,186,,,14.5% of subjects changed their initial turnout decision after being exposed to an election forecast.,25,,,,,sem_calculo,,,"d via log OR (Chinn 2000): pressupõe distribuição logística latente; dif_prop exige p0 (proporção no controle) em (0, 1); percentual vira proporção",,,,,,,0.145,,,agregador_projecao,outro,nao_se_aplica,survey_experiment,outro,candidato_partido,hipotetico,nao,regra_do_experimento,critico,mobilizacao,
Klor2017a-E01,Klor2017a,Klor2017a,ES1563,RCT (experimento de laboratório; sorteio individual da preferência e do eleitorado a cada rodada),ATE,decisão de votar na segunda fase (Vote_Inf): coeficiente de Majority (pertencer ao time maior),apoio_ao_lider,aumentar,"Tabela 2, coluna (1), distribuição 3 vs. 4 (probit de efeitos aleatórios)",sim,eleitorado dividido 3 vs. 4,beta_sd,,,,,,,,,,0.305,0.108,,,,,,,854,,,Distribution of Preferences 3 vs. 4 2 vs. 5 1 vs. 6 ... Majority 0.305*** (0.108) 0.175 (0.184) -0.339 (0.332) ... Observations 854 378 203,46,,,,,sem_calculo,,,beta_sd exige sdy > 0 (DP de Y no grupo de controle),,,,,,,,,,pesquisa_pre_eleitoral,sem_pesquisa,lider,lab_preferencias_induzidas,outro,simulada_abstrata,induzido,sim,regra_do_experimento,algumas_preocupacoes,principal,
Klor2017a-E06,Klor2017a,Klor2017a,ES1563,RCT (experimento de laboratório; comparação intraindividual antes/depois da revelação da distribuição),ATE,taxa média de comparecimento antes e depois da revelação da distribuição de preferências,mobilizacao,aumentar,Figura 1 e teste de sinais bilateral relatado no texto,sim,eleitorado dividido 3 vs. 4,p_n,0.4,,,,,,3.125,,,,,,,,,,<0.001,84,,,"the average turnout rate before the provision of information is slightly below 25 percent, the average turnout rate for a distribution of teams of sizes three and four is 40 percent ... z = 3:125; p < 0:001;",14,,,,,sem_calculo,,,"p ausente ou fora de (0, 1]",,,,,,,,,,pesquisa_pre_eleitoral,sem_pesquisa,lider,lab_preferencias_induzidas,outro,simulada_abstrata,induzido,sim,regra_do_experimento,moderado,mobilizacao,
Lago2015-E01,Lago2015,Lago2015,ES4157,"transversal (regressão MQO entre 46 países, EP robustos)",associacao,"percentage of wasted votes (votos em partidos sem representação parlamentar, nível nacional, última eleição para a Câmara Baixa; em proporção 0-1)",apoio_ao_lider,reduzir,"Tabela 2, Modelo 3 (interativo; MQO, EP robustos): termo de interação ENEP × nº de dias de embargo de pesquisas antes do dia da eleição, com sinal trocado para orientar como exposição a pesquisas (−dias de embargo); coeficiente impresso do embargo = .002; unidade: proporção de votos desperdiçados por dia × unidade de ENEP; controles: ENEP, cláusula legal nacional, % assentos no tier superior, (inverso) idade da democracia",sim,,beta_sd,,,,,,,,,,-0.002,0.001,0.062,,,,,<0.01,46,,,Model 3 ... ENEP*#Days of Poll Embargo ... .002** (.001),34,,0.031705069124424,0.000251302852046125,0.015852534562212,beta_sd,0,invertido,,,,,,,,,,,pesquisa_pre_eleitoral,unidades_nao_expostas,terceiro_inviavel,outro,america_latina + brasil + outro,candidato_partido,real,nao,outro,grave,viabilidade,
Lammers2022a-E01,Lammers2022a,Lammers2022a,ES1621,RCT (vinheta; atribuicao aleatoria individual a uma de quatro celulas de um desenho fatorial 2x2 entre participantes),ATE,self-reported likelihood (1-7) of switching voting intentions: switch to the leading candidate (bandwagon effect),apoio_ao_lider,aumentar,"Estudo 2a (EUA, N = 202), Tabela 3 e texto da p. 685 impressa (folha 10 do PDF): ANOVA 2x2 (posicao inicial x fator) e teste t do efeito simples do fator entre os participantes cujo candidato preferido foi mostrado ATRAS na pesquisa (10%); grupo 1 = processamento heuristico, grupo 2 = consideracao moral de igualdade; desfecho = probabilidade declarada de migrar para o candidato lider (efeito bandwagon), diretamente na polaridade de apoio_ao_lider. Sem controles. d de Cohen informado pelos autores com IC95",sim,,d,4.02,1.41,,2.92,1.60,,3.67,99,,0.73,,,,0.33,1.13,,<0.001,202,,,"... switch to the leading candidate (show a bandwagon effect) ... heuristic processing (M = 4.02, SD = 1.41) than ... moral considerations for equality (M = 2.92, SD = 1.60), t(99) = 3.67, p < .001, d = .73, 95% CId [0.33, 1.13]",10,,0.727259073842303,0.0413386583510281,0.203319104736933,d_informado,0,mantido,d e EP informados pelo estudo,,,,,,,,,,pesquisa_pre_eleitoral,mesmo_candidato_atras,lider,survey_experiment,outro,simulada_abstrata,hipotetico,nao,regra_do_experimento,alto,principal,
Lammers2022a-E03,Lammers2022a,Lammers2022a,ES1621,RCT (vinheta; atribuicao aleatoria individual a uma de quatro celulas de um desenho fatorial 2x2 entre participantes),ATE,self-reported likelihood (1-7) of switching voting intentions: switch to the leading candidate (bandwagon effect),apoio_ao_lider,aumentar,"Estudo 2b (replicacao pre-registrada na UE/Reino Unido, N = 200), Tabela 4 e texto da p. 685 impressa (folha 10 do PDF): ANOVA 2x2 (posicao inicial x fator) e teste t do efeito simples do fator entre os participantes cujo candidato preferido foi mostrado ATRAS na pesquisa (10%); grupo 1 = processamento heuristico, grupo 2 = consideracao moral de igualdade; desfecho = probabilidade declarada de migrar para o candidato lider (efeito bandwagon), diretamente na polaridade de apoio_ao_lider. Sem controles. d de Cohen informado pelos autores com IC95",sim,,d,3.74,1.46,,2.91,1.42,,2.88,98,,0.58,,,,0.17,0.97,,0.005,200,,,"... switch to the leading candidate (show a bandwagon effect) ... heuristic processing (M = 3.74, SD = 1.46) than ... moral considerations for equality (M = 2.91, SD = 1.42), t(98) = 2.88, p = .005, d = .58, 95% CId [.17, 0.97]",10,,0.5778002528445,0.0413355069781974,0.20331135476947,d_informado,0,mantido,d e EP informados pelo estudo,,,,,,,,,,pesquisa_pre_eleitoral,mesmo_candidato_atras,lider,survey_experiment,outro,simulada_abstrata,hipotetico,nao,regra_do_experimento,alto,principal,
Meer2015a-E01,Meer2015a,Meer2015a,ES1536,"RCT (experimento de survey, aleatorizacao individual)",ATE,intention to vote for the PvdA,apoio_ao_lider,aumentar,"Tabela 2 (p. 29), Modelo 1: ponto de referencia crescimento vs. resultado seco da pesquisa",sim,,or,,,,,,,,,,0.23,0.13,,1.2586,,,,0.045,10643,,,* Reference point: growth 0.23 (0.13) *,29,,0.126796703859827,0.00513625988835743,0.0716677046399382,or_logit,0,mantido,assume distribuição logística latente (d = ln(OR)·√3/π); se interpretado como EP de ln(OR),,,,,,,,,,pesquisa_pre_eleitoral,outro,segundo_viavel,survey_experiment,outro,candidato_partido,real,nao,proporcional,algumas_preocupacoes,viabilidade,
Meffert2011-E01,Meffert2011,Meffert2011,ES1527,RCT (experimento de laboratorio com atribuicao aleatoria individual),ATE,Insincere vote (voto em partido diferente do mais preferido),apoio_ao_lider,reduzir,"Tabela 4, coluna 'With perceptions', logit, coeficiente de 'Close poll (manipulation)'; controles: percepcoes (distancia percebida da clausula, percepcao do sinal), 'Party no chance', sinal de coalizao, ideologia, PID, preferencia, voto habitual, conhecimento, pequeno partido, sexo; tratamento = condicao close/failure (pequeno partido preferido na pesquisa manipulada a '5 per cent' para apoiadores de partido grande ou '4 per cent' para apoiadores de partido pequeno); comparacao = condicoes seguras agrupadas: controle (partido grande '41 per cent' e pequeno '10 per cent') e competition (tres pequenos a cerca de '7 per cent')",sim,,or,,,,,,,,,,-0.51,0.52,,0.6005,,,,,200,,,Close poll (manipulation) -0.18 (0.48) -0.51 (0.52),26,,0.280107279214106,0.0815694745282485,0.285603701881205,or_logit,0,invertido,assume distribuição logística latente (d = ln(OR)·√3/π); se interpretado como EP de ln(OR),,,,,12,,,,,pesquisa_pre_eleitoral,outro,nao_se_aplica,lab_candidatos_reais,outro,candidato_partido,real,sim,proporcional,alto,momentum_outro,
Morton2015a-E12,Morton2015a,Morton2015a,ES1522,DiD (experimento natural: reforma eleitoral francesa de 2005),ATT,turnout (comparecimento por departamento e turno),mobilizacao,aumentar,"Tabela 5, coluna (1) (tendencia linear por departamento (105), dummies de OST e de turno, EP agrupado)",sim,,dif_prop,,,,,,,,,,,,,,,,,,1260,,,Treatment Eﬀect 0.11∗∗∗ 0.09∗∗∗ 0.14∗∗∗ 0.18∗∗∗ (0.02) (0.02) (0.02) (0.01),27,,-0.250826190104561,0.00195711321288077,0.044239272291492,dif_prop_lpm,1,mantido,"d via log OR (Chinn 2000): pressupõe distribuição logística latente; p1 reconstruído como p0 + efeito_pp/100; Var(ln OR) pelo EP do efeito em pp (método delta, p0 fixo); efeito de LPM/DiD/RDD: conversão aproximada (sensibilidade sem aproximados)",,,,,,0.64,,-11,2,boca_de_urna,antes_depois_proibicao,lider,experimento_natural,outro,candidato_partido,real,nao,maioria_dois_turnos,alto,mobilizacao,
Morton2015a-E41,Morton2015a,Morton2015a,ES1522,DiD (experimento natural: reforma eleitoral francesa de 2005),ATT,"vote difference in the western OST (∆treated,st)",apoio_ao_lider,aumentar,"Tabela 8, coluna 'Full Sample' (amostra completa; diferenca delta das inclinacoes pre e pos-2005 da equacao (2), MQO, EP agrupado por departamento)",sim,,beta_sd,,,,,,,,,,5.22,2.04,,,,,,,60,,,Diﬀerence δ −5.22 -11.49 Standard errors: OLS (2.91)∗ (5.62)∗∗ Clustered by department (2.04)∗ (3.78)∗∗ Bootstrapped (1.23)∗∗∗ (5.76)∗∗ Block bootstrapped by department (1.73)∗∗∗ (3.31)∗∗∗ N 60 50,34,,,,,sem_calculo,,,beta_sd exige sdy > 0 (DP de Y no grupo de controle),,,,,,,,,,boca_de_urna,antes_depois_proibicao,lider,experimento_natural,outro,candidato_partido,real,nao,maioria_dois_turnos,alto,principal,
Schlegel2023-E01,Schlegel2023,Schlegel2023,ES3994,"RCT (fatorial 2x2x2 entre sujeitos, survey experiment online no Prolific)",ATE,voto estratégico (strategic voting) na eleição simulada,apoio_ao_lider,aumentar,"Fig. 2, painel High Incentive, linha Information & Cognitive Resources: alta informação (pesquisas com menor variação entre institutos) + sem carga cognitiva vs. baixa informação + carga cognitiva (condição de controle), efeito na probabilidade de votar estrategicamente; desfecho contado = voto no Candidato B (empatado na liderança com C nas pesquisas) em vez do preferido A (menor chance); amostra: estudo principal pré-registrado (N recrutado 2500)",sim,estudo principal pré-registrado; alto incentivo,dif_prop,,,,,,,,,,11.0,,,,4.51,18.41,,,,,,is increased by 11 percentage points in the high information/cognitive resources condition (17 percentage points in the pilot study),5,,,,,sem_calculo,,,"d via log OR (Chinn 2000): pressupõe distribuição logística latente; dif_prop exige p0 (proporção no controle) em (0, 1); percentual vira proporção",,,,,,,,11,3.55,pesquisa_pre_eleitoral,outro,lider,survey_experiment,outro,candidato_partido,hipotetico,nao,pluralidade,algumas_preocupacoes,principal,efeito_pp
Schlegel2023-E02,Schlegel2023,Schlegel2023,ES3994,"RCT (fatorial 2x2x2 entre sujeitos, survey experiment online no Prolific)",ATE,voto estratégico (strategic voting) na eleição simulada,apoio_ao_lider,aumentar,"Fig. 2, painel High Incentive, linha Information & Cognitive Resources: alta informação (pesquisas com menor variação entre institutos) + sem carga cognitiva vs. baixa informação + carga cognitiva (condição de controle), efeito na probabilidade de votar estrategicamente; desfecho contado = voto no Candidato B (empatado na liderança com C nas pesquisas) em vez do preferido A (menor chance); amostra: estudo piloto (N recrutado 1000)",sim,estudo piloto; alto incentivo,dif_prop,,,,,,,,,,17.0,,,,6.62,26.56,,,,,,the high information/cognitive resources condition (17 percentage points in the pilot study),5,,,,,sem_calculo,,,"d via log OR (Chinn 2000): pressupõe distribuição logística latente; dif_prop exige p0 (proporção no controle) em (0, 1); percentual vira proporção",,,,,,,,17,5.09,pesquisa_pre_eleitoral,outro,lider,survey_experiment,outro,candidato_partido,hipotetico,nao,pluralidade,algumas_preocupacoes,principal,efeito_pp
Stolwijk2016a-E01,Stolwijk2016a,Stolwijk2016a,ES1548,"painel de duas ondas com controles (observacional, não randomizado)",associacao,"vote choice (Zweitstimme, onda 2)",apoio_ao_lider,aumentar,"Tabela 1 (p. 567), regressão logística da escolha de voto: linha Poll exposure index (índice contínuo de exposição a reportagens de pesquisas sobre o partido); controles: vote choice (wave 1), poll valence, amount of polls, change in vote share, party rating (w1), anxiety (w1), enthusiasm (w1), age, gender, education; EP robusto agrupado por respondente",sim,,or,,,,,,,,,,0.00995,,,1.01,,,,,6384,6,0.05,Poll exposure index 0.01 ... (0.00) 1.01,14,,,,,sem_calculo,,,assume distribuição logística latente (d = ln(OR)·√3/π); OR exige EP de ln(OR) ou IC95,,,,,,,,,,pesquisa_pre_eleitoral,outro,lider,painel_individual,outro,candidato_partido,real,nao,misto,grave,principal,ln(or_)
Stolwijk2019b-E03,Stolwijk2019b,Stolwijk2019b,ES1611,pareamento (escore de propensao CBPS como covariavel),ATT,turnout,mobilizacao,aumentar,"Tabela 1 (p. 351 impressa; folha 12 do PDF), coluna 3 (CBPS logit), linha Poll exposure; unica covariavel = Propensity to see polls (CBPS)",sim,,or,,,,,,,,,,0.139,,,1.77,,,,<0.01,747,,,Poll exposure 1.25*** (3.50) 0.67** (1.99) 0.57** (1.77) ... N 747 728 747 ... increases the predicted probability of turnout from 36.5% (not seen polls) to 50.4% (did see polls),12,,,,,sem_calculo,,,assume distribuição logística latente (d = ln(OR)·√3/π); OR exige EP de ln(OR) ou IC95,,,,,,0.365,0.504,,,pesquisa_pre_eleitoral,unidades_nao_expostas,nao_se_aplica,painel_individual,outro,candidato_partido,real,nao,proporcional,grave,mobilizacao,p1-p0
Tal2015a-E01,Tal2015a,Tal2015a,ES1544,RCT (sorteio da configuração da pesquisa e da ordem de preferências a cada instância de jogo),ATE,voting ratio for qi (proporção de votos no candidato mais preferido),apoio_ao_lider,aumentar,"Figura 5 (condição n = 1.009 eleitores, grupo C): qi coincide com o líder da pesquisa vs. qi é o segundo colocado",sim,,dif_prop,,,,,,,,,,0.22,,,,,,,,,,,subjects overwhelmingly voted for their most-preferred candidate when it coincided with the leader of the poll (92%) and most subjects also voted for the most-preferred candidate when it was the runner-up in the poll (70%),6,,,,,sem_calculo,,,d via log OR (Chinn 2000): pressupõe distribuição logística latente; dif_prop exige se_pp (ou IC do efeito em pp) ou n1 e n2,,,,,,0.70,0.92,,,pesquisa_pre_eleitoral,mesmo_candidato_atras,lider,lab_preferencias_induzidas,outro,simulada_abstrata,induzido,nao,regra_do_experimento,alto,principal,p1-p0
Tal2015a-E02,Tal2015a,Tal2015a,ES1544,RCT (sorteio da configuração da pesquisa e da ordem de preferências a cada instância de jogo),ATE,"compromise ratio (proporção de votos no segundo preferido, q'i, quando qi é o último da pesquisa)",apoio_ao_lider,aumentar,"Figura 6 (condição n = 1.009 eleitores, grupo C, qi em último na pesquisa): q'i lidera a pesquisa vs. q'i é o segundo colocado",sim,,dif_prop,,,,,,,,,,0.09,,,,,,,,,,,"compromises are slightly more common (73%) when q′i is leading the poll (bottom bar), than when it is the runner-up (64% top bar)",6,,,,,sem_calculo,,,d via log OR (Chinn 2000): pressupõe distribuição logística latente; dif_prop exige se_pp (ou IC do efeito em pp) ou n1 e n2,,,,,,0.64,0.73,,,pesquisa_pre_eleitoral,mesmo_candidato_atras,lider,lab_preferencias_induzidas,outro,simulada_abstrata,induzido,nao,regra_do_experimento,alto,principal,p1-p0
Timotei2013a-E01,Timotei2013a,Timotei2013a,ES1876,RCT (experimento de survey),ATE,% de respondentes em favor do candidato A (candidato anunciado como vencedor esperado nesse braço),apoio_ao_lider,aumentar,"Experimento ""Fake Poll"": Figura 8 (grupo A: informado que o candidato A é o vencedor esperado) vs. Figura 7 (grupo de controle); comparação descrita no texto corrido da p. 1842 (p. 8 do PDF); sem tabela de regressão no artigo",sim,,dif_prop,,,40,,,40,,,,,,,,,,,,80,,,the number of respondents who are in favour of candidate A has increase from 40% to 46%,8,,0.133839462898274,0.0610597462313102,0.247102703812221,dif_prop_contagens,0,mantido,d via log OR (Chinn 2000): pressupõe distribuição logística latente,,,,,,0.40,0.46,,,pesquisa_pre_eleitoral,sem_pesquisa,lider,survey_experiment,outro,candidato_partido,hipotetico,nao,999,algumas_preocupacoes,principal,
Tyszler2015-E01,Tyszler2015,Tyszler2015,ES2996,RCT por cluster (experimento de laboratório; informação variada entre eleitorados/sessões),ATE,Fração de eleições cujo vencedor está no Majoritarian Set (opção ou opções com mais apoio sincero),apoio_ao_lider,aumentar,"Figura 4 (p. 27 impressa), barras Majoritarian Set, informado (pesquisa sem ruído com a distribuição de preferências) vs. desinformado, um=3; candidato à frente = Majoritarian Set/Majoritarian Candidate da distribuição sincera revelada; desfecho contado = vitória de opção do Majoritarian Set; N = eleitorados (6 por braço, 12 eleitores e 40 eleições cada)",sim,um=3 (valor baixo da opção intermediária),dif_prop,,,6,,,6,,,,,,,,,,,,12,,,"In our experiment, we observe this 72-88% of the time with uninformed voters and 93-96% of the time when voters know each others’ preferences (cf. figure 4).",22,,0.302429775671195,1.071851600493,1.0353026612991,dif_prop_contagens,0,mantido,d via log OR (Chinn 2000): pressupõe distribuição logística latente,,,,,,0.88,0.93,,,pesquisa_pre_eleitoral,sem_pesquisa,lider,lab_preferencias_induzidas,outro,simulada_abstrata,induzido,sim,regra_do_experimento,algumas_preocupacoes,principal,
Unkelbach2022a-E02,Unkelbach2022a,Unkelbach2022a,ES1652,"transversal (rolling cross-section; regressao logistica multinivel, observacional, nao randomizado)",associacao,voting intention for the SPD,apoio_ao_lider,aumentar,"Tabela 2 (p. 69 impressa; folha 19 do PDF), coluna SPD: regressao logistica multinivel (lme4), CMVI como preditor de nivel 2, SES objetiva no nivel 1 e interacao entre niveis CMVI x SES, defasagem de 1 dia; mesma estimativa relatada no texto (p. 67 impressa) e interpretada no resumo e na conclusao",sim,,or,,,,,,,,,,0.102,0.041,,1.107,1.022,1.201,,0.006,5291,,0.005,"For the SPD, CMVI was positively associated with voting intention14: β= 0.102, SE= 0.041, OR= 1.107, 95% CI [1.022, 1.201], p= 0.006",17,,0.0560366489153379,0.000510817819678147,0.0226012791602189,or_logit,0,mantido,assume distribuição logística latente (d = ln(OR)·√3/π); se interpretado como EP de ln(OR),,,,,,,,,,pesquisa_pre_eleitoral,outro,lider,outro,outro,candidato_partido,real,nao,proporcional,critico,principal,
Urminsky2019-E01,Urminsky2019,Urminsky2019,ES3802,"RCT (survey experiment, atribuição individual)",ATE,self-reported likelihood of voting,mobilizacao,aumentar,"Estudo 1: comparação de médias chance vs. margem (teste t), sem controles; General Discussion",sim,,t,4.20,,,4.46,,,-1.47,223,,,,,,,,,0.143,225,,,"non-significant difference in the self-reported likelihood of voting (Study 1: Mchance-forecast-displayed = 4.20 vs. Mmargin-forecast-displayed = 4.46, t(223) = 1.47, d = - 0.20, p = .143)",49,,-0.195340067340067,0.0177430586260661,0.133203072885223,t_ind_n_total,1,mantido,assume t de dois grupos independentes sem covariáveis; grupos assumidos iguais (n_total/2),,,,,,,,,,agregador_projecao,outro,nao_se_aplica,survey_experiment,outro,candidato_partido,real,nao,outro,algumas_preocupacoes,mobilizacao,
Westwood2020a-E01,Westwood2020a,Westwood2020a,ES1523,"RCT (experimento comportamental online, sorteio dos valores exibidos a cada rodada)",ITT,decision to vote ($1 cost),mobilizacao,aumentar,"Estudo 2 (jogo comportamental, Qualtrics Panels): modelo multinivel de probabilidade linear com interceptos aleatorios por participante e gl de Satterthwaite (nota 15); inclinacao da distancia da probabilidade de vitoria exibida em relacao a 50:50 (fig. 8A), b = -0.17 por ponto; contraste de +20 pontos acima de 50:50",sim,,dif_prop,,,,,,,-4.1,,,,,,,-5.1,-1.8,,0.000042,5845,5,0.05,"an increase of 20% over even odds in this study lowered voting by 3.4% (95% CI: 1.8%, 5.1%)",11,,-0.0954132660571214,0.000516479660243951,0.0227261888631585,dif_prop_lpm,1,mantido,"d via log OR (Chinn 2000): pressupõe distribuição logística latente; p1 reconstruído como p0 + efeito_pp/100; Var(ln OR) pelo EP do efeito em pp (método delta, p0 fixo); efeito de LPM/DiD/RDD: conversão aproximada (sensibilidade sem aproximados); cluster: EP informado presumido já ajustado ao delineamento",,,,,,0.748,,-3.4,,agregador_projecao,outro,nao_se_aplica,lab_preferencias_induzidas,outro,simulada_abstrata,induzido,nao,regra_do_experimento,algumas_preocupacoes,mobilizacao,
Witsman2016a-E01,Witsman2016a,Witsman2016a,ES1901,"RCT (survey experiment online, atribuição aleatória individual entre 15 versões do cenário 1)",ATE,"Voted for Independent Candidate (voto no candidato independente preferido, binário)",apoio_ao_lider,aumentar,"Tabela 6 (cenário 1), tabulação cruzada Percent in Polls x Voted for Independent Candidate; qui-quadrado de independência sem controles; contraste tratamento = independente a 45% na pesquisa (à frente; R e D com cerca da metade do restante) vs comparação = independente a 5% (atrás); proporções = contagens Yes/Total",sim,,dif_prop,,,58,,,84,,,,,,,,,,,,,,,No Yes Total Count 38 46 84 5% ... Count 8 50 58 Percent in Polls 45%,33,,0.900164106815191,0.0580535012011318,0.240942941795629,dif_prop_contagens,0,mantido,d via log OR (Chinn 2000): pressupõe distribuição logística latente,,,,,,0.547619,0.862069,,,pesquisa_pre_eleitoral,outro,lider,survey_experiment,outro,candidato_partido,hipotetico,nao,pluralidade,alto,principal,
