id_rs,chave,doi,id_openalex,metodo_resolucao,score_titulo,n_referencias,n_citacoes
RS1522,Morton2015a,10.1016/j.euroecorev.2015.03.012,W2120943738,id_fonte,,33,112
RS1523,Westwood2020a,10.1086/708682,W2787255222,id_fonte,,42,76
RS1524,Dahlgaard2017a,10.1111/1467-9477.12094,W2615338023,id_fonte,,28,48
RS1527,Meffert2011,10.1111/j.1475-6765.2010.01986.x,W3022700470,id_fonte,,66,111
RS1528,Dahlgaard2016a,10.1515/wps-2016-0012,W2536027144,id_fonte,,21,19
RS1536,Meer2015a,10.1093/ijpor/edu041,W1986431494,id_fonte,,50,73
RS1544,Fairstein2019a,10.65109/srvt6467,W2945313322,id_fonte,,23,6
RS1546,Chatterjee2019a,10.2139/ssrn.3332196,W3152177089,id_fonte,,12,2
RS1547,Fairstein2018a,10.48550/arxiv.1805.07606,W2803533116,id_fonte,,18,1
RS1548,Stolwijk2016a,10.1093/ijpor/edw018,W2473652797,id_fonte,,50,52
RS1556,Farjam2020a,10.1093/ijpor/edaa008,W3009820143,id_fonte,,42,37
RS1563,Klor2017a,10.1111/jpet.12274,W3123280362,id_fonte,,29,12
RS1577,Geers2018,10.1057/s41269-018-0089-x,W2801674850,id_fonte,,71,6
RS1587,Gerber2020a,10.1257/app.20180574,W2581218977,id_fonte,,72,66
RS1589,Groer2010a,10.1111/j.1540-5907.2010.00455.x,W1516059240,id_fonte,,43,6
RS1591,Dahlgaard2015a,10.7146/politica.v47i1.131475,W4250298859,id_fonte,,0,1
RS1596,Grillo2024c,10.3917/reco.pr2.0188,W4280513481,id_fonte,,16,1
RS1601,Bursztyn2023a,10.1093/jeea/jvad038,W3121591129,id_fonte,,51,19
RS1611,Stolwijk2019b,10.1177/1465116519837351,W2928977174,id_fonte,,59,5
RS1621,Lammers2022a,10.5964/jspp.9241,W4310387176,id_fonte,,81,12
RS1622,Kaplan2019a,10.1184/r1/9338318.v1,W2975714971,id_fonte,,22,1
RS1625,Cornejo2023a,10.14201/rlop.29606,W4315491194,id_fonte,,63,1
RS1627,Bursztyn2017b,10.3386/w23490,W3049324242,id_fonte,,54,26
RS1637,Stolwijk2017a,,W2592673399,id_fonte,,0,2
RS1646,Bursztyn2017c,,W2623272291,id_fonte,,0,23
RS1652,Unkelbach2022a,10.1007/s11615-022-00417-3,W4290989922,id_fonte,,54,1
RS1689,Freden2016b,10.13140/rg.2.1.3580.3125,W2309401554,id_fonte,,34,3
RS1694,Gerber2017b,10.3386/w23071,W3039908478,id_fonte,,105,13
RS1705,Brugarolas2021,10.1017/pan.2020.50,W3132526221,id_fonte,,24,7
RS1799,Agranov2012a,10.2139/ssrn.2029598,W3123743469,id_fonte,,30,0
RS1803,Fichnova2015a,,W2549305614,id_fonte,,3,0
RS1876,Timotei2013a,,W67633167,id_fonte,,0,0
RS1893,Alabrese2024a,10.2139/ssrn.4803850,W4395471271,id_fonte,,60,0
RS1901,Witsman2016a,,W2738970727,id_fonte,,0,0
RS1923,Alabrese2022a,10.2139/ssrn.4265932,W4312674557,id_fonte,,0,1
RS2240,Gerber2017c,,W3125336384,id_fonte,,0,0
RS2247,Boukouras2020a,10.2139/ssrn.3644952,W3130345089,id_fonte,,21,3
RS2496,Tal2015a,10.65109/dngc7810,W7124171328,id_fonte,,0,0
