ordem,id,bloco,bloco_rotulo,bloco_sentido,familia,comparador,classe,classe_rotulo,rotulo_linha,k,n_com_direcao,n_a_favor,n_contra,n_mistos,n_nulos,proporcao,ic_inf,ic_sup,rotulo_xy,marca,maioria,certeza,certeza_nivel,certeza_texto,rotulo_marca,excluidos_critico
1,C01,apoio_principal,Apoio a quem aparece à frente,a favor = bandwagon,pesquisa_pre_eleitoral,sem_pesquisa,randomizado,randomizado,pesquisa × sem pesquisa,4,4,4,0,0,0,1,0.397635364383525,1,4 de 4,proporcao,a_favor,muito_baixa,1,muito baixa,,
2,C02,apoio_principal,Apoio a quem aparece à frente,a favor = bandwagon,pesquisa_pre_eleitoral,mesmo_candidato_atras,randomizado,randomizado,pesquisa × mesmo candidato atrás,4,4,4,0,0,0,1,0.397635364383525,1,4 de 4,proporcao,a_favor,muito_baixa,1,muito baixa,,
3,C03,apoio_principal,Apoio a quem aparece à frente,a favor = bandwagon,pesquisa_pre_eleitoral,outro_resultado,randomizado,randomizado,pesquisa × outro resultado,1,1,1,0,0,0,1,0.025,1,1 de 1,proporcao,a_favor,muito_baixa,1,muito baixa,,
4,C04,apoio_principal,Apoio a quem aparece à frente,a favor = bandwagon,pesquisa_pre_eleitoral,outro_resultado,nao_randomizado,não randomizado,pesquisa × outro resultado,1,1,1,0,0,0,1,0.025,1,1 de 1,proporcao,a_favor,muito_baixa,1,muito baixa,,
5,C05,apoio_principal,Apoio a quem aparece à frente,a favor = bandwagon,boca_de_urna,antes_depois_proibicao,nao_randomizado,não randomizado,boca de urna × antes e depois da proibição,2,2,1,1,0,0,0.5,0.0125791170934251,0.987420882906575,1 de 2,proporcao,empate,muito_baixa,1,muito baixa,,
6,C06,apoio_principal,Apoio a quem aparece à frente,a favor = bandwagon,outro,unidades_nao_expostas,nao_randomizado,não randomizado,apuração parcial × unidades não expostas,1,1,1,0,0,0,1,0.025,1,1 de 1,proporcao,a_favor,muito_baixa,1,muito baixa,,
7,C07,viabilidade,Viabilidade,a favor = apoio à opção viável,pesquisa_pre_eleitoral,sem_pesquisa,randomizado,randomizado,pesquisa × sem pesquisa,1,1,1,0,0,0,1,0.025,1,1 de 1,proporcao,a_favor,muito_baixa,1,muito baixa,,
8,C08,viabilidade,Viabilidade,a favor = apoio à opção viável,pesquisa_pre_eleitoral,outro_resultado,randomizado,randomizado,pesquisa × outro resultado,2,1,1,0,1,0,1,0.025,1,1 de 1 (+1 misto),proporcao,a_favor,muito_baixa,1,muito baixa,,
9,C09,momentum,Momentum,a favor = apoio a quem ganha apoio,pesquisa_pre_eleitoral,sem_pesquisa,randomizado,randomizado,pesquisa × sem pesquisa,1,1,1,0,0,0,1,0.025,1,1 de 1,proporcao,a_favor,muito_baixa,1,muito baixa,,
10,C10,momentum,Momentum,a favor = apoio a quem ganha apoio,pesquisa_pre_eleitoral,outro,randomizado,randomizado,pesquisa × outro comparador,1,1,1,0,0,0,1,0.025,1,1 de 1,proporcao,a_favor,muito_baixa,1,muito baixa,,
11,C11,momentum,Momentum,a favor = apoio a quem ganha apoio,pesquisa_pre_eleitoral,outro_resultado,nao_randomizado,não randomizado,pesquisa × outro resultado,1,1,1,0,0,0,1,0.025,1,1 de 1,proporcao,a_favor,muito_baixa,1,muito baixa,,Unkelbach2022a
12,C12,mobilizacao,Comparecimento,a favor = mobilização,pesquisa_pre_eleitoral,sem_pesquisa,randomizado,randomizado,pesquisa × sem pesquisa,3,3,2,1,0,0,0.666666666666667,0.0942993240502461,0.991596241340387,2 de 3,proporcao,a_favor,muito_baixa,1,muito baixa,,
13,C13,mobilizacao,Comparecimento,a favor = mobilização,pesquisa_pre_eleitoral,outro_resultado,randomizado,randomizado,pesquisa × outro resultado,1,0,0,0,0,1,,,,1 nulo,nulo,,moderada,3,moderada,nulo por ±δ,
14,C14,mobilizacao,Comparecimento,a favor = mobilização,agregador_projecao,outro_resultado,randomizado,randomizado,agregador ou projeção × outro resultado,1,1,0,1,0,0,0,0,0.975,0 de 1,proporcao,contra,baixa,2,baixa,,
15,C15,mobilizacao,Comparecimento,a favor = mobilização,pesquisa_pre_eleitoral,sem_pesquisa,nao_randomizado,não randomizado,pesquisa × sem pesquisa,1,1,1,0,0,0,1,0.025,1,1 de 1,proporcao,a_favor,muito_baixa,1,muito baixa,,
16,C16,mobilizacao,Comparecimento,a favor = mobilização,boca_de_urna,outro_resultado,nao_randomizado,não randomizado,boca de urna × outro resultado,1,1,0,1,0,0,0,0,0.975,0 de 1,proporcao,contra,muito_baixa,1,muito baixa,,
17,C17,mobilizacao,Comparecimento,a favor = mobilização,boca_de_urna,antes_depois_proibicao,nao_randomizado,não randomizado,boca de urna × antes e depois da proibição,2,1,0,1,1,0,0,0,0.975,0 de 1 (+1 misto),proporcao,contra,muito_baixa,1,muito baixa,,
18,C18,mobilizacao,Comparecimento,a favor = mobilização,pesquisa_pre_eleitoral,unidades_nao_expostas,nao_randomizado,não randomizado,pesquisa × unidades não expostas,2,2,2,0,0,0,1,0.158113883008419,1,2 de 2,proporcao,a_favor,baixa,2,baixa,,
19,vazia,mobilizacao,Comparecimento,a favor = mobilização,agregador_projecao,sem_pesquisa,nao_randomizado,não randomizado,agregador ou projeção × sem pesquisa,0,0,0,0,0,0,,,,k = 0,vazia,,,,não julgada,sem estudo,Kaplan2019a
