ordem,painel,bloco,bloco_rotulo,classe,classe_rotulo,secao,celula_id,rotulo_celula,ordem_celula,chave,construto,celula_alvo,direcao,glifo,direcao_rotulo,italico,rob_geral,rob_rotulo,rob_nivel,excluido_critico,nota,desenho_fino,regra
1,principal,apoio_principal,Apoio a quem aparece à frente,randomizado,randomizado,"Apoio a quem aparece à frente, randomizado",C01,pesquisa × sem pesquisa,0,Agranov2017a,apoio_ao_lider,principal,benefico,a_favor,bandwagon,1,algumas_preocupacoes,algumas preocupações,2,0,,lab_preferencias_induzidas,modelo_principal
2,principal,apoio_principal,Apoio a quem aparece à frente,randomizado,randomizado,"Apoio a quem aparece à frente, randomizado",C01,pesquisa × sem pesquisa,0,Tyszler2015,apoio_ao_lider,principal,benefico,a_favor,bandwagon,1,algumas_preocupacoes,algumas preocupações,2,0,,lab_preferencias_induzidas,consistencia>=70%
3,principal,apoio_principal,Apoio a quem aparece à frente,randomizado,randomizado,"Apoio a quem aparece à frente, randomizado",C01,pesquisa × sem pesquisa,0,Farjam2020a,apoio_ao_lider,principal,benefico,a_favor,bandwagon,1,algumas_preocupacoes,algumas preocupações,2,0,,lab_candidatos_reais,modelo_principal
4,principal,apoio_principal,Apoio a quem aparece à frente,randomizado,randomizado,"Apoio a quem aparece à frente, randomizado",C01,pesquisa × sem pesquisa,0,Timotei2013a,apoio_ao_lider,principal,benefico,a_favor,bandwagon,1,algumas_preocupacoes,algumas preocupações,2,0,,survey_experiment,modelo_principal
5,principal,apoio_principal,Apoio a quem aparece à frente,randomizado,randomizado,"Apoio a quem aparece à frente, randomizado",C02,pesquisa × mesmo candidato atrás,1,Tal2015a,apoio_ao_lider,principal,benefico,a_favor,bandwagon,1,alto,alto,3,0,,lab_preferencias_induzidas,consistencia>=70%
6,principal,apoio_principal,Apoio a quem aparece à frente,randomizado,randomizado,"Apoio a quem aparece à frente, randomizado",C02,pesquisa × mesmo candidato atrás,1,Fichnova2015a,apoio_ao_lider,principal,benefico,a_favor,bandwagon,1,alto,alto,3,0,,survey_experiment,efeito_unico
7,principal,apoio_principal,Apoio a quem aparece à frente,randomizado,randomizado,"Apoio a quem aparece à frente, randomizado",C02,pesquisa × mesmo candidato atrás,1,Lammers2022a,apoio_ao_lider,principal,benefico,a_favor,bandwagon,1,alto,alto,3,0,,survey_experiment,consistencia>=70%
8,principal,apoio_principal,Apoio a quem aparece à frente,randomizado,randomizado,"Apoio a quem aparece à frente, randomizado",C02,pesquisa × mesmo candidato atrás,1,Witsman2016a,apoio_ao_lider,principal,benefico,a_favor,bandwagon,1,alto,alto,3,0,,survey_experiment,modelo_principal
9,principal,apoio_principal,Apoio a quem aparece à frente,randomizado,randomizado,"Apoio a quem aparece à frente, randomizado",C03,pesquisa × outro resultado,2,Boukouras2020a,apoio_ao_lider,principal,benefico,a_favor,bandwagon,1,algumas_preocupacoes,algumas preocupações,2,0,,lab_preferencias_induzidas,consistencia>=70%
10,principal,apoio_principal,Apoio a quem aparece à frente,nao_randomizado,não randomizado,"Apoio a quem aparece à frente, não randomizado",C04,pesquisa × outro resultado,3,Feltovich2022,apoio_ao_lider,principal,benefico,a_favor,bandwagon,1,grave,grave,3,0,,lab_preferencias_induzidas,consistencia>=70%
11,principal,apoio_principal,Apoio a quem aparece à frente,nao_randomizado,não randomizado,"Apoio a quem aparece à frente, não randomizado",C05,boca de urna × antes e depois da proibição,4,Chatterjee2019a,apoio_ao_lider,principal,danoso,contra,underdog,1,alto,alto,3,0,,experimento_natural,consistencia>=70%
12,principal,apoio_principal,Apoio a quem aparece à frente,nao_randomizado,não randomizado,"Apoio a quem aparece à frente, não randomizado",C05,boca de urna × antes e depois da proibição,4,Morton2015a,apoio_ao_lider,principal,benefico,a_favor,bandwagon,1,alto,alto,3,0,,experimento_natural,modelo_principal
13,principal,apoio_principal,Apoio a quem aparece à frente,nao_randomizado,não randomizado,"Apoio a quem aparece à frente, não randomizado",C06,apuração parcial × unidades não expostas,5,Araujo2021a,apoio_ao_lider,principal,benefico,a_favor,bandwagon,1,grave,grave,3,0,,experimento_natural,consistencia>=70%
14,principal,viabilidade,Viabilidade,randomizado,randomizado,"Viabilidade, randomizado",C07,pesquisa × sem pesquisa,6,Cornejo2023a,apoio_ao_lider,viabilidade,benefico,a_favor,viabilidade,0,algumas_preocupacoes,algumas preocupações,2,0,,survey_experiment,modelo_principal
15,principal,viabilidade,Viabilidade,randomizado,randomizado,"Viabilidade, randomizado",C08,pesquisa × outro resultado,7,Freden2024a,apoio_ao_lider,viabilidade,misto,misto,misto,0,algumas_preocupacoes,algumas preocupações,2,0,,survey_experiment,consistencia<70%
16,principal,viabilidade,Viabilidade,randomizado,randomizado,"Viabilidade, randomizado",C08,pesquisa × outro resultado,7,Schlegel2023,apoio_ao_lider,viabilidade,benefico,a_favor,viabilidade,0,algumas_preocupacoes,algumas preocupações,2,0,,survey_experiment,consistencia>=70%
17,principal,momentum,Momentum,randomizado,randomizado,"Momentum, randomizado",C09,pesquisa × sem pesquisa,8,Dahlgaard2016a,apoio_ao_lider,momentum,benefico,a_favor,a favor,0,algumas_preocupacoes,algumas preocupações,2,0,,survey_experiment,modelo_principal
18,principal,momentum,Momentum,randomizado,randomizado,"Momentum, randomizado",C10,pesquisa × outro comparador,9,Meer2015a,apoio_ao_lider,momentum,benefico,a_favor,a favor,0,algumas_preocupacoes,algumas preocupações,2,0,,survey_experiment,modelo_principal
19,principal,momentum,Momentum,nao_randomizado,não randomizado,"Momentum, não randomizado",C11,pesquisa × outro resultado,10,Stolwijk2016a,apoio_ao_lider,momentum,benefico,a_favor,a favor,0,grave,grave,3,0,,painel_individual,modelo_principal
20,principal,momentum,Momentum,nao_randomizado,não randomizado,"Momentum, não randomizado",C11,pesquisa × outro resultado,10,Unkelbach2022a,apoio_ao_lider,momentum,benefico,a_favor,a favor,0,critico,crítico,4,1,"risco crítico, fora do teste",outro,consistencia>=70%
21,principal,mobilizacao,Comparecimento,randomizado,randomizado,"Comparecimento, randomizado",C12,pesquisa × sem pesquisa,11,Agranov2017a,mobilizacao,mobilizacao,benefico,a_favor,mobilização,0,algumas_preocupacoes,algumas preocupações,2,0,,lab_preferencias_induzidas,modelo_principal
22,principal,mobilizacao,Comparecimento,randomizado,randomizado,"Comparecimento, randomizado",C12,pesquisa × sem pesquisa,11,Groer2010a,mobilizacao,mobilizacao,benefico,a_favor,mobilização,0,algumas_preocupacoes,algumas preocupações,2,0,,lab_preferencias_induzidas,consistencia>=70%
23,principal,mobilizacao,Comparecimento,randomizado,randomizado,"Comparecimento, randomizado",C12,pesquisa × sem pesquisa,11,Erlich2023,mobilizacao,mobilizacao,danoso,contra,desmobilização,0,alto,alto,3,0,,lab_candidatos_reais,modelo_principal
24,principal,mobilizacao,Comparecimento,randomizado,randomizado,"Comparecimento, randomizado",C13,pesquisa × outro resultado,12,Gerber2020a,mobilizacao,mobilizacao,nulo,nulo,nulo,0,algumas_preocupacoes,algumas preocupações,2,0,,experimento_campo,todos_nulos
25,principal,mobilizacao,Comparecimento,randomizado,randomizado,"Comparecimento, randomizado",C14,agregador ou projeção × outro resultado,13,Westwood2020a,mobilizacao,mobilizacao,danoso,contra,desmobilização,0,algumas_preocupacoes,algumas preocupações,2,0,,lab_preferencias_induzidas,modelo_principal
26,principal,mobilizacao,Comparecimento,nao_randomizado,não randomizado,"Comparecimento, não randomizado",C15,pesquisa × sem pesquisa,14,Klor2017a,mobilizacao,mobilizacao,benefico,a_favor,mobilização,0,moderado,moderado,2,0,,lab_preferencias_induzidas,modelo_principal
27,principal,mobilizacao,Comparecimento,nao_randomizado,não randomizado,"Comparecimento, não randomizado",C16,boca de urna × outro resultado,15,Grillo2024c,mobilizacao,mobilizacao,danoso,contra,desmobilização,0,alto,alto,3,0,,experimento_natural,modelo_principal
28,principal,mobilizacao,Comparecimento,nao_randomizado,não randomizado,"Comparecimento, não randomizado",C17,boca de urna × antes e depois da proibição,16,Chatterjee2019a,mobilizacao,mobilizacao,misto,misto,misto,0,alto,alto,3,0,,experimento_natural,consistencia<70%
29,principal,mobilizacao,Comparecimento,nao_randomizado,não randomizado,"Comparecimento, não randomizado",C17,boca de urna × antes e depois da proibição,16,Morton2015a,mobilizacao,mobilizacao,danoso,contra,desmobilização,0,alto,alto,3,0,,experimento_natural,modelo_principal
30,principal,mobilizacao,Comparecimento,nao_randomizado,não randomizado,"Comparecimento, não randomizado",C18,pesquisa × unidades não expostas,17,Brugarolas2021,mobilizacao,mobilizacao,benefico,a_favor,mobilização,0,moderado,moderado,2,0,,experimento_natural,modelo_principal
31,principal,mobilizacao,Comparecimento,nao_randomizado,não randomizado,"Comparecimento, não randomizado",C18,pesquisa × unidades não expostas,17,Stolwijk2019b,mobilizacao,mobilizacao,benefico,a_favor,mobilização,0,grave,grave,3,0,,painel_individual,modelo_principal
32,principal,mobilizacao,Comparecimento,nao_randomizado,não randomizado,"Comparecimento, não randomizado",vazia,agregador ou projeção × sem pesquisa,18,Kaplan2019a,mobilizacao,mobilizacao,danoso,contra,desmobilização,0,critico,crítico,4,1,"risco crítico, fora do teste",survey_experiment,modelo_principal
33,fora,apoio_principal,Apoio a quem aparece à frente,randomizado,randomizado,"Apoio a quem aparece à frente, randomizado",,pesquisa × mesmo candidato atrás,0,Klor2017a,apoio_ao_lider,principal,benefico,a_favor,bandwagon,1,algumas_preocupacoes,algumas preocupações,2,0,,lab_preferencias_induzidas,modelo_principal
34,fora,apoio_principal,Apoio a quem aparece à frente,randomizado,randomizado,"Apoio a quem aparece à frente, randomizado",,pesquisa × outro resultado,0,Gandhi2019,apoio_ao_lider,principal,danoso,contra,underdog,1,algumas_preocupacoes,algumas preocupações,2,0,,survey_experiment,consistencia>=70%
35,fora,apoio_principal,Apoio a quem aparece à frente,nao_randomizado,não randomizado,"Apoio a quem aparece à frente, não randomizado",,pesquisa × outro resultado,0,Bursztyn2023a,apoio_ao_lider,principal,nulo,nulo,nulo,0,alto,alto,3,0,,experimento_natural,modelo_principal
36,fora,apoio_principal,Apoio a quem aparece à frente,nao_randomizado,não randomizado,"Apoio a quem aparece à frente, não randomizado",,pesquisa × outro resultado,0,Alabrese2024a,apoio_ao_lider,principal,danoso,contra,underdog,1,grave,grave,3,0,,outro,consistencia>=70%
37,fora,viabilidade,Viabilidade,nao_randomizado,não randomizado,"Viabilidade, não randomizado",,pesquisa × outro resultado,0,Alabrese2024a,apoio_ao_lider,viabilidade,misto,misto,misto,0,grave,grave,3,0,,outro,consistencia<70%
38,fora,viabilidade,Viabilidade,nao_randomizado,não randomizado,"Viabilidade, não randomizado",,pesquisa × unidades não expostas,0,Lago2015,apoio_ao_lider,viabilidade,benefico,a_favor,viabilidade,0,grave,grave,3,0,,outro,modelo_principal
39,fora,mobilizacao,Comparecimento,randomizado,randomizado,"Comparecimento, randomizado",,agregador ou projeção × outro comparador,0,Urminsky2019,mobilizacao,mobilizacao,danoso,contra,desmobilização,0,algumas_preocupacoes,algumas preocupações,2,0,,survey_experiment,modelo_principal
40,fora,mobilizacao,Comparecimento,nao_randomizado,não randomizado,"Comparecimento, não randomizado",,pesquisa × outro comparador,0,Geers2018,mobilizacao,mobilizacao,danoso,contra,desmobilização,0,grave,grave,3,0,,painel_individual,consistencia>=70%
41,fora,mobilizacao,Comparecimento,nao_randomizado,não randomizado,"Comparecimento, não randomizado",,pesquisa × outro resultado,0,Bursztyn2023a,mobilizacao,mobilizacao,benefico,a_favor,mobilização,0,baixo,baixo,1,0,,experimento_natural,modelo_principal
42,fora,mobilizacao,Comparecimento,nao_randomizado,não randomizado,"Comparecimento, não randomizado",,pesquisa × outro resultado,0,Alabrese2024a,mobilizacao,mobilizacao,danoso,contra,desmobilização,0,grave,grave,3,0,,outro,modelo_principal
43,fora,outro_alvo,Outro alvo,randomizado,randomizado,"Outro alvo, randomizado",,pesquisa × outro resultado,0,Meffert2011,apoio_ao_lider,outro,benefico,a_favor,positivo,0,alto,alto,3,0,,lab_candidatos_reais,modelo_principal
44,fora,outro_alvo,Outro alvo,nao_randomizado,não randomizado,"Outro alvo, não randomizado",,pesquisa × sem pesquisa,0,Gasperoni2015a,apoio_ao_lider,outro,benefico,a_favor,positivo,0,critico,crítico,4,1,"risco crítico, fora do teste",outro,modelo_principal
